  0
SECTION
  2
HEADER
  9
$ACADVER
  1
AC1021
  9
$ACADMAINTVER
 70
    25
  9
$DWGCODEPAGE
  3
ANSI_1251
  9
$LASTSAVEDBY
  1
ukrse
  9
$INSBASE
 10
0.0
 20
0.0
 30
0.0
  9
$EXTMIN
 10
1.000000000000000E+20
 20
1.000000000000000E+20
 30
1.000000000000000E+20
  9
$EXTMAX
 10
-1.000000000000000E+20
 20
-1.000000000000000E+20
 30
-1.000000000000000E+20
  9
$LIMMIN
 10
0.0
 20
0.0
  9
$LIMMAX
 10
12.0
 20
9.0
  9
$ORTHOMODE
 70
     0
  9
$REGENMODE
 70
     1
  9
$FILLMODE
 70
     1
  9
$QTEXTMODE
 70
     0
  9
$MIRRTEXT
 70
     1
  9
$LTSCALE
 40
25.4
  9
$ATTMODE
 70
     1
  9
$TEXTSIZE
 40
0.2
  9
$TRACEWID
 40
0.05
  9
$TEXTSTYLE
  7
Standard
  9
$CLAYER
  8
0
  9
$CELTYPE
  6
ByLayer
  9
$CECOLOR
 62
   256
  9
$CELTSCALE
 40
1.0
  9
$DISPSILH
 70
     0
  9
$DIMSCALE
 40
1.0
  9
$DIMASZ
 40
0.18
  9
$DIMEXO
 40
0.0625
  9
$DIMDLI
 40
0.38
  9
$DIMRND
 40
0.0
  9
$DIMDLE
 40
0.0
  9
$DIMEXE
 40
0.18
  9
$DIMTP
 40
0.0
  9
$DIMTM
 40
0.0
  9
$DIMTXT
 40
0.18
  9
$DIMCEN
 40
0.09
  9
$DIMTSZ
 40
0.0
  9
$DIMTOL
 70
     0
  9
$DIMLIM
 70
     0
  9
$DIMTIH
 70
     1
  9
$DIMTOH
 70
     1
  9
$DIMSE1
 70
     0
  9
$DIMSE2
 70
     0
  9
$DIMTAD
 70
     0
  9
$DIMZIN
 70
     0
  9
$DIMBLK
  1

  9
$DIMASO
 70
     1
  9
$DIMSHO
 70
     1
  9
$DIMPOST
  1

  9
$DIMAPOST
  1

  9
$DIMALT
 70
     0
  9
$DIMALTD
 70
     2
  9
$DIMALTF
 40
25.4
  9
$DIMLFAC
 40
1.0
  9
$DIMTOFL
 70
     0
  9
$DIMTVP
 40
0.0
  9
$DIMTIX
 70
     0
  9
$DIMSOXD
 70
     0
  9
$DIMSAH
 70
     0
  9
$DIMBLK1
  1

  9
$DIMBLK2
  1

  9
$DIMSTYLE
  2
Standard
  9
$DIMCLRD
 70
     0
  9
$DIMCLRE
 70
     0
  9
$DIMCLRT
 70
     0
  9
$DIMTFAC
 40
1.0
  9
$DIMGAP
 40
0.09
  9
$DIMJUST
 70
     0
  9
$DIMSD1
 70
     0
  9
$DIMSD2
 70
     0
  9
$DIMTOLJ
 70
     1
  9
$DIMTZIN
 70
     0
  9
$DIMALTZ
 70
     0
  9
$DIMALTTZ
 70
     0
  9
$DIMUPT
 70
     0
  9
$DIMDEC
 70
     4
  9
$DIMTDEC
 70
     4
  9
$DIMALTU
 70
     2
  9
$DIMALTTD
 70
     2
  9
$DIMTXSTY
  7
Standard
  9
$DIMAUNIT
 70
     0
  9
$DIMADEC
 70
     0
  9
$DIMALTRND
 40
0.0
  9
$DIMAZIN
 70
     0
  9
$DIMDSEP
 70
    46
  9
$DIMATFIT
 70
     3
  9
$DIMFRAC
 70
     0
  9
$DIMLDRBLK
  1

  9
$DIMLUNIT
 70
     2
  9
$DIMLWD
 70
    -2
  9
$DIMLWE
 70
    -2
  9
$DIMTMOVE
 70
     0
  9
$DIMFXL
 40
1.0
  9
$DIMFXLON
 70
     0
  9
$DIMJOGANG
 40
0.7853981633974483
  9
$DIMTFILL
 70
     0
  9
$DIMTFILLCLR
 70
     0
  9
$DIMARCSYM
 70
     0
  9
$DIMLTYPE
  6

  9
$DIMLTEX1
  6

  9
$DIMLTEX2
  6

  9
$LUNITS
 70
     2
  9
$LUPREC
 70
     4
  9
$SKETCHINC
 40
0.1
  9
$FILLETRAD
 40
0.0
  9
$AUNITS
 70
     0
  9
$AUPREC
 70
     0
  9
$MENU
  1
.
  9
$ELEVATION
 40
0.0
  9
$PELEVATION
 40
0.0
  9
$THICKNESS
 40
0.0
  9
$LIMCHECK
 70
     0
  9
$CHAMFERA
 40
0.0
  9
$CHAMFERB
 40
0.0
  9
$CHAMFERC
 40
0.0
  9
$CHAMFERD
 40
0.0
  9
$SKPOLY
 70
     0
  9
$TDCREATE
 40
2461052.711389074
  9
$TDUCREATE
 40
2461052.628055741
  9
$TDUPDATE
 40
2461052.711390047
  9
$TDUUPDATE
 40
2461052.628056713
  9
$TDINDWG
 40
0.0000000116
  9
$TDUSRTIMER
 40
0.0000000116
  9
$USRTIMER
 70
     1
  9
$ANGBASE
 50
0.0
  9
$ANGDIR
 70
     0
  9
$PDMODE
 70
     0
  9
$PDSIZE
 40
0.0
  9
$PLINEWID
 40
0.0
  9
$SPLFRAME
 70
     0
  9
$SPLINETYPE
 70
     6
  9
$SPLINESEGS
 70
     8
  9
$HANDSEED
  5
1240
  9
$SURFTAB1
 70
     6
  9
$SURFTAB2
 70
     6
  9
$SURFTYPE
 70
     6
  9
$SURFU
 70
     6
  9
$SURFV
 70
     6
  9
$UCSBASE
  2

  9
$UCSNAME
  2

  9
$UCSORG
 10
0.0
 20
0.0
 30
0.0
  9
$UCSXDIR
 10
1.0
 20
0.0
 30
0.0
  9
$UCSYDIR
 10
0.0
 20
1.0
 30
0.0
  9
$UCSORTHOREF
  2

  9
$UCSORTHOVIEW
 70
     0
  9
$UCSORGTOP
 10
0.0
 20
0.0
 30
0.0
  9
$UCSORGBOTTOM
 10
0.0
 20
0.0
 30
0.0
  9
$UCSORGLEFT
 10
0.0
 20
0.0
 30
0.0
  9
$UCSORGRIGHT
 10
0.0
 20
0.0
 30
0.0
  9
$UCSORGFRONT
 10
0.0
 20
0.0
 30
0.0
  9
$UCSORGBACK
 10
0.0
 20
0.0
 30
0.0
  9
$PUCSBASE
  2

  9
$PUCSNAME
  2

  9
$PUCSORG
 10
0.0
 20
0.0
 30
0.0
  9
$PUCSXDIR
 10
1.0
 20
0.0
 30
0.0
  9
$PUCSYDIR
 10
0.0
 20
1.0
 30
0.0
  9
$PUCSORTHOREF
  2

  9
$PUCSORTHOVIEW
 70
     0
  9
$PUCSORGTOP
 10
0.0
 20
0.0
 30
0.0
  9
$PUCSORGBOTTOM
 10
0.0
 20
0.0
 30
0.0
  9
$PUCSORGLEFT
 10
0.0
 20
0.0
 30
0.0
  9
$PUCSORGRIGHT
 10
0.0
 20
0.0
 30
0.0
  9
$PUCSORGFRONT
 10
0.0
 20
0.0
 30
0.0
  9
$PUCSORGBACK
 10
0.0
 20
0.0
 30
0.0
  9
$USERI1
 70
     0
  9
$USERI2
 70
     0
  9
$USERI3
 70
     0
  9
$USERI4
 70
     0
  9
$USERI5
 70
     0
  9
$USERR1
 40
0.0
  9
$USERR2
 40
0.0
  9
$USERR3
 40
0.0
  9
$USERR4
 40
0.0
  9
$USERR5
 40
0.0
  9
$WORLDVIEW
 70
     1
  9
$SHADEDGE
 70
     3
  9
$SHADEDIF
 70
    70
  9
$TILEMODE
 70
     1
  9
$MAXACTVP
 70
    64
  9
$PINSBASE
 10
0.0
 20
0.0
 30
0.0
  9
$PLIMCHECK
 70
     0
  9
$PEXTMIN
 10
1.000000000000000E+20
 20
1.000000000000000E+20
 30
1.000000000000000E+20
  9
$PEXTMAX
 10
-1.000000000000000E+20
 20
-1.000000000000000E+20
 30
-1.000000000000000E+20
  9
$PLIMMIN
 10
0.0
 20
0.0
  9
$PLIMMAX
 10
12.0
 20
9.0
  9
$UNITMODE
 70
     0
  9
$VISRETAIN
 70
     1
  9
$PLINEGEN
 70
     0
  9
$PSLTSCALE
 70
     1
  9
$TREEDEPTH
 70
  3020
  9
$CMLSTYLE
  2
Standard
  9
$CMLJUST
 70
     0
  9
$CMLSCALE
 40
1.0
  9
$PROXYGRAPHICS
 70
     1
  9
$MEASUREMENT
 70
     1
  9
$CELWEIGHT
370
    -1
  9
$ENDCAPS
280
     0
  9
$JOINSTYLE
280
     0
  9
$LWDISPLAY
290
     0
  9
$INSUNITS
 70
     4
  9
$HYPERLINKBASE
  1

  9
$STYLESHEET
  1

  9
$XEDIT
290
     1
  9
$CEPSNTYPE
380
     0
  9
$PSTYLEMODE
290
     1
  9
$FINGERPRINTGUID
  2
{82d5c254-63dd-424f-988d-b8fdfe608851}
  9
$VERSIONGUID
  2
{FAEB1C32-E019-11D5-929B-00C0DF256EC4}
  9
$EXTNAMES
290
     1
  9
$PSVPSCALE
 40
0.0
  9
$OLESTARTUP
290
     0
  9
$SORTENTS
280
   127
  9
$INDEXCTL
280
     0
  9
$HIDETEXT
280
     1
  9
$XCLIPFRAME
290
     0
  9
$HALOGAP
280
     0
  9
$OBSCOLOR
 70
   257
  9
$OBSLTYPE
280
     0
  9
$INTERSECTIONDISPLAY
280
     0
  9
$INTERSECTIONCOLOR
 70
   257
  9
$DIMASSOC
280
     2
  9
$PROJECTNAME
  1

  9
$CAMERADISPLAY
290
     0
  9
$LENSLENGTH
 40
50.0
  9
$CAMERAHEIGHT
 40
0.0
  9
$STEPSPERSEC
 40
2.0
  9
$STEPSIZE
 40
6.0
  9
$3DDWFPREC
 40
2.0
  9
$PSOLWIDTH
 40
0.25
  9
$PSOLHEIGHT
 40
4.0
  9
$LOFTANG1
 40
1.570796326794897
  9
$LOFTANG2
 40
1.570796326794897
  9
$LOFTMAG1
 40
0.0
  9
$LOFTMAG2
 40
0.0
  9
$LOFTPARAM
 70
     7
  9
$LOFTNORMALS
280
     1
  9
$LATITUDE
 40
37.795
  9
$LONGITUDE
 40
-122.394
  9
$NORTHDIRECTION
 40
0.0
  9
$TIMEZONE
 70
 -8000
  9
$LIGHTGLYPHDISPLAY
280
     1
  9
$TILEMODELIGHTSYNCH
280
     1
  9
$CMATERIAL
347
44
  9
$SOLIDHIST
280
     0
  9
$SHOWHIST
280
     1
  9
$DWFFRAME
280
     2
  9
$DGNFRAME
280
     2
  9
$REALWORLDSCALE
290
     1
  9
$INTERFERECOLOR
 62
   256
  9
$CSHADOW
280
     0
  9
$SHADOWPLANELOCATION
 40
0.0
  0
ENDSEC
  0
SECTION
  2
CLASSES
  0
CLASS
  1
ACDBDICTIONARYWDFLT
  2
AcDbDictionaryWithDefault
  3
ObjectDBX Classes
 90
        0
 91
        3
280
     0
281
     0
  0
CLASS
  1
VISUALSTYLE
  2
AcDbVisualStyle
  3
ObjectDBX Classes
 90
     4095
 91
        3
280
     0
281
     0
  0
CLASS
  1
MATERIAL
  2
AcDbMaterial
  3
ObjectDBX Classes
 90
     1153
 91
        3
280
     0
281
     0
  0
CLASS
  1
SCALE
  2
AcDbScale
  3
ObjectDBX Classes
 90
     1153
 91
        3
280
     0
281
     0
  0
CLASS
  1
TABLESTYLE
  2
AcDbTableStyle
  3
ObjectDBX Classes
 90
     4095
 91
        3
280
     0
281
     0
  0
CLASS
  1
MLEADERSTYLE
  2
AcDbMLeaderStyle
  3
ACDB_MLEADERSTYLE_CLASS
 90
     4095
 91
        3
280
     0
281
     0
  0
CLASS
  1
SUN
  2
AcDbSun
  3
SCENEOE
 90
     1153
 91
        3
280
     0
281
     0
  0
CLASS
  1
DICTIONARYVAR
  2
AcDbDictionaryVar
  3
ObjectDBX Classes
 90
        0
 91
        3
280
     0
281
     0
  0
CLASS
  1
CELLSTYLEMAP
  2
AcDbCellStyleMap
  3
ObjectDBX Classes
 90
     1152
 91
        3
280
     0
281
     0
  0
ENDSEC
  0
SECTION
  2
TABLES
  0
TABLE
  2
VPORT
  5
8
330
0
100
AcDbSymbolTable
 70
     1
  0
VPORT
  5
29
330
8
100
AcDbSymbolTableRecord
100
AcDbViewportTableRecord
  2
*Active
 70
     0
 10
0.0
 20
0.0
 11
1.0
 21
1.0
 12
0.0
 22
0.0
 13
0.0
 23
0.0
 14
0.5
 24
0.5
 15
0.5
 25
0.5
 16
0.3874914915658708
 26
-0.8647499290838346
 36
0.3194650279976817
 17
-1413.018119911471
 27
1254.625475402542
 37
658.9218094436192
 40
4469.869894184084
 41
1.3333
 42
42.81760027191017
 43
-7062.908061817023
 44
18311.69193818298
 50
0.0
 51
0.000000000000008
 71
     1
 72
   100
 73
     1
 74
     3
 75
     0
 76
     0
 77
     0
 78
     0
281
     4
 65
     1
110
0.0
120
0.0
130
0.0
111
1.0
121
0.0
131
0.0
112
0.0
122
1.0
132
0.0
 79
     0
146
0.0
348
2F
 60
     3
 61
     5
292
     1
282
     1
141
0.0
142
0.0
 63
   250
361
5D
  0
ENDTAB
  0
TABLE
  2
LTYPE
  5
5
330
0
100
AcDbSymbolTable
 70
     1
  0
LTYPE
  5
14
330
5
100
AcDbSymbolTableRecord
100
AcDbLinetypeTableRecord
  2
ByBlock
 70
     0
  3

 72
    65
 73
     0
 40
0.0
  0
LTYPE
  5
15
330
5
100
AcDbSymbolTableRecord
100
AcDbLinetypeTableRecord
  2
ByLayer
 70
     0
  3

 72
    65
 73
     0
 40
0.0
  0
LTYPE
  5
16
330
5
100
AcDbSymbolTableRecord
100
AcDbLinetypeTableRecord
  2
Continuous
 70
     0
  3
Solid line
 72
    65
 73
     0
 40
0.0
  0
ENDTAB
  0
TABLE
  2
LAYER
  5
2
330
0
100
AcDbSymbolTable
 70
    12
  0
LAYER
  5
10
330
2
100
AcDbSymbolTableRecord
100
AcDbLayerTableRecord
  2
0
 70
     0
 62
     7
420
 16777215
  6
Continuous
370
    -3
390
F
347
46
  0
LAYER
  5
5E
330
2
100
AcDbSymbolTableRecord
100
AcDbLayerTableRecord
  2
D7-DEPTHF-$44817
 70
     0
 62
   134
420
    39303
  6
Continuous
370
    -3
390
F
347
46
  0
LAYER
  5
5F
330
2
100
AcDbSymbolTableRecord
100
AcDbLayerTableRecord
  2
D8-DEPTH12-$38878
 70
     0
 62
   252
420
  7829401
  6
Continuous
370
    -3
390
F
347
46
  0
LAYER
  5
60
330
2
100
AcDbSymbolTableRecord
100
AcDbLayerTableRecord
  2
DSIDE-4.5
 70
     0
 62
   190
420
 10027263
  6
Continuous
370
    -3
390
F
347
46
  0
LAYER
  5
61
330
2
100
AcDbSymbolTableRecord
100
AcDbLayerTableRecord
  2
DSIDE-8
 70
     0
 62
    22
420
 13386752
  6
Continuous
370
    -3
390
F
347
46
  0
LAYER
  5
62
330
2
100
AcDbSymbolTableRecord
100
AcDbLayerTableRecord
  2
Dside4.5
 70
     0
 62
   134
420
    39303
  6
Continuous
370
    -3
390
F
347
46
  0
LAYER
  5
63
330
2
100
AcDbSymbolTableRecord
100
AcDbLayerTableRecord
  2
DEPTH13-ARTICLE96053
 70
     0
 62
   252
420
  7829401
  6
Continuous
370
    -3
390
F
347
46
  0
LAYER
  5
64
330
2
100
AcDbSymbolTableRecord
100
AcDbLayerTableRecord
  2
DEPTH3.0-ARTICLE46331
 70
     0
 62
   190
420
 10027263
  6
Continuous
370
    -3
390
F
347
46
  0
LAYER
  5
65
330
2
100
AcDbSymbolTableRecord
100
AcDbLayerTableRecord
  2
ABF_cuttingLines
 70
     0
 62
    32
420
 13395456
  6
Continuous
370
    -3
390
F
347
46
  0
LAYER
  5
66
330
2
100
AcDbSymbolTableRecord
100
AcDbLayerTableRecord
  2
ABF_edgeBanding
 70
     0
 62
    32
420
 13390848
  6
Continuous
370
    -3
390
F
347
46
  0
LAYER
  5
67
330
2
100
AcDbSymbolTableRecord
100
AcDbLayerTableRecord
  2
ABF_Label
 70
     0
 62
   172
420
      204
  6
Continuous
370
    -3
390
F
347
46
  0
LAYER
  5
11CD
330
2
100
AcDbSymbolTableRecord
100
AcDbLayerTableRecord
  2
Defpoints
 70
     0
 62
     7
  6
Continuous
290
     0
370
    -3
390
F
347
46
  0
ENDTAB
  0
TABLE
  2
STYLE
  5
3
330
0
100
AcDbSymbolTable
 70
     2
  0
STYLE
  5
11
330
3
100
AcDbSymbolTableRecord
100
AcDbTextStyleTableRecord
  2
Standard
 70
     0
 40
0.0
 41
1.0
 50
0.0
 71
     0
 42
0.2
  3
txt
  4

  0
STYLE
  5
68
330
3
100
AcDbSymbolTableRecord
100
AcDbTextStyleTableRecord
  2
Tahoma
 70
     0
 40
0.0
 41
1.0
 50
0.0
 71
     0
 42
0.2
  3

  4

1001
ACAD
1000
Tahoma
1071
       34
  0
ENDTAB
  0
TABLE
  2
VIEW
  5
6
330
0
100
AcDbSymbolTable
 70
     0
  0
ENDTAB
  0
TABLE
  2
UCS
  5
7
330
0
100
AcDbSymbolTable
 70
     0
  0
ENDTAB
  0
TABLE
  2
APPID
  5
9
330
0
100
AcDbSymbolTable
 70
     3
  0
APPID
  5
12
330
9
100
AcDbSymbolTableRecord
100
AcDbRegAppTableRecord
  2
ACAD
 70
     0
  0
APPID
  5
E04
330
9
100
AcDbSymbolTableRecord
100
AcDbRegAppTableRecord
  2
ACAD_MATERIAL_MAPPER
 70
     0
  0
APPID
  5
1238
330
9
100
AcDbSymbolTableRecord
100
AcDbRegAppTableRecord
  2
ACAD_MLEADERVER
 70
     0
  0
ENDTAB
  0
TABLE
  2
DIMSTYLE
  5
A
330
0
100
AcDbSymbolTable
 70
     3
100
AcDbDimStyleTable
  0
DIMSTYLE
105
27
330
A
100
AcDbSymbolTableRecord
100
AcDbDimStyleTableRecord
  2
Standard
 70
     0
178
     0
340
11
  0
DIMSTYLE
105
69
102
{ACAD_REACTORS
330
11CC
330
11DB
330
11E9
102
}
330
A
100
AcDbSymbolTableRecord
100
AcDbDimStyleTableRecord
  2
DimStyle1
 70
     0
  3
mm
 41
12.7
 42
12.7
 44
12.7
 77
     4
140
614.3399136995606
147
2.54
178
     0
271
     1
340
68
  0
DIMSTYLE
105
6A
330
A
100
AcDbSymbolTableRecord
100
AcDbDimStyleTableRecord
  2
Dimensions
 70
     0
  3
mm
 41
12.7
 42
12.7
 44
12.7
140
25.4
147
2.54
178
     0
271
     1
340
68
  0
ENDTAB
  0
TABLE
  2
BLOCK_RECORD
  5
1
330
0
100
AcDbSymbolTable
 70
   123
  0
BLOCK_RECORD
  5
1F
330
1
100
AcDbSymbolTableRecord
100
AcDbBlockTableRecord
  2
*Model_Space
340
22
 70
     0
280
     1
281
     0
  0
BLOCK_RECORD
  5
1B
330
1
100
AcDbSymbolTableRecord
100
AcDbBlockTableRecord
  2
*Paper_Space
340
1E
 70
     0
280
     1
281
     0
  0
BLOCK_RECORD
  5
23
330
1
100
AcDbSymbolTableRecord
100
AcDbBlockTableRecord
  2
*Paper_Space0
340
26
 70
     0
280
     1
281
     0
  0
BLOCK_RECORD
  5
6B
330
1
100
AcDbSymbolTableRecord
100
AcDbBlockTableRecord
  2
_152684____0110_280010303_THICKNESS_3
340
0
102
{BLKREFS
331
11F7
102
}
 70
     0
280
     1
281
     0
  0
BLOCK_RECORD
  5
6E
330
1
100
AcDbSymbolTableRecord
100
AcDbBlockTableRecord
  2
_201238___._KRONOSPAN_5981_PD__NEW_2800207018_THICKNESS_18
340
0
102
{BLKREFS
331
11FA
102
}
 70
     0
280
     1
281
     0
  0
BLOCK_RECORD
  5
71
330
1
100
AcDbSymbolTableRecord
100
AcDbBlockTableRecord
  2
_48501___EGGER_W_1000_ST9___2800207018__THICKNESS_18
340
0
102
{BLKREFS
331
11FD
102
}
 70
     0
280
     1
281
     0
  0
BLOCK_RECORD
  5
74
330
1
100
AcDbSymbolTableRecord
100
AcDbBlockTableRecord
  2
Group327#1
340
0
102
{BLKREFS
331
11BA
102
}
 70
     0
280
     1
281
     0
  0
BLOCK_RECORD
  5
77
330
1
100
AcDbSymbolTableRecord
100
AcDbBlockTableRecord
  2
Group330#1
340
0
102
{BLKREFS
331
1154
102
}
 70
     0
280
     1
281
     0
  0
BLOCK_RECORD
  5
7A
330
1
100
AcDbSymbolTableRecord
100
AcDbBlockTableRecord
  2
Group314#2
340
0
102
{BLKREFS
331
FDA
102
}
 70
     0
280
     1
281
     0
  0
BLOCK_RECORD
  5
7D
330
1
100
AcDbSymbolTableRecord
100
AcDbBlockTableRecord
  2
Group314#1
340
0
102
{BLKREFS
331
FD1
102
}
 70
     0
280
     1
281
     0
  0
BLOCK_RECORD
  5
80
330
1
100
AcDbSymbolTableRecord
100
AcDbBlockTableRecord
  2
Group323#1
340
0
102
{BLKREFS
331
1151
102
}
 70
     0
280
     1
281
     0
  0
BLOCK_RECORD
  5
83
330
1
100
AcDbSymbolTableRecord
100
AcDbBlockTableRecord
  2
Group316#1
340
0
102
{BLKREFS
331
FDD
102
}
 70
     0
280
     1
281
     0
  0
BLOCK_RECORD
  5
86
330
1
100
AcDbSymbolTableRecord
100
AcDbBlockTableRecord
  2
Group315#1
340
0
102
{BLKREFS
331
FD4
102
}
 70
     0
280
     1
281
     0
  0
BLOCK_RECORD
  5
89
330
1
100
AcDbSymbolTableRecord
100
AcDbBlockTableRecord
  2
Group329#1
340
0
102
{BLKREFS
331
1052
102
}
 70
     0
280
     1
281
     0
  0
BLOCK_RECORD
  5
8C
330
1
100
AcDbSymbolTableRecord
100
AcDbBlockTableRecord
  2
Group317#1
340
0
102
{BLKREFS
331
FE0
102
}
 70
     0
280
     1
281
     0
  0
BLOCK_RECORD
  5
8F
330
1
100
AcDbSymbolTableRecord
100
AcDbBlockTableRecord
  2
Group312#1
340
0
102
{BLKREFS
331
114B
102
}
 70
     0
280
     1
281
     0
  0
BLOCK_RECORD
  5
92
330
1
100
AcDbSymbolTableRecord
100
AcDbBlockTableRecord
  2
Group313#1
340
0
102
{BLKREFS
331
11B4
102
}
 70
     0
280
     1
281
     0
  0
BLOCK_RECORD
  5
95
330
1
100
AcDbSymbolTableRecord
100
AcDbBlockTableRecord
  2
Group319#1
340
0
102
{BLKREFS
331
114E
102
}
 70
     0
280
     1
281
     0
  0
BLOCK_RECORD
  5
98
330
1
100
AcDbSymbolTableRecord
100
AcDbBlockTableRecord
  2
Group321#1
340
0
102
{BLKREFS
331
1046
102
}
 70
     0
280
     1
281
     0
  0
BLOCK_RECORD
  5
9B
330
1
100
AcDbSymbolTableRecord
100
AcDbBlockTableRecord
  2
Group313#2
340
0
102
{BLKREFS
331
FD7
102
}
 70
     0
280
     1
281
     0
  0
BLOCK_RECORD
  5
9E
330
1
100
AcDbSymbolTableRecord
100
AcDbBlockTableRecord
  2
Group332#1
340
0
102
{BLKREFS
331
1055
102
}
 70
     0
280
     1
281
     0
  0
BLOCK_RECORD
  5
A1
330
1
100
AcDbSymbolTableRecord
100
AcDbBlockTableRecord
  2
Group320#1
340
0
102
{BLKREFS
331
1043
102
}
 70
     0
280
     1
281
     0
  0
BLOCK_RECORD
  5
A4
330
1
100
AcDbSymbolTableRecord
100
AcDbBlockTableRecord
  2
Group325#1
340
0
102
{BLKREFS
331
104C
102
}
 70
     0
280
     1
281
     0
  0
BLOCK_RECORD
  5
A7
330
1
100
AcDbSymbolTableRecord
100
AcDbBlockTableRecord
  2
Group335#1
340
0
102
{BLKREFS
331
1064
102
}
 70
     0
280
     1
281
     0
  0
BLOCK_RECORD
  5
AA
330
1
100
AcDbSymbolTableRecord
100
AcDbBlockTableRecord
  2
Group346#1
340
0
102
{BLKREFS
331
10D3
102
}
 70
     0
280
     1
281
     0
  0
BLOCK_RECORD
  5
AD
330
1
100
AcDbSymbolTableRecord
100
AcDbBlockTableRecord
  2
Group345#1
340
0
102
{BLKREFS
331
1067
102
}
 70
     0
280
     1
281
     0
  0
BLOCK_RECORD
  5
B0
330
1
100
AcDbSymbolTableRecord
100
AcDbBlockTableRecord
  2
Group338#1
340
0
102
{BLKREFS
331
10C7
102
}
 70
     0
280
     1
281
     0
  0
BLOCK_RECORD
  5
B3
330
1
100
AcDbSymbolTableRecord
100
AcDbBlockTableRecord
  2
Group348#1
340
0
102
{BLKREFS
331
FE9
102
}
 70
     0
280
     1
281
     0
  0
BLOCK_RECORD
  5
B6
330
1
100
AcDbSymbolTableRecord
100
AcDbBlockTableRecord
  2
Group341#1
340
0
102
{BLKREFS
331
FE6
102
}
 70
     0
280
     1
281
     0
  0
BLOCK_RECORD
  5
B9
330
1
100
AcDbSymbolTableRecord
100
AcDbBlockTableRecord
  2
Group332#2
340
0
102
{BLKREFS
331
105E
102
}
 70
     0
280
     1
281
     0
  0
BLOCK_RECORD
  5
BC
330
1
100
AcDbSymbolTableRecord
100
AcDbBlockTableRecord
  2
Group337#1
340
0
102
{BLKREFS
331
FE3
102
}
 70
     0
280
     1
281
     0
  0
BLOCK_RECORD
  5
BF
330
1
100
AcDbSymbolTableRecord
100
AcDbBlockTableRecord
  2
Group331#1
340
0
102
{BLKREFS
331
11BD
102
}
 70
     0
280
     1
281
     0
  0
BLOCK_RECORD
  5
C2
330
1
100
AcDbSymbolTableRecord
100
AcDbBlockTableRecord
  2
Group333#2
340
0
102
{BLKREFS
331
11C0
102
}
 70
     0
280
     1
281
     0
  0
BLOCK_RECORD
  5
C5
330
1
100
AcDbSymbolTableRecord
100
AcDbBlockTableRecord
  2
Group347#1
340
0
102
{BLKREFS
331
10D6
102
}
 70
     0
280
     1
281
     0
  0
BLOCK_RECORD
  5
C8
330
1
100
AcDbSymbolTableRecord
100
AcDbBlockTableRecord
  2
Group359#1
340
0
102
{BLKREFS
331
115A
102
}
 70
     0
280
     1
281
     0
  0
BLOCK_RECORD
  5
CB
330
1
100
AcDbSymbolTableRecord
100
AcDbBlockTableRecord
  2
Group356#1
340
0
102
{BLKREFS
331
F4A
102
}
 70
     0
280
     1
281
     0
  0
BLOCK_RECORD
  5
CE
330
1
100
AcDbSymbolTableRecord
100
AcDbBlockTableRecord
  2
Group328#1
340
0
102
{BLKREFS
331
104F
102
}
 70
     0
280
     1
281
     0
  0
BLOCK_RECORD
  5
D1
330
1
100
AcDbSymbolTableRecord
100
AcDbBlockTableRecord
  2
Group343#1
340
0
102
{BLKREFS
331
10D0
102
}
 70
     0
280
     1
281
     0
  0
BLOCK_RECORD
  5
D4
330
1
100
AcDbSymbolTableRecord
100
AcDbBlockTableRecord
  2
Group333#1
340
0
102
{BLKREFS
331
1058
102
}
 70
     0
280
     1
281
     0
  0
BLOCK_RECORD
  5
D7
330
1
100
AcDbSymbolTableRecord
100
AcDbBlockTableRecord
  2
Group339#1
340
0
102
{BLKREFS
331
10CA
102
}
 70
     0
280
     1
281
     0
  0
BLOCK_RECORD
  5
DA
330
1
100
AcDbSymbolTableRecord
100
AcDbBlockTableRecord
  2
Group350#1
340
0
102
{BLKREFS
331
10D9
102
}
 70
     0
280
     1
281
     0
  0
BLOCK_RECORD
  5
DD
330
1
100
AcDbSymbolTableRecord
100
AcDbBlockTableRecord
  2
Group351#1
340
0
102
{BLKREFS
331
10DC
102
}
 70
     0
280
     1
281
     0
  0
BLOCK_RECORD
  5
E0
330
1
100
AcDbSymbolTableRecord
100
AcDbBlockTableRecord
  2
Group342#1
340
0
102
{BLKREFS
331
10CD
102
}
 70
     0
280
     1
281
     0
  0
BLOCK_RECORD
  5
E3
330
1
100
AcDbSymbolTableRecord
100
AcDbBlockTableRecord
  2
Group331#2
340
0
102
{BLKREFS
331
105B
102
}
 70
     0
280
     1
281
     0
  0
BLOCK_RECORD
  5
E6
330
1
100
AcDbSymbolTableRecord
100
AcDbBlockTableRecord
  2
Group349#2
340
0
102
{BLKREFS
331
10DF
102
}
 70
     0
280
     1
281
     0
  0
BLOCK_RECORD
  5
E9
330
1
100
AcDbSymbolTableRecord
100
AcDbBlockTableRecord
  2
Group351#2
340
0
102
{BLKREFS
331
106D
102
}
 70
     0
280
     1
281
     0
  0
BLOCK_RECORD
  5
EC
330
1
100
AcDbSymbolTableRecord
100
AcDbBlockTableRecord
  2
Group349#1
340
0
102
{BLKREFS
331
106A
102
}
 70
     0
280
     1
281
     0
  0
BLOCK_RECORD
  5
EF
330
1
100
AcDbSymbolTableRecord
100
AcDbBlockTableRecord
  2
Group334#1
340
0
102
{BLKREFS
331
1061
102
}
 70
     0
280
     1
281
     0
  0
BLOCK_RECORD
  5
F2
330
1
100
AcDbSymbolTableRecord
100
AcDbBlockTableRecord
  2
Group367#1
340
0
102
{BLKREFS
331
10EE
102
}
 70
     0
280
     1
281
     0
  0
BLOCK_RECORD
  5
F5
330
1
100
AcDbSymbolTableRecord
100
AcDbBlockTableRecord
  2
Group369#2
340
0
102
{BLKREFS
331
10F1
102
}
 70
     0
280
     1
281
     0
  0
BLOCK_RECORD
  5
F8
330
1
100
AcDbSymbolTableRecord
100
AcDbBlockTableRecord
  2
Group370#1
340
0
102
{BLKREFS
331
F68
102
}
 70
     0
280
     1
281
     0
  0
BLOCK_RECORD
  5
FB
330
1
100
AcDbSymbolTableRecord
100
AcDbBlockTableRecord
  2
Group360#1
340
0
102
{BLKREFS
331
F50
102
}
 70
     0
280
     1
281
     0
  0
BLOCK_RECORD
  5
FE
330
1
100
AcDbSymbolTableRecord
100
AcDbBlockTableRecord
  2
Group355#1
340
0
102
{BLKREFS
331
1157
102
}
 70
     0
280
     1
281
     0
  0
BLOCK_RECORD
  5
101
330
1
100
AcDbSymbolTableRecord
100
AcDbBlockTableRecord
  2
Group365#1
340
0
102
{BLKREFS
331
F59
102
}
 70
     0
280
     1
281
     0
  0
BLOCK_RECORD
  5
104
330
1
100
AcDbSymbolTableRecord
100
AcDbBlockTableRecord
  2
Group363#1
340
0
102
{BLKREFS
331
10EB
102
}
 70
     0
280
     1
281
     0
  0
BLOCK_RECORD
  5
107
330
1
100
AcDbSymbolTableRecord
100
AcDbBlockTableRecord
  2
Group367#2
340
0
102
{BLKREFS
331
F62
102
}
 70
     0
280
     1
281
     0
  0
BLOCK_RECORD
  5
10A
330
1
100
AcDbSymbolTableRecord
100
AcDbBlockTableRecord
  2
Group361#1
340
0
102
{BLKREFS
331
F53
102
}
 70
     0
280
     1
281
     0
  0
BLOCK_RECORD
  5
10D
330
1
100
AcDbSymbolTableRecord
100
AcDbBlockTableRecord
  2
Group366#1
340
0
102
{BLKREFS
331
115D
102
}
 70
     0
280
     1
281
     0
  0
BLOCK_RECORD
  5
110
330
1
100
AcDbSymbolTableRecord
100
AcDbBlockTableRecord
  2
Group368#1
340
0
102
{BLKREFS
331
F5C
102
}
 70
     0
280
     1
281
     0
  0
BLOCK_RECORD
  5
113
330
1
100
AcDbSymbolTableRecord
100
AcDbBlockTableRecord
  2
Group352#1
340
0
102
{BLKREFS
331
10E5
102
}
 70
     0
280
     1
281
     0
  0
BLOCK_RECORD
  5
116
330
1
100
AcDbSymbolTableRecord
100
AcDbBlockTableRecord
  2
Group350#2
340
0
102
{BLKREFS
331
10E2
102
}
 70
     0
280
     1
281
     0
  0
BLOCK_RECORD
  5
119
330
1
100
AcDbSymbolTableRecord
100
AcDbBlockTableRecord
  2
Group369#1
340
0
102
{BLKREFS
331
F5F
102
}
 70
     0
280
     1
281
     0
  0
BLOCK_RECORD
  5
11C
330
1
100
AcDbSymbolTableRecord
100
AcDbBlockTableRecord
  2
Group368#2
340
0
102
{BLKREFS
331
F65
102
}
 70
     0
280
     1
281
     0
  0
BLOCK_RECORD
  5
11F
330
1
100
AcDbSymbolTableRecord
100
AcDbBlockTableRecord
  2
Group357#1
340
0
102
{BLKREFS
331
F4D
102
}
 70
     0
280
     1
281
     0
  0
BLOCK_RECORD
  5
122
330
1
100
AcDbSymbolTableRecord
100
AcDbBlockTableRecord
  2
Group353#1
340
0
102
{BLKREFS
331
10E8
102
}
 70
     0
280
     1
281
     0
  0
BLOCK_RECORD
  5
125
330
1
100
AcDbSymbolTableRecord
100
AcDbBlockTableRecord
  2
Group379#1
340
0
102
{BLKREFS
331
1073
102
}
 70
     0
280
     1
281
     0
  0
BLOCK_RECORD
  5
128
330
1
100
AcDbSymbolTableRecord
100
AcDbBlockTableRecord
  2
Group372#1
340
0
102
{BLKREFS
331
EF3
102
}
 70
     0
280
     1
281
     0
  0
BLOCK_RECORD
  5
12B
330
1
100
AcDbSymbolTableRecord
100
AcDbBlockTableRecord
  2
Group364#1
340
0
102
{BLKREFS
331
F56
102
}
 70
     0
280
     1
281
     0
  0
BLOCK_RECORD
  5
12E
330
1
100
AcDbSymbolTableRecord
100
AcDbBlockTableRecord
  2
Group375#1
340
0
102
{BLKREFS
331
FEF
102
}
 70
     0
280
     1
281
     0
  0
BLOCK_RECORD
  5
131
330
1
100
AcDbSymbolTableRecord
100
AcDbBlockTableRecord
  2
Group376#1
340
0
102
{BLKREFS
331
E9C
102
}
 70
     0
280
     1
281
     0
  0
BLOCK_RECORD
  5
134
330
1
100
AcDbSymbolTableRecord
100
AcDbBlockTableRecord
  2
Group371#1
340
0
102
{BLKREFS
331
F6B
102
}
 70
     0
280
     1
281
     0
  0
BLOCK_RECORD
  5
137
330
1
100
AcDbSymbolTableRecord
100
AcDbBlockTableRecord
  2
Group377#1
340
0
102
{BLKREFS
331
1070
102
}
 70
     0
280
     1
281
     0
  0
BLOCK_RECORD
  5
13A
330
1
100
AcDbSymbolTableRecord
100
AcDbBlockTableRecord
  2
Group374#1
340
0
102
{BLKREFS
331
EF6
102
}
 70
     0
280
     1
281
     0
  0
BLOCK_RECORD
  5
13D
330
1
100
AcDbSymbolTableRecord
100
AcDbBlockTableRecord
  2
Group378#1
340
0
102
{BLKREFS
331
E9F
102
}
 70
     0
280
     1
281
     0
  0
BLOCK_RECORD
  5
140
330
1
100
AcDbSymbolTableRecord
100
AcDbBlockTableRecord
  2
Group373#1
340
0
102
{BLKREFS
331
FEC
102
}
 70
     0
280
     1
281
     0
  0
BLOCK_RECORD
  5
143
330
1
100
AcDbSymbolTableRecord
100
AcDbBlockTableRecord
  2
Group309#1
340
0
102
{BLKREFS
331
11B1
102
}
 70
     0
280
     1
281
     0
  0
BLOCK_RECORD
  5
146
330
1
100
AcDbSymbolTableRecord
100
AcDbBlockTableRecord
  2
Group310#1
340
0
102
{BLKREFS
331
FCB
102
}
 70
     0
280
     1
281
     0
  0
BLOCK_RECORD
  5
149
330
1
100
AcDbSymbolTableRecord
100
AcDbBlockTableRecord
  2
Group315#2
340
0
102
{BLKREFS
331
11B7
102
}
 70
     0
280
     1
281
     0
  0
BLOCK_RECORD
  5
14C
330
1
100
AcDbSymbolTableRecord
100
AcDbBlockTableRecord
  2
Group301#1
340
0
102
{BLKREFS
331
1145
102
}
 70
     0
280
     1
281
     0
  0
BLOCK_RECORD
  5
14F
330
1
100
AcDbSymbolTableRecord
100
AcDbBlockTableRecord
  2
Group302#1
340
0
102
{BLKREFS
331
FBF
102
}
 70
     0
280
     1
281
     0
  0
BLOCK_RECORD
  5
152
330
1
100
AcDbSymbolTableRecord
100
AcDbBlockTableRecord
  2
Group303#1
340
0
102
{BLKREFS
331
FC2
102
}
 70
     0
280
     1
281
     0
  0
BLOCK_RECORD
  5
155
330
1
100
AcDbSymbolTableRecord
100
AcDbBlockTableRecord
  2
Group305#1
340
0
102
{BLKREFS
331
1148
102
}
 70
     0
280
     1
281
     0
  0
BLOCK_RECORD
  5
158
330
1
100
AcDbSymbolTableRecord
100
AcDbBlockTableRecord
  2
Group307#1
340
0
102
{BLKREFS
331
FC8
102
}
 70
     0
280
     1
281
     0
  0
BLOCK_RECORD
  5
15B
330
1
100
AcDbSymbolTableRecord
100
AcDbBlockTableRecord
  2
Group306#1
340
0
102
{BLKREFS
331
FC5
102
}
 70
     0
280
     1
281
     0
  0
BLOCK_RECORD
  5
15E
330
1
100
AcDbSymbolTableRecord
100
AcDbBlockTableRecord
  2
Group311#1
340
0
102
{BLKREFS
331
FCE
102
}
 70
     0
280
     1
281
     0
  0
BLOCK_RECORD
  5
161
330
1
100
AcDbSymbolTableRecord
100
AcDbBlockTableRecord
  2
Group324#1
340
0
102
{BLKREFS
331
1049
102
}
 70
     0
280
     1
281
     0
  0
BLOCK_RECORD
  5
164
330
1
100
AcDbSymbolTableRecord
100
AcDbBlockTableRecord
  2
Group135#1
340
0
102
{BLKREFS
331
F6E
102
}
 70
     0
280
     1
281
     0
  0
BLOCK_RECORD
  5
167
330
1
100
AcDbSymbolTableRecord
100
AcDbBlockTableRecord
  2
Group137#1
340
0
102
{BLKREFS
331
10F4
102
}
 70
     0
280
     1
281
     0
  0
BLOCK_RECORD
  5
16A
330
1
100
AcDbSymbolTableRecord
100
AcDbBlockTableRecord
  2
Group139#1
340
0
102
{BLKREFS
331
1160
102
}
 70
     0
280
     1
281
     0
  0
BLOCK_RECORD
  5
16D
330
1
100
AcDbSymbolTableRecord
100
AcDbBlockTableRecord
  2
Group141#1
340
0
102
{BLKREFS
331
1076
102
}
 70
     0
280
     1
281
     0
  0
BLOCK_RECORD
  5
170
330
1
100
AcDbSymbolTableRecord
100
AcDbBlockTableRecord
  2
Group143#1
340
0
102
{BLKREFS
331
EF9
102
}
 70
     0
280
     1
281
     0
  0
BLOCK_RECORD
  5
173
330
1
100
AcDbSymbolTableRecord
100
AcDbBlockTableRecord
  2
Group145#1
340
0
102
{BLKREFS
331
E4E
102
}
 70
     0
280
     1
281
     0
  0
BLOCK_RECORD
  5
176
330
1
100
AcDbSymbolTableRecord
100
AcDbBlockTableRecord
  2
Group147#1
340
0
102
{BLKREFS
331
FF2
102
}
 70
     0
280
     1
281
     0
  0
BLOCK_RECORD
  5
179
330
1
100
AcDbSymbolTableRecord
100
AcDbBlockTableRecord
  2
Group149#1
340
0
102
{BLKREFS
331
EA2
102
}
 70
     0
280
     1
281
     0
  0
BLOCK_RECORD
  5
17C
330
1
100
AcDbSymbolTableRecord
100
AcDbBlockTableRecord
  2
Group151#1
340
0
102
{BLKREFS
331
11C3
102
}
 70
     0
280
     1
281
     0
  0
BLOCK_RECORD
  5
17F
330
1
100
AcDbSymbolTableRecord
100
AcDbBlockTableRecord
  2
Group153#1
340
0
102
{BLKREFS
331
E51
102
}
 70
     0
280
     1
281
     0
  0
BLOCK_RECORD
  5
182
330
1
100
AcDbSymbolTableRecord
100
AcDbBlockTableRecord
  2
Group154#1
340
0
102
{BLKREFS
331
EA5
102
}
 70
     0
280
     1
281
     0
  0
BLOCK_RECORD
  5
185
330
1
100
AcDbSymbolTableRecord
100
AcDbBlockTableRecord
  2
Group155#1
340
0
102
{BLKREFS
331
EA8
102
}
 70
     0
280
     1
281
     0
  0
BLOCK_RECORD
  5
188
330
1
100
AcDbSymbolTableRecord
100
AcDbBlockTableRecord
  2
Group156#1
340
0
102
{BLKREFS
331
EFC
102
}
 70
     0
280
     1
281
     0
  0
BLOCK_RECORD
  5
18B
330
1
100
AcDbSymbolTableRecord
100
AcDbBlockTableRecord
  2
Group157#1
340
0
102
{BLKREFS
331
EFF
102
}
 70
     0
280
     1
281
     0
  0
BLOCK_RECORD
  5
18E
330
1
100
AcDbSymbolTableRecord
100
AcDbBlockTableRecord
  2
Group158#1
340
0
102
{BLKREFS
331
F71
102
}
 70
     0
280
     1
281
     0
  0
BLOCK_RECORD
  5
191
330
1
100
AcDbSymbolTableRecord
100
AcDbBlockTableRecord
  2
Group159#1
340
0
102
{BLKREFS
331
F74
102
}
 70
     0
280
     1
281
     0
  0
BLOCK_RECORD
  5
194
330
1
100
AcDbSymbolTableRecord
100
AcDbBlockTableRecord
  2
Group160#1
340
0
102
{BLKREFS
331
FF5
102
}
 70
     0
280
     1
281
     0
  0
BLOCK_RECORD
  5
197
330
1
100
AcDbSymbolTableRecord
100
AcDbBlockTableRecord
  2
Group161#1
340
0
102
{BLKREFS
331
FF8
102
}
 70
     0
280
     1
281
     0
  0
BLOCK_RECORD
  5
19A
330
1
100
AcDbSymbolTableRecord
100
AcDbBlockTableRecord
  2
Group162#1
340
0
102
{BLKREFS
331
1079
102
}
 70
     0
280
     1
281
     0
  0
BLOCK_RECORD
  5
19D
330
1
100
AcDbSymbolTableRecord
100
AcDbBlockTableRecord
  2
Group163#1
340
0
102
{BLKREFS
331
107C
102
}
 70
     0
280
     1
281
     0
  0
BLOCK_RECORD
  5
1A0
330
1
100
AcDbSymbolTableRecord
100
AcDbBlockTableRecord
  2
Group164#1
340
0
102
{BLKREFS
331
10F7
102
}
 70
     0
280
     1
281
     0
  0
BLOCK_RECORD
  5
1A3
330
1
100
AcDbSymbolTableRecord
100
AcDbBlockTableRecord
  2
Group165#1
340
0
102
{BLKREFS
331
10FA
102
}
 70
     0
280
     1
281
     0
  0
BLOCK_RECORD
  5
1A6
330
1
100
AcDbSymbolTableRecord
100
AcDbBlockTableRecord
  2
Group166#1
340
0
102
{BLKREFS
331
1163
102
}
 70
     0
280
     1
281
     0
  0
BLOCK_RECORD
  5
1A9
330
1
100
AcDbSymbolTableRecord
100
AcDbBlockTableRecord
  2
Group167#1
340
0
102
{BLKREFS
331
1166
102
}
 70
     0
280
     1
281
     0
  0
BLOCK_RECORD
  5
1AC
330
1
100
AcDbSymbolTableRecord
100
AcDbBlockTableRecord
  2
Group168#1
340
0
102
{BLKREFS
331
11C6
102
}
 70
     0
280
     1
281
     0
  0
BLOCK_RECORD
  5
1AF
330
1
100
AcDbSymbolTableRecord
100
AcDbBlockTableRecord
  2
Group169#1
340
0
102
{BLKREFS
331
11C9
102
}
 70
     0
280
     1
281
     0
  0
BLOCK_RECORD
  5
1B2
330
1
100
AcDbSymbolTableRecord
100
AcDbBlockTableRecord
  2
_____ ______#4
340
0
102
{BLKREFS
331
1D0
102
}
 70
     0
280
     1
281
     0
  0
BLOCK_RECORD
  5
1B5
330
1
100
AcDbSymbolTableRecord
100
AcDbBlockTableRecord
  2
_____#22
340
0
102
{BLKREFS
331
1D3
102
}
 70
     0
280
     1
281
     0
  0
BLOCK_RECORD
  5
1B8
330
1
100
AcDbSymbolTableRecord
100
AcDbBlockTableRecord
  2
_____#23
340
0
102
{BLKREFS
331
1D6
102
}
 70
     0
280
     1
281
     0
  0
BLOCK_RECORD
  5
1BB
330
1
100
AcDbSymbolTableRecord
100
AcDbBlockTableRecord
  2
_____#31
340
0
102
{BLKREFS
331
1D9
102
}
 70
     0
280
     1
281
     0
  0
BLOCK_RECORD
  5
1BE
330
1
100
AcDbSymbolTableRecord
100
AcDbBlockTableRecord
  2
_____#32
340
0
102
{BLKREFS
331
1DC
102
}
 70
     0
280
     1
281
     0
  0
BLOCK_RECORD
  5
1C1
330
1
100
AcDbSymbolTableRecord
100
AcDbBlockTableRecord
  2
_____#33
340
0
102
{BLKREFS
331
1DF
102
}
 70
     0
280
     1
281
     0
  0
BLOCK_RECORD
  5
1C4
330
1
100
AcDbSymbolTableRecord
100
AcDbBlockTableRecord
  2
_____#3
340
0
102
{BLKREFS
331
1E2
102
}
 70
     0
280
     1
281
     0
  0
BLOCK_RECORD
  5
1C7
330
1
100
AcDbSymbolTableRecord
100
AcDbBlockTableRecord
  2
_____#34
340
0
102
{BLKREFS
331
1E5
102
}
 70
     0
280
     1
281
     0
  0
BLOCK_RECORD
  5
1CA
330
1
100
AcDbSymbolTableRecord
100
AcDbBlockTableRecord
  2
_____#35
340
0
102
{BLKREFS
331
1E8
102
}
 70
     0
280
     1
281
     0
  0
BLOCK_RECORD
  5
1CD
330
1
100
AcDbSymbolTableRecord
100
AcDbBlockTableRecord
  2
Group143#2
340
0
102
{BLKREFS
331
1200
102
}
 70
     0
280
     1
281
     0
  0
BLOCK_RECORD
  5
11CE
330
1
100
AcDbSymbolTableRecord
100
AcDbBlockTableRecord
  2
*D120
340
0
 70
     0
280
     1
281
     0
  0
BLOCK_RECORD
  5
11DC
330
1
100
AcDbSymbolTableRecord
100
AcDbBlockTableRecord
  2
*D121
340
0
 70
     0
280
     1
281
     0
  0
BLOCK_RECORD
  5
11EA
330
1
100
AcDbSymbolTableRecord
100
AcDbBlockTableRecord
  2
*D122
340
0
 70
     0
280
     1
281
     0
  0
ENDTAB
  0
ENDSEC
  0
SECTION
  2
BLOCKS
  0
BLOCK
  5
20
330
1F
100
AcDbEntity
  8
0
100
AcDbBlockBegin
  2
*Model_Space
 70
     0
 10
0.0
 20
0.0
 30
0.0
  3
*Model_Space
  1

  0
ENDBLK
  5
21
330
1F
100
AcDbEntity
  8
0
100
AcDbBlockEnd
  0
BLOCK
  5
1C
330
1B
100
AcDbEntity
 67
     1
  8
0
100
AcDbBlockBegin
  2
*Paper_Space
 70
     0
 10
0.0
 20
0.0
 30
0.0
  3
*Paper_Space
  1

  0
ENDBLK
  5
1D
330
1B
100
AcDbEntity
 67
     1
  8
0
100
AcDbBlockEnd
  0
BLOCK
  5
24
330
23
100
AcDbEntity
  8
0
100
AcDbBlockBegin
  2
*Paper_Space0
 70
     0
 10
0.0
 20
0.0
 30
0.0
  3
*Paper_Space0
  1

  0
ENDBLK
  5
25
330
23
100
AcDbEntity
  8
0
100
AcDbBlockEnd
  0
BLOCK
  5
6C
330
6B
100
AcDbEntity
  8
0
100
AcDbBlockBegin
  2
_152684____0110_280010303_THICKNESS_3
 70
     0
 10
0.0
 20
0.0
 30
0.0
  3
_152684____0110_280010303_THICKNESS_3
  1

  0
INSERT
  5
1D0
330
6B
100
AcDbEntity
  8
0
347
45
 62
     0
100
AcDbBlockReference
 66
     1
  2
_____ ______#4
 10
2.000000000000087
 20
-1.999999999999604
 30
0.0
  0
ATTRIB
  5
1D1
330
1D0
100
AcDbEntity
  8
0
100
AcDbText
 10
0.0
 20
0.0
 30
0.0
 40
1.0
  1
__6. Задня стінка
100
AcDbAttribute
  2
Skp_GroupInstanceName
 70
     0
280
     0
  0
SEQEND
  5
1D2
330
1D0
100
AcDbEntity
  8
0
347
45
 62
     0
  0
ENDBLK
  5
6D
330
6B
100
AcDbEntity
  8
0
100
AcDbBlockEnd
  0
BLOCK
  5
6F
330
6E
100
AcDbEntity
  8
0
100
AcDbBlockBegin
  2
_201238___._KRONOSPAN_5981_PD__NEW_2800207018_THICKNESS_18
 70
     0
 10
0.0
 20
0.0
 30
0.0
  3
_201238___._KRONOSPAN_5981_PD__NEW_2800207018_THICKNESS_18
  1

  0
INSERT
  5
1D3
330
6E
100
AcDbEntity
  8
0
347
45
 62
     0
100
AcDbBlockReference
 66
     1
  2
_____#22
 10
-1086.500000000003
 20
-1.50000000000002
 30
0.0
  0
ATTRIB
  5
1D4
330
1D3
100
AcDbEntity
  8
0
100
AcDbText
 10
0.0
 20
0.0
 30
0.0
 40
1.0
  1
__8. [А1] __Двері праві
100
AcDbAttribute
  2
Skp_GroupInstanceName
 70
     0
280
     0
  0
SEQEND
  5
1D5
330
1D3
100
AcDbEntity
  8
0
347
45
 62
     0
  0
INSERT
  5
1D6
330
6E
100
AcDbEntity
  8
0
347
45
 62
     0
100
AcDbBlockReference
 66
     1
  2
_____#23
 10
-2045.500000000004
 20
-1.50000000000002
 30
0.0
  0
ATTRIB
  5
1D7
330
1D6
100
AcDbEntity
  8
0
100
AcDbText
 10
0.0
 20
0.0
 30
0.0
 40
1.0
  1
__5. [А1] __Двері ліві
100
AcDbAttribute
  2
Skp_GroupInstanceName
 70
     0
280
     0
  0
SEQEND
  5
1D8
330
1D6
100
AcDbEntity
  8
0
347
45
 62
     0
  0
ENDBLK
  5
70
330
6E
100
AcDbEntity
  8
0
100
AcDbBlockEnd
  0
BLOCK
  5
72
330
71
100
AcDbEntity
  8
0
100
AcDbBlockBegin
  2
_48501___EGGER_W_1000_ST9___2800207018__THICKNESS_18
 70
     0
 10
0.0
 20
0.0
 30
0.0
  3
_48501___EGGER_W_1000_ST9___2800207018__THICKNESS_18
  1

  0
INSERT
  5
1D9
330
71
100
AcDbEntity
  8
0
347
45
 62
     0
100
AcDbBlockReference
 66
     1
  2
_____#31
 10
-3312.000000000006
 20
-17.99999999999997
 30
0.0
  0
ATTRIB
  5
1DA
330
1D9
100
AcDbEntity
  8
0
100
AcDbText
 10
0.0
 20
0.0
 30
0.0
 40
1.0
  1
__1. [А1] __Центр
100
AcDbAttribute
  2
Skp_GroupInstanceName
 70
     0
280
     0
  0
SEQEND
  5
1DB
330
1D9
100
AcDbEntity
  8
0
347
45
 62
     0
  0
INSERT
  5
1DC
330
71
100
AcDbEntity
  8
0
347
45
 62
     0
100
AcDbBlockReference
 66
     1
  2
_____#32
 10
-4310.000000000009
 20
-17.99999999999988
 30
0.0
  0
ATTRIB
  5
1DD
330
1DC
100
AcDbEntity
  8
0
100
AcDbText
 10
0.0
 20
0.0
 30
0.0
 40
1.0
  1
__7. [А1] __Ліва боковина
100
AcDbAttribute
  2
Skp_GroupInstanceName
 70
     0
280
     0
  0
SEQEND
  5
1DE
330
1DC
100
AcDbEntity
  8
0
347
45
 62
     0
  0
INSERT
  5
1DF
330
71
100
AcDbEntity
  8
0
347
45
 62
     0
100
AcDbBlockReference
 66
     1
  2
_____#33
 10
-4284.000000000009
 20
-18.00000000000034
 30
0.0
  0
ATTRIB
  5
1E0
330
1DF
100
AcDbEntity
  8
0
100
AcDbText
 10
0.0
 20
0.0
 30
0.0
 40
1.0
  1
__4. [А1] __Права боковина
100
AcDbAttribute
  2
Skp_GroupInstanceName
 70
     0
280
     0
  0
SEQEND
  5
1E1
330
1DF
100
AcDbEntity
  8
0
347
45
 62
     0
  0
INSERT
  5
1E2
330
71
100
AcDbEntity
  8
0
347
45
 62
     0
100
AcDbBlockReference
 66
     1
  2
_____#3
 10
-4894.000000000009
 20
934.0000000000007
 30
0.0
  0
ATTRIB
  5
1E3
330
1E2
100
AcDbEntity
  8
0
100
AcDbText
 10
0.0
 20
0.0
 30
0.0
 40
1.0
  1
__2. [А1] __Полиця
100
AcDbAttribute
  2
Skp_GroupInstanceName
 70
     0
280
     0
  0
SEQEND
  5
1E4
330
1E2
100
AcDbEntity
  8
0
347
45
 62
     0
  0
INSERT
  5
1E5
330
71
100
AcDbEntity
  8
0
347
45
 62
     0
100
AcDbBlockReference
 66
     1
  2
_____#34
 10
-5504.000000000009
 20
-0.0000000000001816
 30
0.0
  0
ATTRIB
  5
1E6
330
1E5
100
AcDbEntity
  8
0
100
AcDbText
 10
0.0
 20
0.0
 30
0.0
 40
1.0
  1
__3. [А1] __Дно
100
AcDbAttribute
  2
Skp_GroupInstanceName
 70
     0
280
     0
  0
SEQEND
  5
1E7
330
1E5
100
AcDbEntity
  8
0
347
45
 62
     0
  0
INSERT
  5
1E8
330
71
100
AcDbEntity
  8
0
347
45
 62
     0
100
AcDbBlockReference
 66
     1
  2
_____#35
 10
-6114.00000000001
 20
952.0000000000009
 30
0.0
  0
ATTRIB
  5
1E9
330
1E8
100
AcDbEntity
  8
0
100
AcDbText
 10
0.0
 20
0.0
 30
0.0
 40
1.0
  1
__9. [А1] __Криша
100
AcDbAttribute
  2
Skp_GroupInstanceName
 70
     0
280
     0
  0
SEQEND
  5
1EA
330
1E8
100
AcDbEntity
  8
0
347
45
 62
     0
  0
ENDBLK
  5
73
330
71
100
AcDbEntity
  8
0
100
AcDbBlockEnd
  0
BLOCK
  5
75
330
74
100
AcDbEntity
  8
0
100
AcDbBlockBegin
  2
Group327#1
 70
     0
 10
0.0
 20
0.0
 30
0.0
  3
Group327#1
  1

  0
CIRCLE
  5
1EB
330
74
100
AcDbEntity
  8
D7-DEPTHF-$44817
 62
     0
100
AcDbCircle
 10
0.0
 20
9.000000000000119
 30
0.0
 40
3.5
210
0.0
220
0.0
230
-1.0
  0
CIRCLE
  5
1EC
330
74
100
AcDbEntity
  8
D8-DEPTH12-$38878
 62
     0
100
AcDbCircle
 10
32.00000000000003
 20
9.000000000000119
 30
0.0
 40
4.0
210
0.0
220
0.0
230
-1.0
  0
ENDBLK
  5
76
330
74
100
AcDbEntity
  8
0
100
AcDbBlockEnd
  0
BLOCK
  5
78
330
77
100
AcDbEntity
  8
0
100
AcDbBlockBegin
  2
Group330#1
 70
     0
 10
0.0
 20
0.0
 30
0.0
  3
Group330#1
  1

  0
CIRCLE
  5
1ED
330
77
100
AcDbEntity
  8
D7-DEPTHF-$44817
 62
     0
100
AcDbCircle
 10
0.0
 20
9.000000000000128
 30
17.99999999999987
 40
3.5
210
0.0
220
-4.999386561857740E-16
230
-1.0
  0
ENDBLK
  5
79
330
77
100
AcDbEntity
  8
0
100
AcDbBlockEnd
  0
BLOCK
  5
7B
330
7A
100
AcDbEntity
  8
0
100
AcDbBlockBegin
  2
Group314#2
 70
     0
 10
0.0
 20
0.0
 30
0.0
  3
Group314#2
  1

  0
POLYLINE
  5
1EE
330
7A
100
AcDbEntity
  8
Dside4.5
347
45
 62
     0
100
AcDb3dPolyline
 66
     1
 10
0.0
 20
0.0
 30
0.0
 70
     9
  0
VERTEX
  5
1EF
330
1EE
100
AcDbEntity
  8
Dside4.5
 62
     0
100
AcDbVertex
100
AcDb3dPolylineVertex
 10
-2.249999999999984
 20
0.0
 30
0.0
 70
    32
  0
VERTEX
  5
1F0
330
1EE
100
AcDbEntity
  8
Dside4.5
 62
     0
100
AcDbVertex
100
AcDb3dPolylineVertex
 10
-2.249999999999984
 20
33.99999999999985
 30
0.0
 70
    32
  0
VERTEX
  5
1F1
330
1EE
100
AcDbEntity
  8
Dside4.5
 62
     0
100
AcDbVertex
100
AcDb3dPolylineVertex
 10
2.25000000000003
 20
33.99999999999985
 30
0.0
 70
    32
  0
VERTEX
  5
1F2
330
1EE
100
AcDbEntity
  8
Dside4.5
 62
     0
100
AcDbVertex
100
AcDb3dPolylineVertex
 10
2.25000000000003
 20
0.0
 30
0.0
 70
    32
  0
VERTEX
  5
1F3
330
1EE
100
AcDbEntity
  8
Dside4.5
 62
     0
100
AcDbVertex
100
AcDb3dPolylineVertex
 10
-2.249999999999984
 20
0.0
 30
0.0
 70
    32
  0
SEQEND
  5
1F4
330
1EE
100
AcDbEntity
  8
Dside4.5
347
45
 62
     0
  0
ENDBLK
  5
7C
330
7A
100
AcDbEntity
  8
0
100
AcDbBlockEnd
  0
BLOCK
  5
7E
330
7D
100
AcDbEntity
  8
0
100
AcDbBlockBegin
  2
Group314#1
 70
     0
 10
0.0
 20
0.0
 30
0.0
  3
Group314#1
  1

  0
CIRCLE
  5
1F5
330
7D
100
AcDbEntity
  8
DSIDE-8
 62
     0
100
AcDbCircle
 10
-32.0
 20
-9.000000000000119
 30
-0.0000000000000045
 40
4.0
210
0.0
220
-1.0
230
4.999386561857740E-16
  0
CIRCLE
  5
1F6
330
7D
100
AcDbEntity
  8
DSIDE-4.5
 62
     0
100
AcDbCircle
 10
0.0
 20
-9.000000000000119
 30
-0.0000000000000045
 40
2.25
210
0.0
220
-1.0
230
4.999386561857740E-16
  0
ENDBLK
  5
7F
330
7D
100
AcDbEntity
  8
0
100
AcDbBlockEnd
  0
BLOCK
  5
81
330
80
100
AcDbEntity
  8
0
100
AcDbBlockBegin
  2
Group323#1
 70
     0
 10
0.0
 20
0.0
 30
0.0
  3
Group323#1
  1

  0
CIRCLE
  5
1F7
330
80
100
AcDbEntity
  8
D7-DEPTHF-$44817
 62
     0
100
AcDbCircle
 10
0.0
 20
9.000000000000119
 30
0.0
 40
3.5
  0
CIRCLE
  5
1F8
330
80
100
AcDbEntity
  8
D8-DEPTH12-$38878
 62
     0
100
AcDbCircle
 10
32.0
 20
9.000000000000119
 30
0.0
 40
4.0
  0
ENDBLK
  5
82
330
80
100
AcDbEntity
  8
0
100
AcDbBlockEnd
  0
BLOCK
  5
84
330
83
100
AcDbEntity
  8
0
100
AcDbBlockBegin
  2
Group316#1
 70
     0
 10
0.0
 20
0.0
 30
0.0
  3
Group316#1
  1

  0
CIRCLE
  5
1F9
330
83
100
AcDbEntity
  8
Dside4.5
 62
     0
100
AcDbCircle
 10
0.0
 20
-9.000000000000119
 30
0.0
 40
2.25
210
0.0
220
1.0
230
0.0
  0
ENDBLK
  5
85
330
83
100
AcDbEntity
  8
0
100
AcDbBlockEnd
  0
BLOCK
  5
87
330
86
100
AcDbEntity
  8
0
100
AcDbBlockBegin
  2
Group315#1
 70
     0
 10
0.0
 20
0.0
 30
0.0
  3
Group315#1
  1

  0
POLYLINE
  5
1FA
330
86
100
AcDbEntity
  8
DSIDE-4.5
347
45
 62
     0
100
AcDb3dPolyline
 66
     1
 10
0.0
 20
0.0
 30
0.0
 70
     9
  0
VERTEX
  5
1FB
330
1FA
100
AcDbEntity
  8
DSIDE-4.5
 62
     0
100
AcDbVertex
100
AcDb3dPolylineVertex
 10
-2.249999999999996
 20
0.0
 30
0.0
 70
    32
  0
VERTEX
  5
1FC
330
1FA
100
AcDbEntity
  8
DSIDE-4.5
 62
     0
100
AcDbVertex
100
AcDb3dPolylineVertex
 10
-2.249999999999996
 20
-33.99999999999985
 30
0.0
 70
    32
  0
VERTEX
  5
1FD
330
1FA
100
AcDbEntity
  8
DSIDE-4.5
 62
     0
100
AcDbVertex
100
AcDb3dPolylineVertex
 10
2.250000000000007
 20
-33.99999999999985
 30
0.0
 70
    32
  0
VERTEX
  5
1FE
330
1FA
100
AcDbEntity
  8
DSIDE-4.5
 62
     0
100
AcDbVertex
100
AcDb3dPolylineVertex
 10
2.250000000000007
 20
0.0
 30
0.0
 70
    32
  0
VERTEX
  5
1FF
330
1FA
100
AcDbEntity
  8
DSIDE-4.5
 62
     0
100
AcDbVertex
100
AcDb3dPolylineVertex
 10
-2.249999999999996
 20
0.0
 30
0.0
 70
    32
  0
SEQEND
  5
200
330
1FA
100
AcDbEntity
  8
DSIDE-4.5
347
45
 62
     0
  0
POLYLINE
  5
201
330
86
100
AcDbEntity
  8
DSIDE-8
347
45
 62
     0
100
AcDb3dPolyline
 66
     1
 10
0.0
 20
0.0
 30
0.0
 70
     9
  0
VERTEX
  5
202
330
201
100
AcDbEntity
  8
DSIDE-8
 62
     0
100
AcDbVertex
100
AcDb3dPolylineVertex
 10
-36.0
 20
0.0
 30
0.0
 70
    32
  0
VERTEX
  5
203
330
201
100
AcDbEntity
  8
DSIDE-8
 62
     0
100
AcDbVertex
100
AcDb3dPolylineVertex
 10
-36.0
 20
-25.00000000000009
 30
0.0
 70
    32
  0
VERTEX
  5
204
330
201
100
AcDbEntity
  8
DSIDE-8
 62
     0
100
AcDbVertex
100
AcDb3dPolylineVertex
 10
-28.0
 20
-25.00000000000009
 30
0.0
 70
    32
  0
VERTEX
  5
205
330
201
100
AcDbEntity
  8
DSIDE-8
 62
     0
100
AcDbVertex
100
AcDb3dPolylineVertex
 10
-28.0
 20
0.0
 30
0.0
 70
    32
  0
VERTEX
  5
206
330
201
100
AcDbEntity
  8
DSIDE-8
 62
     0
100
AcDbVertex
100
AcDb3dPolylineVertex
 10
-36.0
 20
0.0
 30
0.0
 70
    32
  0
SEQEND
  5
207
330
201
100
AcDbEntity
  8
DSIDE-8
347
45
 62
     0
  0
ENDBLK
  5
88
330
86
100
AcDbEntity
  8
0
100
AcDbBlockEnd
  0
BLOCK
  5
8A
330
89
100
AcDbEntity
  8
0
100
AcDbBlockBegin
  2
Group329#1
 70
     0
 10
0.0
 20
0.0
 30
0.0
  3
Group329#1
  1

  0
POLYLINE
  5
208
330
89
100
AcDbEntity
  8
DSIDE-8
347
45
 62
     0
100
AcDb3dPolyline
 66
     1
 10
0.0
 20
0.0
 30
0.0
 70
     9
  0
VERTEX
  5
209
330
208
100
AcDbEntity
  8
DSIDE-8
 62
     0
100
AcDbVertex
100
AcDb3dPolylineVertex
 10
36.00000000000002
 20
0.0
 30
0.0
 70
    32
  0
VERTEX
  5
20A
330
208
100
AcDbEntity
  8
DSIDE-8
 62
     0
100
AcDbVertex
100
AcDb3dPolylineVertex
 10
36.00000000000002
 20
-25.00000000000009
 30
0.0
 70
    32
  0
VERTEX
  5
20B
330
208
100
AcDbEntity
  8
DSIDE-8
 62
     0
100
AcDbVertex
100
AcDb3dPolylineVertex
 10
28.00000000000004
 20
-25.00000000000009
 30
0.0
 70
    32
  0
VERTEX
  5
20C
330
208
100
AcDbEntity
  8
DSIDE-8
 62
     0
100
AcDbVertex
100
AcDb3dPolylineVertex
 10
28.00000000000004
 20
0.0
 30
0.0
 70
    32
  0
VERTEX
  5
20D
330
208
100
AcDbEntity
  8
DSIDE-8
 62
     0
100
AcDbVertex
100
AcDb3dPolylineVertex
 10
36.00000000000002
 20
0.0
 30
0.0
 70
    32
  0
SEQEND
  5
20E
330
208
100
AcDbEntity
  8
DSIDE-8
347
45
 62
     0
  0
POLYLINE
  5
20F
330
89
100
AcDbEntity
  8
DSIDE-4.5
347
45
 62
     0
100
AcDb3dPolyline
 66
     1
 10
0.0
 20
0.0
 30
0.0
 70
     9
  0
VERTEX
  5
210
330
20F
100
AcDbEntity
  8
DSIDE-4.5
 62
     0
100
AcDbVertex
100
AcDb3dPolylineVertex
 10
2.25000000000003
 20
0.0
 30
0.0
 70
    32
  0
VERTEX
  5
211
330
20F
100
AcDbEntity
  8
DSIDE-4.5
 62
     0
100
AcDbVertex
100
AcDb3dPolylineVertex
 10
2.25000000000003
 20
-33.99999999999985
 30
0.0
 70
    32
  0
VERTEX
  5
212
330
20F
100
AcDbEntity
  8
DSIDE-4.5
 62
     0
100
AcDbVertex
100
AcDb3dPolylineVertex
 10
-2.24999999999994
 20
-33.99999999999985
 30
0.0
 70
    32
  0
VERTEX
  5
213
330
20F
100
AcDbEntity
  8
DSIDE-4.5
 62
     0
100
AcDbVertex
100
AcDb3dPolylineVertex
 10
-2.24999999999994
 20
0.0
 30
0.0
 70
    32
  0
VERTEX
  5
214
330
20F
100
AcDbEntity
  8
DSIDE-4.5
 62
     0
100
AcDbVertex
100
AcDb3dPolylineVertex
 10
2.25000000000003
 20
0.0
 30
0.0
 70
    32
  0
SEQEND
  5
215
330
20F
100
AcDbEntity
  8
DSIDE-4.5
347
45
 62
     0
  0
ENDBLK
  5
8B
330
89
100
AcDbEntity
  8
0
100
AcDbBlockEnd
  0
BLOCK
  5
8D
330
8C
100
AcDbEntity
  8
0
100
AcDbBlockBegin
  2
Group317#1
 70
     0
 10
0.0
 20
0.0
 30
0.0
  3
Group317#1
  1

  0
POLYLINE
  5
216
330
8C
100
AcDbEntity
  8
Dside4.5
347
45
 62
     0
100
AcDb3dPolyline
 66
     1
 10
0.0
 20
0.0
 30
0.0
 70
     9
  0
VERTEX
  5
217
330
216
100
AcDbEntity
  8
Dside4.5
 62
     0
100
AcDbVertex
100
AcDb3dPolylineVertex
 10
2.249999999999984
 20
0.0
 30
0.0
 70
    32
  0
VERTEX
  5
218
330
216
100
AcDbEntity
  8
Dside4.5
 62
     0
100
AcDbVertex
100
AcDb3dPolylineVertex
 10
2.249999999999984
 20
-33.99999999999985
 30
0.0
 70
    32
  0
VERTEX
  5
219
330
216
100
AcDbEntity
  8
Dside4.5
 62
     0
100
AcDbVertex
100
AcDb3dPolylineVertex
 10
-2.25000000000003
 20
-33.99999999999985
 30
0.0
 70
    32
  0
VERTEX
  5
21A
330
216
100
AcDbEntity
  8
Dside4.5
 62
     0
100
AcDbVertex
100
AcDb3dPolylineVertex
 10
-2.25000000000003
 20
0.0
 30
0.0
 70
    32
  0
VERTEX
  5
21B
330
216
100
AcDbEntity
  8
Dside4.5
 62
     0
100
AcDbVertex
100
AcDb3dPolylineVertex
 10
2.249999999999984
 20
0.0
 30
0.0
 70
    32
  0
SEQEND
  5
21C
330
216
100
AcDbEntity
  8
Dside4.5
347
45
 62
     0
  0
ENDBLK
  5
8E
330
8C
100
AcDbEntity
  8
0
100
AcDbBlockEnd
  0
BLOCK
  5
90
330
8F
100
AcDbEntity
  8
0
100
AcDbBlockBegin
  2
Group312#1
 70
     0
 10
0.0
 20
0.0
 30
0.0
  3
Group312#1
  1

  0
CIRCLE
  5
21D
330
8F
100
AcDbEntity
  8
D7-DEPTHF-$44817
 62
     0
100
AcDbCircle
 10
0.0
 20
-9.00000000000011
 30
17.99999999999988
 40
3.5
210
0.0
220
-4.999386561857740E-16
230
-1.0
  0
ENDBLK
  5
91
330
8F
100
AcDbEntity
  8
0
100
AcDbBlockEnd
  0
BLOCK
  5
93
330
92
100
AcDbEntity
  8
0
100
AcDbBlockBegin
  2
Group313#1
 70
     0
 10
0.0
 20
0.0
 30
0.0
  3
Group313#1
  1

  0
CIRCLE
  5
21E
330
92
100
AcDbEntity
  8
D8-DEPTH12-$38878
 62
     0
100
AcDbCircle
 10
-32.0
 20
-9.000000000000119
 30
0.0
 40
4.0
210
0.0
220
0.0
230
-1.0
  0
CIRCLE
  5
21F
330
92
100
AcDbEntity
  8
D7-DEPTHF-$44817
 62
     0
100
AcDbCircle
 10
0.0
 20
-9.000000000000119
 30
0.0
 40
3.5
210
0.0
220
0.0
230
-1.0
  0
ENDBLK
  5
94
330
92
100
AcDbEntity
  8
0
100
AcDbBlockEnd
  0
BLOCK
  5
96
330
95
100
AcDbEntity
  8
0
100
AcDbBlockBegin
  2
Group319#1
 70
     0
 10
0.0
 20
0.0
 30
0.0
  3
Group319#1
  1

  0
CIRCLE
  5
220
330
95
100
AcDbEntity
  8
D8-DEPTH12-$38878
 62
     0
100
AcDbCircle
 10
-32.00000000000003
 20
9.000000000000119
 30
0.0
 40
4.0
  0
CIRCLE
  5
221
330
95
100
AcDbEntity
  8
D7-DEPTHF-$44817
 62
     0
100
AcDbCircle
 10
0.0
 20
9.000000000000119
 30
0.0
 40
3.5
  0
ENDBLK
  5
97
330
95
100
AcDbEntity
  8
0
100
AcDbBlockEnd
  0
BLOCK
  5
99
330
98
100
AcDbEntity
  8
0
100
AcDbBlockBegin
  2
Group321#1
 70
     0
 10
0.0
 20
0.0
 30
0.0
  3
Group321#1
  1

  0
POLYLINE
  5
222
330
98
100
AcDbEntity
  8
DSIDE-8
347
45
 62
     0
100
AcDb3dPolyline
 66
     1
 10
0.0
 20
0.0
 30
0.0
 70
     9
  0
VERTEX
  5
223
330
222
100
AcDbEntity
  8
DSIDE-8
 62
     0
100
AcDbVertex
100
AcDb3dPolylineVertex
 10
36.00000000000002
 20
0.0
 30
0.0
 70
    32
  0
VERTEX
  5
224
330
222
100
AcDbEntity
  8
DSIDE-8
 62
     0
100
AcDbVertex
100
AcDb3dPolylineVertex
 10
36.00000000000002
 20
25.00000000000009
 30
0.0
 70
    32
  0
VERTEX
  5
225
330
222
100
AcDbEntity
  8
DSIDE-8
 62
     0
100
AcDbVertex
100
AcDb3dPolylineVertex
 10
28.00000000000004
 20
25.00000000000009
 30
0.0
 70
    32
  0
VERTEX
  5
226
330
222
100
AcDbEntity
  8
DSIDE-8
 62
     0
100
AcDbVertex
100
AcDb3dPolylineVertex
 10
28.00000000000004
 20
0.0
 30
0.0
 70
    32
  0
VERTEX
  5
227
330
222
100
AcDbEntity
  8
DSIDE-8
 62
     0
100
AcDbVertex
100
AcDb3dPolylineVertex
 10
36.00000000000002
 20
0.0
 30
0.0
 70
    32
  0
SEQEND
  5
228
330
222
100
AcDbEntity
  8
DSIDE-8
347
45
 62
     0
  0
POLYLINE
  5
229
330
98
100
AcDbEntity
  8
DSIDE-4.5
347
45
 62
     0
100
AcDb3dPolyline
 66
     1
 10
0.0
 20
0.0
 30
0.0
 70
     9
  0
VERTEX
  5
22A
330
229
100
AcDbEntity
  8
DSIDE-4.5
 62
     0
100
AcDbVertex
100
AcDb3dPolylineVertex
 10
2.25000000000003
 20
0.0
 30
0.0
 70
    32
  0
VERTEX
  5
22B
330
229
100
AcDbEntity
  8
DSIDE-4.5
 62
     0
100
AcDbVertex
100
AcDb3dPolylineVertex
 10
2.25000000000003
 20
33.99999999999985
 30
0.0
 70
    32
  0
VERTEX
  5
22C
330
229
100
AcDbEntity
  8
DSIDE-4.5
 62
     0
100
AcDbVertex
100
AcDb3dPolylineVertex
 10
-2.24999999999994
 20
33.99999999999985
 30
0.0
 70
    32
  0
VERTEX
  5
22D
330
229
100
AcDbEntity
  8
DSIDE-4.5
 62
     0
100
AcDbVertex
100
AcDb3dPolylineVertex
 10
-2.24999999999994
 20
0.0
 30
0.0
 70
    32
  0
VERTEX
  5
22E
330
229
100
AcDbEntity
  8
DSIDE-4.5
 62
     0
100
AcDbVertex
100
AcDb3dPolylineVertex
 10
2.25000000000003
 20
0.0
 30
0.0
 70
    32
  0
SEQEND
  5
22F
330
229
100
AcDbEntity
  8
DSIDE-4.5
347
45
 62
     0
  0
ENDBLK
  5
9A
330
98
100
AcDbEntity
  8
0
100
AcDbBlockEnd
  0
BLOCK
  5
9C
330
9B
100
AcDbEntity
  8
0
100
AcDbBlockBegin
  2
Group313#2
 70
     0
 10
0.0
 20
0.0
 30
0.0
  3
Group313#2
  1

  0
CIRCLE
  5
230
330
9B
100
AcDbEntity
  8
Dside4.5
 62
     0
100
AcDbCircle
 10
0.0
 20
-9.000000000000119
 30
0.0
 40
2.25
210
0.0
220
-1.0
230
0.0
  0
ENDBLK
  5
9D
330
9B
100
AcDbEntity
  8
0
100
AcDbBlockEnd
  0
BLOCK
  5
9F
330
9E
100
AcDbEntity
  8
0
100
AcDbBlockBegin
  2
Group332#1
 70
     0
 10
0.0
 20
0.0
 30
0.0
  3
Group332#1
  1

  0
CIRCLE
  5
231
330
9E
100
AcDbEntity
  8
DSIDE-4.5
 62
     0
100
AcDbCircle
 10
0.0
 20
9.000000000000119
 30
0.0000000000000045
 40
2.25
210
0.0
220
-1.0
230
4.999386561857740E-16
  0
CIRCLE
  5
232
330
9E
100
AcDbEntity
  8
DSIDE-8
 62
     0
100
AcDbCircle
 10
-32.0
 20
9.000000000000119
 30
0.0000000000000045
 40
4.0
210
0.0
220
-1.0
230
4.999386561857740E-16
  0
ENDBLK
  5
A0
330
9E
100
AcDbEntity
  8
0
100
AcDbBlockEnd
  0
BLOCK
  5
A2
330
A1
100
AcDbEntity
  8
0
100
AcDbBlockBegin
  2
Group320#1
 70
     0
 10
0.0
 20
0.0
 30
0.0
  3
Group320#1
  1

  0
CIRCLE
  5
233
330
A1
100
AcDbEntity
  8
DSIDE-8
 62
     0
100
AcDbCircle
 10
-32.00000000000003
 20
9.000000000000119
 30
-0.0000000000000045
 40
4.0
210
0.0
220
1.0
230
-4.999386561857740E-16
  0
CIRCLE
  5
234
330
A1
100
AcDbEntity
  8
DSIDE-4.5
 62
     0
100
AcDbCircle
 10
0.0
 20
9.000000000000119
 30
-0.0000000000000045
 40
2.25
210
0.0
220
1.0
230
-4.999386561857740E-16
  0
ENDBLK
  5
A3
330
A1
100
AcDbEntity
  8
0
100
AcDbBlockEnd
  0
BLOCK
  5
A5
330
A4
100
AcDbEntity
  8
0
100
AcDbBlockBegin
  2
Group325#1
 70
     0
 10
0.0
 20
0.0
 30
0.0
  3
Group325#1
  1

  0
POLYLINE
  5
235
330
A4
100
AcDbEntity
  8
DSIDE-4.5
347
45
 62
     0
100
AcDb3dPolyline
 66
     1
 10
0.0
 20
0.0
 30
0.0
 70
     9
  0
VERTEX
  5
236
330
235
100
AcDbEntity
  8
DSIDE-4.5
 62
     0
100
AcDbVertex
100
AcDb3dPolylineVertex
 10
-2.249999999999996
 20
0.0
 30
0.0
 70
    32
  0
VERTEX
  5
237
330
235
100
AcDbEntity
  8
DSIDE-4.5
 62
     0
100
AcDbVertex
100
AcDb3dPolylineVertex
 10
-2.249999999999996
 20
33.99999999999985
 30
0.0
 70
    32
  0
VERTEX
  5
238
330
235
100
AcDbEntity
  8
DSIDE-4.5
 62
     0
100
AcDbVertex
100
AcDb3dPolylineVertex
 10
2.250000000000007
 20
33.99999999999985
 30
0.0
 70
    32
  0
VERTEX
  5
239
330
235
100
AcDbEntity
  8
DSIDE-4.5
 62
     0
100
AcDbVertex
100
AcDb3dPolylineVertex
 10
2.250000000000007
 20
0.0
 30
0.0
 70
    32
  0
VERTEX
  5
23A
330
235
100
AcDbEntity
  8
DSIDE-4.5
 62
     0
100
AcDbVertex
100
AcDb3dPolylineVertex
 10
-2.249999999999996
 20
0.0
 30
0.0
 70
    32
  0
SEQEND
  5
23B
330
235
100
AcDbEntity
  8
DSIDE-4.5
347
45
 62
     0
  0
POLYLINE
  5
23C
330
A4
100
AcDbEntity
  8
DSIDE-8
347
45
 62
     0
100
AcDb3dPolyline
 66
     1
 10
0.0
 20
0.0
 30
0.0
 70
     9
  0
VERTEX
  5
23D
330
23C
100
AcDbEntity
  8
DSIDE-8
 62
     0
100
AcDbVertex
100
AcDb3dPolylineVertex
 10
-36.0
 20
0.0
 30
0.0
 70
    32
  0
VERTEX
  5
23E
330
23C
100
AcDbEntity
  8
DSIDE-8
 62
     0
100
AcDbVertex
100
AcDb3dPolylineVertex
 10
-36.0
 20
25.00000000000009
 30
0.0
 70
    32
  0
VERTEX
  5
23F
330
23C
100
AcDbEntity
  8
DSIDE-8
 62
     0
100
AcDbVertex
100
AcDb3dPolylineVertex
 10
-28.0
 20
25.00000000000009
 30
0.0
 70
    32
  0
VERTEX
  5
240
330
23C
100
AcDbEntity
  8
DSIDE-8
 62
     0
100
AcDbVertex
100
AcDb3dPolylineVertex
 10
-28.0
 20
0.0
 30
0.0
 70
    32
  0
VERTEX
  5
241
330
23C
100
AcDbEntity
  8
DSIDE-8
 62
     0
100
AcDbVertex
100
AcDb3dPolylineVertex
 10
-36.0
 20
0.0
 30
0.0
 70
    32
  0
SEQEND
  5
242
330
23C
100
AcDbEntity
  8
DSIDE-8
347
45
 62
     0
  0
ENDBLK
  5
A6
330
A4
100
AcDbEntity
  8
0
100
AcDbBlockEnd
  0
BLOCK
  5
A8
330
A7
100
AcDbEntity
  8
0
100
AcDbBlockBegin
  2
Group335#1
 70
     0
 10
0.0
 20
0.0
 30
0.0
  3
Group335#1
  1

  0
POLYLINE
  5
243
330
A7
100
AcDbEntity
  8
Dside4.5
347
45
 62
     0
100
AcDb3dPolyline
 66
     1
 10
0.0
 20
0.0
 30
0.0
 70
     9
  0
VERTEX
  5
244
330
243
100
AcDbEntity
  8
Dside4.5
 62
     0
100
AcDbVertex
100
AcDb3dPolylineVertex
 10
2.249999999999984
 20
0.0
 30
0.0
 70
    32
  0
VERTEX
  5
245
330
243
100
AcDbEntity
  8
Dside4.5
 62
     0
100
AcDbVertex
100
AcDb3dPolylineVertex
 10
2.249999999999984
 20
-33.99999999999985
 30
0.0
 70
    32
  0
VERTEX
  5
246
330
243
100
AcDbEntity
  8
Dside4.5
 62
     0
100
AcDbVertex
100
AcDb3dPolylineVertex
 10
-2.25000000000003
 20
-33.99999999999985
 30
0.0
 70
    32
  0
VERTEX
  5
247
330
243
100
AcDbEntity
  8
Dside4.5
 62
     0
100
AcDbVertex
100
AcDb3dPolylineVertex
 10
-2.25000000000003
 20
0.0
 30
0.0
 70
    32
  0
VERTEX
  5
248
330
243
100
AcDbEntity
  8
Dside4.5
 62
     0
100
AcDbVertex
100
AcDb3dPolylineVertex
 10
2.249999999999984
 20
0.0
 30
0.0
 70
    32
  0
SEQEND
  5
249
330
243
100
AcDbEntity
  8
Dside4.5
347
45
 62
     0
  0
ENDBLK
  5
A9
330
A7
100
AcDbEntity
  8
0
100
AcDbBlockEnd
  0
BLOCK
  5
AB
330
AA
100
AcDbEntity
  8
0
100
AcDbBlockBegin
  2
Group346#1
 70
     0
 10
0.0
 20
0.0
 30
0.0
  3
Group346#1
  1

  0
CIRCLE
  5
24A
330
AA
100
AcDbEntity
  8
DSIDE-8
 62
     0
100
AcDbCircle
 10
-32.00000000000003
 20
-9.000000000000119
 30
-0.0000000000000045
 40
4.0
210
0.0
220
-1.0
230
4.999386561857740E-16
  0
CIRCLE
  5
24B
330
AA
100
AcDbEntity
  8
DSIDE-4.5
 62
     0
100
AcDbCircle
 10
0.0
 20
-9.000000000000119
 30
-0.0000000000000045
 40
2.25
210
0.0
220
-1.0
230
4.999386561857740E-16
  0
ENDBLK
  5
AC
330
AA
100
AcDbEntity
  8
0
100
AcDbBlockEnd
  0
BLOCK
  5
AE
330
AD
100
AcDbEntity
  8
0
100
AcDbBlockBegin
  2
Group345#1
 70
     0
 10
0.0
 20
0.0
 30
0.0
  3
Group345#1
  1

  0
CIRCLE
  5
24C
330
AD
100
AcDbEntity
  8
D8-DEPTH12-$38878
 62
     0
100
AcDbCircle
 10
-32.00000000000003
 20
-9.000000000000119
 30
0.0
 40
4.0
210
0.0
220
0.0
230
-1.0
  0
CIRCLE
  5
24D
330
AD
100
AcDbEntity
  8
D7-DEPTHF-$44817
 62
     0
100
AcDbCircle
 10
0.0
 20
-9.000000000000119
 30
0.0
 40
3.5
210
0.0
220
0.0
230
-1.0
  0
ENDBLK
  5
AF
330
AD
100
AcDbEntity
  8
0
100
AcDbBlockEnd
  0
BLOCK
  5
B1
330
B0
100
AcDbEntity
  8
0
100
AcDbBlockBegin
  2
Group338#1
 70
     0
 10
0.0
 20
0.0
 30
0.0
  3
Group338#1
  1

  0
CIRCLE
  5
24E
330
B0
100
AcDbEntity
  8
DSIDE-8
 62
     0
100
AcDbCircle
 10
32.00000000000003
 20
-9.000000000000119
 30
0.0000000000000045
 40
4.0
210
0.0
220
1.0
230
-4.999386561857740E-16
  0
CIRCLE
  5
24F
330
B0
100
AcDbEntity
  8
DSIDE-4.5
 62
     0
100
AcDbCircle
 10
0.0
 20
-9.000000000000119
 30
0.0000000000000045
 40
2.25
210
0.0
220
1.0
230
-4.999386561857740E-16
  0
ENDBLK
  5
B2
330
B0
100
AcDbEntity
  8
0
100
AcDbBlockEnd
  0
BLOCK
  5
B4
330
B3
100
AcDbEntity
  8
0
100
AcDbBlockBegin
  2
Group348#1
 70
     0
 10
0.0
 20
0.0
 30
0.0
  3
Group348#1
  1

  0
CIRCLE
  5
250
330
B3
100
AcDbEntity
  8
D7-DEPTHF-$44817
 62
     0
100
AcDbCircle
 10
0.0
 20
-9.00000000000011
 30
18.00000000000024
 40
3.5
210
0.0
220
-4.999386561857740E-16
230
-1.0
  0
ENDBLK
  5
B5
330
B3
100
AcDbEntity
  8
0
100
AcDbBlockEnd
  0
BLOCK
  5
B7
330
B6
100
AcDbEntity
  8
0
100
AcDbBlockBegin
  2
Group341#1
 70
     0
 10
0.0
 20
0.0
 30
0.0
  3
Group341#1
  1

  0
CIRCLE
  5
251
330
B6
100
AcDbEntity
  8
D7-DEPTHF-$44817
 62
     0
100
AcDbCircle
 10
0.0
 20
-9.000000000000119
 30
0.0
 40
3.5
  0
CIRCLE
  5
252
330
B6
100
AcDbEntity
  8
D8-DEPTH12-$38878
 62
     0
100
AcDbCircle
 10
-32.0
 20
-9.000000000000119
 30
0.0
 40
4.0
  0
ENDBLK
  5
B8
330
B6
100
AcDbEntity
  8
0
100
AcDbBlockEnd
  0
BLOCK
  5
BA
330
B9
100
AcDbEntity
  8
0
100
AcDbBlockBegin
  2
Group332#2
 70
     0
 10
0.0
 20
0.0
 30
0.0
  3
Group332#2
  1

  0
POLYLINE
  5
253
330
B9
100
AcDbEntity
  8
Dside4.5
347
45
 62
     0
100
AcDb3dPolyline
 66
     1
 10
0.0
 20
0.0
 30
0.0
 70
     9
  0
VERTEX
  5
254
330
253
100
AcDbEntity
  8
Dside4.5
 62
     0
100
AcDbVertex
100
AcDb3dPolylineVertex
 10
-2.249999999999984
 20
0.0
 30
0.0
 70
    32
  0
VERTEX
  5
255
330
253
100
AcDbEntity
  8
Dside4.5
 62
     0
100
AcDbVertex
100
AcDb3dPolylineVertex
 10
-2.249999999999984
 20
33.99999999999985
 30
0.0
 70
    32
  0
VERTEX
  5
256
330
253
100
AcDbEntity
  8
Dside4.5
 62
     0
100
AcDbVertex
100
AcDb3dPolylineVertex
 10
2.25000000000003
 20
33.99999999999985
 30
0.0
 70
    32
  0
VERTEX
  5
257
330
253
100
AcDbEntity
  8
Dside4.5
 62
     0
100
AcDbVertex
100
AcDb3dPolylineVertex
 10
2.25000000000003
 20
0.0
 30
0.0
 70
    32
  0
VERTEX
  5
258
330
253
100
AcDbEntity
  8
Dside4.5
 62
     0
100
AcDbVertex
100
AcDb3dPolylineVertex
 10
-2.249999999999984
 20
0.0
 30
0.0
 70
    32
  0
SEQEND
  5
259
330
253
100
AcDbEntity
  8
Dside4.5
347
45
 62
     0
  0
ENDBLK
  5
BB
330
B9
100
AcDbEntity
  8
0
100
AcDbBlockEnd
  0
BLOCK
  5
BD
330
BC
100
AcDbEntity
  8
0
100
AcDbBlockBegin
  2
Group337#1
 70
     0
 10
0.0
 20
0.0
 30
0.0
  3
Group337#1
  1

  0
CIRCLE
  5
25A
330
BC
100
AcDbEntity
  8
D8-DEPTH12-$38878
 62
     0
100
AcDbCircle
 10
32.00000000000003
 20
-9.000000000000119
 30
0.0
 40
4.0
  0
CIRCLE
  5
25B
330
BC
100
AcDbEntity
  8
D7-DEPTHF-$44817
 62
     0
100
AcDbCircle
 10
0.0
 20
-9.000000000000119
 30
0.0
 40
3.5
  0
ENDBLK
  5
BE
330
BC
100
AcDbEntity
  8
0
100
AcDbBlockEnd
  0
BLOCK
  5
C0
330
BF
100
AcDbEntity
  8
0
100
AcDbBlockBegin
  2
Group331#1
 70
     0
 10
0.0
 20
0.0
 30
0.0
  3
Group331#1
  1

  0
CIRCLE
  5
25C
330
BF
100
AcDbEntity
  8
D7-DEPTHF-$44817
 62
     0
100
AcDbCircle
 10
0.0
 20
9.000000000000119
 30
0.0
 40
3.5
210
0.0
220
0.0
230
-1.0
  0
CIRCLE
  5
25D
330
BF
100
AcDbEntity
  8
D8-DEPTH12-$38878
 62
     0
100
AcDbCircle
 10
-32.0
 20
9.000000000000119
 30
0.0
 40
4.0
210
0.0
220
0.0
230
-1.0
  0
ENDBLK
  5
C1
330
BF
100
AcDbEntity
  8
0
100
AcDbBlockEnd
  0
BLOCK
  5
C3
330
C2
100
AcDbEntity
  8
0
100
AcDbBlockBegin
  2
Group333#2
 70
     0
 10
0.0
 20
0.0
 30
0.0
  3
Group333#2
  1

  0
CIRCLE
  5
25E
330
C2
100
AcDbEntity
  8
D7-DEPTHF-$44817
 62
     0
100
AcDbCircle
 10
0.0
 20
9.000000000000119
 30
17.99999999999988
 40
3.5
  0
ENDBLK
  5
C4
330
C2
100
AcDbEntity
  8
0
100
AcDbBlockEnd
  0
BLOCK
  5
C6
330
C5
100
AcDbEntity
  8
0
100
AcDbBlockBegin
  2
Group347#1
 70
     0
 10
0.0
 20
0.0
 30
0.0
  3
Group347#1
  1

  0
POLYLINE
  5
25F
330
C5
100
AcDbEntity
  8
DSIDE-4.5
347
45
 62
     0
100
AcDb3dPolyline
 66
     1
 10
0.0
 20
0.0
 30
0.0
 70
     9
  0
VERTEX
  5
260
330
25F
100
AcDbEntity
  8
DSIDE-4.5
 62
     0
100
AcDbVertex
100
AcDb3dPolylineVertex
 10
-2.25000000000003
 20
0.0
 30
0.0
 70
    32
  0
VERTEX
  5
261
330
25F
100
AcDbEntity
  8
DSIDE-4.5
 62
     0
100
AcDbVertex
100
AcDb3dPolylineVertex
 10
-2.25000000000003
 20
-34.00000000000021
 30
0.0
 70
    32
  0
VERTEX
  5
262
330
25F
100
AcDbEntity
  8
DSIDE-4.5
 62
     0
100
AcDbVertex
100
AcDb3dPolylineVertex
 10
2.24999999999994
 20
-34.00000000000021
 30
0.0
 70
    32
  0
VERTEX
  5
263
330
25F
100
AcDbEntity
  8
DSIDE-4.5
 62
     0
100
AcDbVertex
100
AcDb3dPolylineVertex
 10
2.24999999999994
 20
0.0
 30
0.0
 70
    32
  0
VERTEX
  5
264
330
25F
100
AcDbEntity
  8
DSIDE-4.5
 62
     0
100
AcDbVertex
100
AcDb3dPolylineVertex
 10
-2.25000000000003
 20
0.0
 30
0.0
 70
    32
  0
SEQEND
  5
265
330
25F
100
AcDbEntity
  8
DSIDE-4.5
347
45
 62
     0
  0
POLYLINE
  5
266
330
C5
100
AcDbEntity
  8
DSIDE-8
347
45
 62
     0
100
AcDb3dPolyline
 66
     1
 10
0.0
 20
0.0
 30
0.0
 70
     9
  0
VERTEX
  5
267
330
266
100
AcDbEntity
  8
DSIDE-8
 62
     0
100
AcDbVertex
100
AcDb3dPolylineVertex
 10
-36.00000000000002
 20
0.0
 30
0.0
 70
    32
  0
VERTEX
  5
268
330
266
100
AcDbEntity
  8
DSIDE-8
 62
     0
100
AcDbVertex
100
AcDb3dPolylineVertex
 10
-36.00000000000002
 20
-25.00000000000009
 30
0.0
 70
    32
  0
VERTEX
  5
269
330
266
100
AcDbEntity
  8
DSIDE-8
 62
     0
100
AcDbVertex
100
AcDb3dPolylineVertex
 10
-28.00000000000004
 20
-25.00000000000009
 30
0.0
 70
    32
  0
VERTEX
  5
26A
330
266
100
AcDbEntity
  8
DSIDE-8
 62
     0
100
AcDbVertex
100
AcDb3dPolylineVertex
 10
-28.00000000000004
 20
0.0
 30
0.0
 70
    32
  0
VERTEX
  5
26B
330
266
100
AcDbEntity
  8
DSIDE-8
 62
     0
100
AcDbVertex
100
AcDb3dPolylineVertex
 10
-36.00000000000002
 20
0.0
 30
0.0
 70
    32
  0
SEQEND
  5
26C
330
266
100
AcDbEntity
  8
DSIDE-8
347
45
 62
     0
  0
ENDBLK
  5
C7
330
C5
100
AcDbEntity
  8
0
100
AcDbBlockEnd
  0
BLOCK
  5
C9
330
C8
100
AcDbEntity
  8
0
100
AcDbBlockBegin
  2
Group359#1
 70
     0
 10
0.0
 20
0.0
 30
0.0
  3
Group359#1
  1

  0
CIRCLE
  5
26D
330
C8
100
AcDbEntity
  8
D8-DEPTH12-$38878
 62
     0
100
AcDbCircle
 10
32.0
 20
-9.000000000000119
 30
0.0
 40
4.0
  0
CIRCLE
  5
26E
330
C8
100
AcDbEntity
  8
D7-DEPTHF-$44817
 62
     0
100
AcDbCircle
 10
0.0
 20
-9.000000000000119
 30
0.0
 40
3.5
  0
ENDBLK
  5
CA
330
C8
100
AcDbEntity
  8
0
100
AcDbBlockEnd
  0
BLOCK
  5
CC
330
CB
100
AcDbEntity
  8
0
100
AcDbBlockBegin
  2
Group356#1
 70
     0
 10
0.0
 20
0.0
 30
0.0
  3
Group356#1
  1

  0
CIRCLE
  5
26F
330
CB
100
AcDbEntity
  8
DSIDE-8
 62
     0
100
AcDbCircle
 10
-32.00000000000003
 20
-9.000000000000119
 30
0.0000000000000045
 40
4.0
210
0.0
220
1.0
230
-4.999386561857740E-16
  0
CIRCLE
  5
270
330
CB
100
AcDbEntity
  8
DSIDE-4.5
 62
     0
100
AcDbCircle
 10
0.0
 20
-9.000000000000119
 30
0.0000000000000045
 40
2.25
210
0.0
220
1.0
230
-4.999386561857740E-16
  0
ENDBLK
  5
CD
330
CB
100
AcDbEntity
  8
0
100
AcDbBlockEnd
  0
BLOCK
  5
CF
330
CE
100
AcDbEntity
  8
0
100
AcDbBlockBegin
  2
Group328#1
 70
     0
 10
0.0
 20
0.0
 30
0.0
  3
Group328#1
  1

  0
CIRCLE
  5
271
330
CE
100
AcDbEntity
  8
DSIDE-4.5
 62
     0
100
AcDbCircle
 10
0.0
 20
9.000000000000119
 30
0.0000000000000045
 40
2.25
210
0.0
220
-1.0
230
4.999386561857740E-16
  0
CIRCLE
  5
272
330
CE
100
AcDbEntity
  8
DSIDE-8
 62
     0
100
AcDbCircle
 10
32.00000000000003
 20
9.000000000000119
 30
0.0000000000000045
 40
4.0
210
0.0
220
-1.0
230
4.999386561857740E-16
  0
ENDBLK
  5
D0
330
CE
100
AcDbEntity
  8
0
100
AcDbBlockEnd
  0
BLOCK
  5
D2
330
D1
100
AcDbEntity
  8
0
100
AcDbBlockBegin
  2
Group343#1
 70
     0
 10
0.0
 20
0.0
 30
0.0
  3
Group343#1
  1

  0
POLYLINE
  5
273
330
D1
100
AcDbEntity
  8
DSIDE-4.5
347
45
 62
     0
100
AcDb3dPolyline
 66
     1
 10
0.0
 20
0.0
 30
0.0
 70
     9
  0
VERTEX
  5
274
330
273
100
AcDbEntity
  8
DSIDE-4.5
 62
     0
100
AcDbVertex
100
AcDb3dPolylineVertex
 10
2.249999999999996
 20
0.0
 30
0.0
 70
    32
  0
VERTEX
  5
275
330
273
100
AcDbEntity
  8
DSIDE-4.5
 62
     0
100
AcDbVertex
100
AcDb3dPolylineVertex
 10
2.249999999999996
 20
33.99999999999985
 30
0.0
 70
    32
  0
VERTEX
  5
276
330
273
100
AcDbEntity
  8
DSIDE-4.5
 62
     0
100
AcDbVertex
100
AcDb3dPolylineVertex
 10
-2.250000000000007
 20
33.99999999999985
 30
0.0
 70
    32
  0
VERTEX
  5
277
330
273
100
AcDbEntity
  8
DSIDE-4.5
 62
     0
100
AcDbVertex
100
AcDb3dPolylineVertex
 10
-2.250000000000007
 20
0.0
 30
0.0
 70
    32
  0
VERTEX
  5
278
330
273
100
AcDbEntity
  8
DSIDE-4.5
 62
     0
100
AcDbVertex
100
AcDb3dPolylineVertex
 10
2.249999999999996
 20
0.0
 30
0.0
 70
    32
  0
SEQEND
  5
279
330
273
100
AcDbEntity
  8
DSIDE-4.5
347
45
 62
     0
  0
POLYLINE
  5
27A
330
D1
100
AcDbEntity
  8
DSIDE-8
347
45
 62
     0
100
AcDb3dPolyline
 66
     1
 10
0.0
 20
0.0
 30
0.0
 70
     9
  0
VERTEX
  5
27B
330
27A
100
AcDbEntity
  8
DSIDE-8
 62
     0
100
AcDbVertex
100
AcDb3dPolylineVertex
 10
36.0
 20
0.0
 30
0.0
 70
    32
  0
VERTEX
  5
27C
330
27A
100
AcDbEntity
  8
DSIDE-8
 62
     0
100
AcDbVertex
100
AcDb3dPolylineVertex
 10
36.0
 20
25.00000000000009
 30
0.0
 70
    32
  0
VERTEX
  5
27D
330
27A
100
AcDbEntity
  8
DSIDE-8
 62
     0
100
AcDbVertex
100
AcDb3dPolylineVertex
 10
28.0
 20
25.00000000000009
 30
0.0
 70
    32
  0
VERTEX
  5
27E
330
27A
100
AcDbEntity
  8
DSIDE-8
 62
     0
100
AcDbVertex
100
AcDb3dPolylineVertex
 10
28.0
 20
0.0
 30
0.0
 70
    32
  0
VERTEX
  5
27F
330
27A
100
AcDbEntity
  8
DSIDE-8
 62
     0
100
AcDbVertex
100
AcDb3dPolylineVertex
 10
36.0
 20
0.0
 30
0.0
 70
    32
  0
SEQEND
  5
280
330
27A
100
AcDbEntity
  8
DSIDE-8
347
45
 62
     0
  0
ENDBLK
  5
D3
330
D1
100
AcDbEntity
  8
0
100
AcDbBlockEnd
  0
BLOCK
  5
D5
330
D4
100
AcDbEntity
  8
0
100
AcDbBlockBegin
  2
Group333#1
 70
     0
 10
0.0
 20
0.0
 30
0.0
  3
Group333#1
  1

  0
POLYLINE
  5
281
330
D4
100
AcDbEntity
  8
DSIDE-8
347
45
 62
     0
100
AcDb3dPolyline
 66
     1
 10
0.0
 20
0.0
 30
0.0
 70
     9
  0
VERTEX
  5
282
330
281
100
AcDbEntity
  8
DSIDE-8
 62
     0
100
AcDbVertex
100
AcDb3dPolylineVertex
 10
-36.0
 20
0.0
 30
0.0
 70
    32
  0
VERTEX
  5
283
330
281
100
AcDbEntity
  8
DSIDE-8
 62
     0
100
AcDbVertex
100
AcDb3dPolylineVertex
 10
-36.0
 20
-25.00000000000009
 30
0.0
 70
    32
  0
VERTEX
  5
284
330
281
100
AcDbEntity
  8
DSIDE-8
 62
     0
100
AcDbVertex
100
AcDb3dPolylineVertex
 10
-28.0
 20
-25.00000000000009
 30
0.0
 70
    32
  0
VERTEX
  5
285
330
281
100
AcDbEntity
  8
DSIDE-8
 62
     0
100
AcDbVertex
100
AcDb3dPolylineVertex
 10
-28.0
 20
0.0
 30
0.0
 70
    32
  0
VERTEX
  5
286
330
281
100
AcDbEntity
  8
DSIDE-8
 62
     0
100
AcDbVertex
100
AcDb3dPolylineVertex
 10
-36.0
 20
0.0
 30
0.0
 70
    32
  0
SEQEND
  5
287
330
281
100
AcDbEntity
  8
DSIDE-8
347
45
 62
     0
  0
POLYLINE
  5
288
330
D4
100
AcDbEntity
  8
DSIDE-4.5
347
45
 62
     0
100
AcDb3dPolyline
 66
     1
 10
0.0
 20
0.0
 30
0.0
 70
     9
  0
VERTEX
  5
289
330
288
100
AcDbEntity
  8
DSIDE-4.5
 62
     0
100
AcDbVertex
100
AcDb3dPolylineVertex
 10
-2.249999999999996
 20
0.0
 30
0.0
 70
    32
  0
VERTEX
  5
28A
330
288
100
AcDbEntity
  8
DSIDE-4.5
 62
     0
100
AcDbVertex
100
AcDb3dPolylineVertex
 10
-2.249999999999996
 20
-33.99999999999985
 30
0.0
 70
    32
  0
VERTEX
  5
28B
330
288
100
AcDbEntity
  8
DSIDE-4.5
 62
     0
100
AcDbVertex
100
AcDb3dPolylineVertex
 10
2.250000000000007
 20
-33.99999999999985
 30
0.0
 70
    32
  0
VERTEX
  5
28C
330
288
100
AcDbEntity
  8
DSIDE-4.5
 62
     0
100
AcDbVertex
100
AcDb3dPolylineVertex
 10
2.250000000000007
 20
0.0
 30
0.0
 70
    32
  0
VERTEX
  5
28D
330
288
100
AcDbEntity
  8
DSIDE-4.5
 62
     0
100
AcDbVertex
100
AcDb3dPolylineVertex
 10
-2.249999999999996
 20
0.0
 30
0.0
 70
    32
  0
SEQEND
  5
28E
330
288
100
AcDbEntity
  8
DSIDE-4.5
347
45
 62
     0
  0
ENDBLK
  5
D6
330
D4
100
AcDbEntity
  8
0
100
AcDbBlockEnd
  0
BLOCK
  5
D8
330
D7
100
AcDbEntity
  8
0
100
AcDbBlockBegin
  2
Group339#1
 70
     0
 10
0.0
 20
0.0
 30
0.0
  3
Group339#1
  1

  0
POLYLINE
  5
28F
330
D7
100
AcDbEntity
  8
DSIDE-8
347
45
 62
     0
100
AcDb3dPolyline
 66
     1
 10
0.0
 20
0.0
 30
0.0
 70
     9
  0
VERTEX
  5
290
330
28F
100
AcDbEntity
  8
DSIDE-8
 62
     0
100
AcDbVertex
100
AcDb3dPolylineVertex
 10
-36.00000000000002
 20
0.0
 30
0.0
 70
    32
  0
VERTEX
  5
291
330
28F
100
AcDbEntity
  8
DSIDE-8
 62
     0
100
AcDbVertex
100
AcDb3dPolylineVertex
 10
-36.00000000000002
 20
25.00000000000009
 30
0.0
 70
    32
  0
VERTEX
  5
292
330
28F
100
AcDbEntity
  8
DSIDE-8
 62
     0
100
AcDbVertex
100
AcDb3dPolylineVertex
 10
-28.00000000000004
 20
25.00000000000009
 30
0.0
 70
    32
  0
VERTEX
  5
293
330
28F
100
AcDbEntity
  8
DSIDE-8
 62
     0
100
AcDbVertex
100
AcDb3dPolylineVertex
 10
-28.00000000000004
 20
0.0
 30
0.0
 70
    32
  0
VERTEX
  5
294
330
28F
100
AcDbEntity
  8
DSIDE-8
 62
     0
100
AcDbVertex
100
AcDb3dPolylineVertex
 10
-36.00000000000002
 20
0.0
 30
0.0
 70
    32
  0
SEQEND
  5
295
330
28F
100
AcDbEntity
  8
DSIDE-8
347
45
 62
     0
  0
POLYLINE
  5
296
330
D7
100
AcDbEntity
  8
DSIDE-4.5
347
45
 62
     0
100
AcDb3dPolyline
 66
     1
 10
0.0
 20
0.0
 30
0.0
 70
     9
  0
VERTEX
  5
297
330
296
100
AcDbEntity
  8
DSIDE-4.5
 62
     0
100
AcDbVertex
100
AcDb3dPolylineVertex
 10
-2.25000000000003
 20
0.0
 30
0.0
 70
    32
  0
VERTEX
  5
298
330
296
100
AcDbEntity
  8
DSIDE-4.5
 62
     0
100
AcDbVertex
100
AcDb3dPolylineVertex
 10
-2.25000000000003
 20
33.99999999999985
 30
0.0
 70
    32
  0
VERTEX
  5
299
330
296
100
AcDbEntity
  8
DSIDE-4.5
 62
     0
100
AcDbVertex
100
AcDb3dPolylineVertex
 10
2.24999999999994
 20
33.99999999999985
 30
0.0
 70
    32
  0
VERTEX
  5
29A
330
296
100
AcDbEntity
  8
DSIDE-4.5
 62
     0
100
AcDbVertex
100
AcDb3dPolylineVertex
 10
2.24999999999994
 20
0.0
 30
0.0
 70
    32
  0
VERTEX
  5
29B
330
296
100
AcDbEntity
  8
DSIDE-4.5
 62
     0
100
AcDbVertex
100
AcDb3dPolylineVertex
 10
-2.25000000000003
 20
0.0
 30
0.0
 70
    32
  0
SEQEND
  5
29C
330
296
100
AcDbEntity
  8
DSIDE-4.5
347
45
 62
     0
  0
ENDBLK
  5
D9
330
D7
100
AcDbEntity
  8
0
100
AcDbBlockEnd
  0
BLOCK
  5
DB
330
DA
100
AcDbEntity
  8
0
100
AcDbBlockBegin
  2
Group350#1
 70
     0
 10
0.0
 20
0.0
 30
0.0
  3
Group350#1
  1

  0
CIRCLE
  5
29D
330
DA
100
AcDbEntity
  8
DSIDE-4.5
 62
     0
100
AcDbCircle
 10
0.0
 20
-9.000000000000119
 30
-0.0000000000000045
 40
2.25
210
0.0
220
-1.0
230
4.999386561857740E-16
  0
CIRCLE
  5
29E
330
DA
100
AcDbEntity
  8
DSIDE-8
 62
     0
100
AcDbCircle
 10
32.0
 20
-9.000000000000119
 30
-0.0000000000000045
 40
4.0
210
0.0
220
-1.0
230
4.999386561857740E-16
  0
ENDBLK
  5
DC
330
DA
100
AcDbEntity
  8
0
100
AcDbBlockEnd
  0
BLOCK
  5
DE
330
DD
100
AcDbEntity
  8
0
100
AcDbBlockBegin
  2
Group351#1
 70
     0
 10
0.0
 20
0.0
 30
0.0
  3
Group351#1
  1

  0
POLYLINE
  5
29F
330
DD
100
AcDbEntity
  8
DSIDE-4.5
347
45
 62
     0
100
AcDb3dPolyline
 66
     1
 10
0.0
 20
0.0
 30
0.0
 70
     9
  0
VERTEX
  5
2A0
330
29F
100
AcDbEntity
  8
DSIDE-4.5
 62
     0
100
AcDbVertex
100
AcDb3dPolylineVertex
 10
2.249999999999996
 20
0.0
 30
0.0
 70
    32
  0
VERTEX
  5
2A1
330
29F
100
AcDbEntity
  8
DSIDE-4.5
 62
     0
100
AcDbVertex
100
AcDb3dPolylineVertex
 10
2.249999999999996
 20
-34.00000000000021
 30
0.0
 70
    32
  0
VERTEX
  5
2A2
330
29F
100
AcDbEntity
  8
DSIDE-4.5
 62
     0
100
AcDbVertex
100
AcDb3dPolylineVertex
 10
-2.250000000000007
 20
-34.00000000000021
 30
0.0
 70
    32
  0
VERTEX
  5
2A3
330
29F
100
AcDbEntity
  8
DSIDE-4.5
 62
     0
100
AcDbVertex
100
AcDb3dPolylineVertex
 10
-2.250000000000007
 20
0.0
 30
0.0
 70
    32
  0
VERTEX
  5
2A4
330
29F
100
AcDbEntity
  8
DSIDE-4.5
 62
     0
100
AcDbVertex
100
AcDb3dPolylineVertex
 10
2.249999999999996
 20
0.0
 30
0.0
 70
    32
  0
SEQEND
  5
2A5
330
29F
100
AcDbEntity
  8
DSIDE-4.5
347
45
 62
     0
  0
POLYLINE
  5
2A6
330
DD
100
AcDbEntity
  8
DSIDE-8
347
45
 62
     0
100
AcDb3dPolyline
 66
     1
 10
0.0
 20
0.0
 30
0.0
 70
     9
  0
VERTEX
  5
2A7
330
2A6
100
AcDbEntity
  8
DSIDE-8
 62
     0
100
AcDbVertex
100
AcDb3dPolylineVertex
 10
36.0
 20
0.0
 30
0.0
 70
    32
  0
VERTEX
  5
2A8
330
2A6
100
AcDbEntity
  8
DSIDE-8
 62
     0
100
AcDbVertex
100
AcDb3dPolylineVertex
 10
36.0
 20
-25.00000000000009
 30
0.0
 70
    32
  0
VERTEX
  5
2A9
330
2A6
100
AcDbEntity
  8
DSIDE-8
 62
     0
100
AcDbVertex
100
AcDb3dPolylineVertex
 10
28.0
 20
-25.00000000000009
 30
0.0
 70
    32
  0
VERTEX
  5
2AA
330
2A6
100
AcDbEntity
  8
DSIDE-8
 62
     0
100
AcDbVertex
100
AcDb3dPolylineVertex
 10
28.0
 20
0.0
 30
0.0
 70
    32
  0
VERTEX
  5
2AB
330
2A6
100
AcDbEntity
  8
DSIDE-8
 62
     0
100
AcDbVertex
100
AcDb3dPolylineVertex
 10
36.0
 20
0.0
 30
0.0
 70
    32
  0
SEQEND
  5
2AC
330
2A6
100
AcDbEntity
  8
DSIDE-8
347
45
 62
     0
  0
ENDBLK
  5
DF
330
DD
100
AcDbEntity
  8
0
100
AcDbBlockEnd
  0
BLOCK
  5
E1
330
E0
100
AcDbEntity
  8
0
100
AcDbBlockBegin
  2
Group342#1
 70
     0
 10
0.0
 20
0.0
 30
0.0
  3
Group342#1
  1

  0
CIRCLE
  5
2AD
330
E0
100
AcDbEntity
  8
DSIDE-8
 62
     0
100
AcDbCircle
 10
-32.0
 20
-9.000000000000119
 30
0.0000000000000045
 40
4.0
210
0.0
220
1.0
230
-4.999386561857740E-16
  0
CIRCLE
  5
2AE
330
E0
100
AcDbEntity
  8
DSIDE-4.5
 62
     0
100
AcDbCircle
 10
0.0
 20
-9.000000000000119
 30
0.0000000000000045
 40
2.25
210
0.0
220
1.0
230
-4.999386561857740E-16
  0
ENDBLK
  5
E2
330
E0
100
AcDbEntity
  8
0
100
AcDbBlockEnd
  0
BLOCK
  5
E4
330
E3
100
AcDbEntity
  8
0
100
AcDbBlockBegin
  2
Group331#2
 70
     0
 10
0.0
 20
0.0
 30
0.0
  3
Group331#2
  1

  0
CIRCLE
  5
2AF
330
E3
100
AcDbEntity
  8
Dside4.5
 62
     0
100
AcDbCircle
 10
0.0
 20
9.000000000000119
 30
0.0
 40
2.25
210
0.0
220
-1.0
230
0.0
  0
ENDBLK
  5
E5
330
E3
100
AcDbEntity
  8
0
100
AcDbBlockEnd
  0
BLOCK
  5
E7
330
E6
100
AcDbEntity
  8
0
100
AcDbBlockBegin
  2
Group349#2
 70
     0
 10
0.0
 20
0.0
 30
0.0
  3
Group349#2
  1

  0
CIRCLE
  5
2B0
330
E6
100
AcDbEntity
  8
Dside4.5
 62
     0
100
AcDbCircle
 10
0.0
 20
-9.000000000000119
 30
0.0
 40
2.25
210
0.0
220
-1.0
230
0.0
  0
ENDBLK
  5
E8
330
E6
100
AcDbEntity
  8
0
100
AcDbBlockEnd
  0
BLOCK
  5
EA
330
E9
100
AcDbEntity
  8
0
100
AcDbBlockBegin
  2
Group351#2
 70
     0
 10
0.0
 20
0.0
 30
0.0
  3
Group351#2
  1

  0
CIRCLE
  5
2B1
330
E9
100
AcDbEntity
  8
D7-DEPTHF-$44817
 62
     0
100
AcDbCircle
 10
0.0
 20
-9.000000000000119
 30
18.00000000000024
 40
3.5
  0
ENDBLK
  5
EB
330
E9
100
AcDbEntity
  8
0
100
AcDbBlockEnd
  0
BLOCK
  5
ED
330
EC
100
AcDbEntity
  8
0
100
AcDbBlockBegin
  2
Group349#1
 70
     0
 10
0.0
 20
0.0
 30
0.0
  3
Group349#1
  1

  0
CIRCLE
  5
2B2
330
EC
100
AcDbEntity
  8
D8-DEPTH12-$38878
 62
     0
100
AcDbCircle
 10
32.0
 20
-9.000000000000119
 30
0.0
 40
4.0
210
0.0
220
0.0
230
-1.0
  0
CIRCLE
  5
2B3
330
EC
100
AcDbEntity
  8
D7-DEPTHF-$44817
 62
     0
100
AcDbCircle
 10
0.0
 20
-9.000000000000119
 30
0.0
 40
3.5
210
0.0
220
0.0
230
-1.0
  0
ENDBLK
  5
EE
330
EC
100
AcDbEntity
  8
0
100
AcDbBlockEnd
  0
BLOCK
  5
F0
330
EF
100
AcDbEntity
  8
0
100
AcDbBlockBegin
  2
Group334#1
 70
     0
 10
0.0
 20
0.0
 30
0.0
  3
Group334#1
  1

  0
CIRCLE
  5
2B4
330
EF
100
AcDbEntity
  8
Dside4.5
 62
     0
100
AcDbCircle
 10
0.0
 20
9.000000000000119
 30
0.0
 40
2.25
210
0.0
220
1.0
230
0.0
  0
ENDBLK
  5
F1
330
EF
100
AcDbEntity
  8
0
100
AcDbBlockEnd
  0
BLOCK
  5
F3
330
F2
100
AcDbEntity
  8
0
100
AcDbBlockBegin
  2
Group367#1
 70
     0
 10
0.0
 20
0.0
 30
0.0
  3
Group367#1
  1

  0
CIRCLE
  5
2B5
330
F2
100
AcDbEntity
  8
D7-DEPTHF-$44817
 62
     0
100
AcDbCircle
 10
0.0
 20
-9.000000000000119
 30
0.0
 40
3.5
210
0.0
220
0.0
230
-1.0
  0
CIRCLE
  5
2B6
330
F2
100
AcDbEntity
  8
D8-DEPTH12-$38878
 62
     0
100
AcDbCircle
 10
-32.0
 20
-9.000000000000119
 30
0.0
 40
4.0
210
0.0
220
0.0
230
-1.0
  0
ENDBLK
  5
F4
330
F2
100
AcDbEntity
  8
0
100
AcDbBlockEnd
  0
BLOCK
  5
F6
330
F5
100
AcDbEntity
  8
0
100
AcDbBlockBegin
  2
Group369#2
 70
     0
 10
0.0
 20
0.0
 30
0.0
  3
Group369#2
  1

  0
CIRCLE
  5
2B7
330
F5
100
AcDbEntity
  8
D7-DEPTHF-$44817
 62
     0
100
AcDbCircle
 10
0.0
 20
-9.000000000000119
 30
17.99999999999988
 40
3.5
  0
ENDBLK
  5
F7
330
F5
100
AcDbEntity
  8
0
100
AcDbBlockEnd
  0
BLOCK
  5
F9
330
F8
100
AcDbEntity
  8
0
100
AcDbBlockBegin
  2
Group370#1
 70
     0
 10
0.0
 20
0.0
 30
0.0
  3
Group370#1
  1

  0
CIRCLE
  5
2B8
330
F8
100
AcDbEntity
  8
Dside4.5
 62
     0
100
AcDbCircle
 10
0.0
 20
-9.000000000000119
 30
0.0
 40
2.25
210
0.0
220
1.0
230
0.0
  0
ENDBLK
  5
FA
330
F8
100
AcDbEntity
  8
0
100
AcDbBlockEnd
  0
BLOCK
  5
FC
330
FB
100
AcDbEntity
  8
0
100
AcDbBlockBegin
  2
Group360#1
 70
     0
 10
0.0
 20
0.0
 30
0.0
  3
Group360#1
  1

  0
CIRCLE
  5
2B9
330
FB
100
AcDbEntity
  8
DSIDE-8
 62
     0
100
AcDbCircle
 10
32.0
 20
-9.000000000000119
 30
0.0000000000000045
 40
4.0
210
0.0
220
1.0
230
-4.999386561857740E-16
  0
CIRCLE
  5
2BA
330
FB
100
AcDbEntity
  8
DSIDE-4.5
 62
     0
100
AcDbCircle
 10
0.0
 20
-9.000000000000119
 30
0.0000000000000045
 40
2.25
210
0.0
220
1.0
230
-4.999386561857740E-16
  0
ENDBLK
  5
FD
330
FB
100
AcDbEntity
  8
0
100
AcDbBlockEnd
  0
BLOCK
  5
FF
330
FE
100
AcDbEntity
  8
0
100
AcDbBlockBegin
  2
Group355#1
 70
     0
 10
0.0
 20
0.0
 30
0.0
  3
Group355#1
  1

  0
CIRCLE
  5
2BB
330
FE
100
AcDbEntity
  8
D8-DEPTH12-$38878
 62
     0
100
AcDbCircle
 10
-32.00000000000003
 20
-9.000000000000119
 30
0.0
 40
4.0
  0
CIRCLE
  5
2BC
330
FE
100
AcDbEntity
  8
D7-DEPTHF-$44817
 62
     0
100
AcDbCircle
 10
0.0
 20
-9.000000000000119
 30
0.0
 40
3.5
  0
ENDBLK
  5
100
330
FE
100
AcDbEntity
  8
0
100
AcDbBlockEnd
  0
BLOCK
  5
102
330
101
100
AcDbEntity
  8
0
100
AcDbBlockBegin
  2
Group365#1
 70
     0
 10
0.0
 20
0.0
 30
0.0
  3
Group365#1
  1

  0
POLYLINE
  5
2BD
330
101
100
AcDbEntity
  8
DSIDE-8
347
45
 62
     0
100
AcDb3dPolyline
 66
     1
 10
0.0
 20
0.0
 30
0.0
 70
     9
  0
VERTEX
  5
2BE
330
2BD
100
AcDbEntity
  8
DSIDE-8
 62
     0
100
AcDbVertex
100
AcDb3dPolylineVertex
 10
36.00000000000002
 20
0.0
 30
0.0
 70
    32
  0
VERTEX
  5
2BF
330
2BD
100
AcDbEntity
  8
DSIDE-8
 62
     0
100
AcDbVertex
100
AcDb3dPolylineVertex
 10
36.00000000000002
 20
-25.00000000000009
 30
0.0
 70
    32
  0
VERTEX
  5
2C0
330
2BD
100
AcDbEntity
  8
DSIDE-8
 62
     0
100
AcDbVertex
100
AcDb3dPolylineVertex
 10
28.00000000000004
 20
-25.00000000000009
 30
0.0
 70
    32
  0
VERTEX
  5
2C1
330
2BD
100
AcDbEntity
  8
DSIDE-8
 62
     0
100
AcDbVertex
100
AcDb3dPolylineVertex
 10
28.00000000000004
 20
0.0
 30
0.0
 70
    32
  0
VERTEX
  5
2C2
330
2BD
100
AcDbEntity
  8
DSIDE-8
 62
     0
100
AcDbVertex
100
AcDb3dPolylineVertex
 10
36.00000000000002
 20
0.0
 30
0.0
 70
    32
  0
SEQEND
  5
2C3
330
2BD
100
AcDbEntity
  8
DSIDE-8
347
45
 62
     0
  0
POLYLINE
  5
2C4
330
101
100
AcDbEntity
  8
DSIDE-4.5
347
45
 62
     0
100
AcDb3dPolyline
 66
     1
 10
0.0
 20
0.0
 30
0.0
 70
     9
  0
VERTEX
  5
2C5
330
2C4
100
AcDbEntity
  8
DSIDE-4.5
 62
     0
100
AcDbVertex
100
AcDb3dPolylineVertex
 10
2.25000000000003
 20
0.0
 30
0.0
 70
    32
  0
VERTEX
  5
2C6
330
2C4
100
AcDbEntity
  8
DSIDE-4.5
 62
     0
100
AcDbVertex
100
AcDb3dPolylineVertex
 10
2.25000000000003
 20
-33.99999999999985
 30
0.0
 70
    32
  0
VERTEX
  5
2C7
330
2C4
100
AcDbEntity
  8
DSIDE-4.5
 62
     0
100
AcDbVertex
100
AcDb3dPolylineVertex
 10
-2.24999999999994
 20
-33.99999999999985
 30
0.0
 70
    32
  0
VERTEX
  5
2C8
330
2C4
100
AcDbEntity
  8
DSIDE-4.5
 62
     0
100
AcDbVertex
100
AcDb3dPolylineVertex
 10
-2.24999999999994
 20
0.0
 30
0.0
 70
    32
  0
VERTEX
  5
2C9
330
2C4
100
AcDbEntity
  8
DSIDE-4.5
 62
     0
100
AcDbVertex
100
AcDb3dPolylineVertex
 10
2.25000000000003
 20
0.0
 30
0.0
 70
    32
  0
SEQEND
  5
2CA
330
2C4
100
AcDbEntity
  8
DSIDE-4.5
347
45
 62
     0
  0
ENDBLK
  5
103
330
101
100
AcDbEntity
  8
0
100
AcDbBlockEnd
  0
BLOCK
  5
105
330
104
100
AcDbEntity
  8
0
100
AcDbBlockBegin
  2
Group363#1
 70
     0
 10
0.0
 20
0.0
 30
0.0
  3
Group363#1
  1

  0
CIRCLE
  5
2CB
330
104
100
AcDbEntity
  8
D7-DEPTHF-$44817
 62
     0
100
AcDbCircle
 10
0.0
 20
-9.000000000000119
 30
0.0
 40
3.5
210
0.0
220
0.0
230
-1.0
  0
CIRCLE
  5
2CC
330
104
100
AcDbEntity
  8
D8-DEPTH12-$38878
 62
     0
100
AcDbCircle
 10
32.00000000000003
 20
-9.000000000000119
 30
0.0
 40
4.0
210
0.0
220
0.0
230
-1.0
  0
ENDBLK
  5
106
330
104
100
AcDbEntity
  8
0
100
AcDbBlockEnd
  0
BLOCK
  5
108
330
107
100
AcDbEntity
  8
0
100
AcDbBlockBegin
  2
Group367#2
 70
     0
 10
0.0
 20
0.0
 30
0.0
  3
Group367#2
  1

  0
CIRCLE
  5
2CD
330
107
100
AcDbEntity
  8
Dside4.5
 62
     0
100
AcDbCircle
 10
0.0
 20
-9.000000000000119
 30
0.0
 40
2.25
210
0.0
220
-1.0
230
0.0
  0
ENDBLK
  5
109
330
107
100
AcDbEntity
  8
0
100
AcDbBlockEnd
  0
BLOCK
  5
10B
330
10A
100
AcDbEntity
  8
0
100
AcDbBlockBegin
  2
Group361#1
 70
     0
 10
0.0
 20
0.0
 30
0.0
  3
Group361#1
  1

  0
POLYLINE
  5
2CE
330
10A
100
AcDbEntity
  8
DSIDE-4.5
347
45
 62
     0
100
AcDb3dPolyline
 66
     1
 10
0.0
 20
0.0
 30
0.0
 70
     9
  0
VERTEX
  5
2CF
330
2CE
100
AcDbEntity
  8
DSIDE-4.5
 62
     0
100
AcDbVertex
100
AcDb3dPolylineVertex
 10
-2.249999999999996
 20
0.0
 30
0.0
 70
    32
  0
VERTEX
  5
2D0
330
2CE
100
AcDbEntity
  8
DSIDE-4.5
 62
     0
100
AcDbVertex
100
AcDb3dPolylineVertex
 10
-2.249999999999996
 20
33.99999999999985
 30
0.0
 70
    32
  0
VERTEX
  5
2D1
330
2CE
100
AcDbEntity
  8
DSIDE-4.5
 62
     0
100
AcDbVertex
100
AcDb3dPolylineVertex
 10
2.250000000000007
 20
33.99999999999985
 30
0.0
 70
    32
  0
VERTEX
  5
2D2
330
2CE
100
AcDbEntity
  8
DSIDE-4.5
 62
     0
100
AcDbVertex
100
AcDb3dPolylineVertex
 10
2.250000000000007
 20
0.0
 30
0.0
 70
    32
  0
VERTEX
  5
2D3
330
2CE
100
AcDbEntity
  8
DSIDE-4.5
 62
     0
100
AcDbVertex
100
AcDb3dPolylineVertex
 10
-2.249999999999996
 20
0.0
 30
0.0
 70
    32
  0
SEQEND
  5
2D4
330
2CE
100
AcDbEntity
  8
DSIDE-4.5
347
45
 62
     0
  0
POLYLINE
  5
2D5
330
10A
100
AcDbEntity
  8
DSIDE-8
347
45
 62
     0
100
AcDb3dPolyline
 66
     1
 10
0.0
 20
0.0
 30
0.0
 70
     9
  0
VERTEX
  5
2D6
330
2D5
100
AcDbEntity
  8
DSIDE-8
 62
     0
100
AcDbVertex
100
AcDb3dPolylineVertex
 10
-36.0
 20
0.0
 30
0.0
 70
    32
  0
VERTEX
  5
2D7
330
2D5
100
AcDbEntity
  8
DSIDE-8
 62
     0
100
AcDbVertex
100
AcDb3dPolylineVertex
 10
-36.0
 20
25.00000000000009
 30
0.0
 70
    32
  0
VERTEX
  5
2D8
330
2D5
100
AcDbEntity
  8
DSIDE-8
 62
     0
100
AcDbVertex
100
AcDb3dPolylineVertex
 10
-28.0
 20
25.00000000000009
 30
0.0
 70
    32
  0
VERTEX
  5
2D9
330
2D5
100
AcDbEntity
  8
DSIDE-8
 62
     0
100
AcDbVertex
100
AcDb3dPolylineVertex
 10
-28.0
 20
0.0
 30
0.0
 70
    32
  0
VERTEX
  5
2DA
330
2D5
100
AcDbEntity
  8
DSIDE-8
 62
     0
100
AcDbVertex
100
AcDb3dPolylineVertex
 10
-36.0
 20
0.0
 30
0.0
 70
    32
  0
SEQEND
  5
2DB
330
2D5
100
AcDbEntity
  8
DSIDE-8
347
45
 62
     0
  0
ENDBLK
  5
10C
330
10A
100
AcDbEntity
  8
0
100
AcDbBlockEnd
  0
BLOCK
  5
10E
330
10D
100
AcDbEntity
  8
0
100
AcDbBlockBegin
  2
Group366#1
 70
     0
 10
0.0
 20
0.0
 30
0.0
  3
Group366#1
  1

  0
CIRCLE
  5
2DC
330
10D
100
AcDbEntity
  8
D7-DEPTHF-$44817
 62
     0
100
AcDbCircle
 10
0.0
 20
-9.00000000000011
 30
17.99999999999988
 40
3.5
210
0.0
220
-4.999386561857740E-16
230
-1.0
  0
ENDBLK
  5
10F
330
10D
100
AcDbEntity
  8
0
100
AcDbBlockEnd
  0
BLOCK
  5
111
330
110
100
AcDbEntity
  8
0
100
AcDbBlockBegin
  2
Group368#1
 70
     0
 10
0.0
 20
0.0
 30
0.0
  3
Group368#1
  1

  0
CIRCLE
  5
2DD
330
110
100
AcDbEntity
  8
DSIDE-4.5
 62
     0
100
AcDbCircle
 10
0.0
 20
-9.000000000000119
 30
-0.0000000000000045
 40
2.25
210
0.0
220
-1.0
230
4.999386561857740E-16
  0
CIRCLE
  5
2DE
330
110
100
AcDbEntity
  8
DSIDE-8
 62
     0
100
AcDbCircle
 10
-32.0
 20
-9.000000000000119
 30
-0.0000000000000045
 40
4.0
210
0.0
220
-1.0
230
4.999386561857740E-16
  0
ENDBLK
  5
112
330
110
100
AcDbEntity
  8
0
100
AcDbBlockEnd
  0
BLOCK
  5
114
330
113
100
AcDbEntity
  8
0
100
AcDbBlockBegin
  2
Group352#1
 70
     0
 10
0.0
 20
0.0
 30
0.0
  3
Group352#1
  1

  0
CIRCLE
  5
2DF
330
113
100
AcDbEntity
  8
Dside4.5
 62
     0
100
AcDbCircle
 10
0.0
 20
-9.000000000000119
 30
0.0
 40
2.25
210
0.0
220
1.0
230
0.0
  0
ENDBLK
  5
115
330
113
100
AcDbEntity
  8
0
100
AcDbBlockEnd
  0
BLOCK
  5
117
330
116
100
AcDbEntity
  8
0
100
AcDbBlockBegin
  2
Group350#2
 70
     0
 10
0.0
 20
0.0
 30
0.0
  3
Group350#2
  1

  0
POLYLINE
  5
2E0
330
116
100
AcDbEntity
  8
Dside4.5
347
45
 62
     0
100
AcDb3dPolyline
 66
     1
 10
0.0
 20
0.0
 30
0.0
 70
     9
  0
VERTEX
  5
2E1
330
2E0
100
AcDbEntity
  8
Dside4.5
 62
     0
100
AcDbVertex
100
AcDb3dPolylineVertex
 10
-2.249999999999984
 20
0.0
 30
0.0
 70
    32
  0
VERTEX
  5
2E2
330
2E0
100
AcDbEntity
  8
Dside4.5
 62
     0
100
AcDbVertex
100
AcDb3dPolylineVertex
 10
-2.249999999999984
 20
33.99999999999985
 30
0.0
 70
    32
  0
VERTEX
  5
2E3
330
2E0
100
AcDbEntity
  8
Dside4.5
 62
     0
100
AcDbVertex
100
AcDb3dPolylineVertex
 10
2.25000000000003
 20
33.99999999999985
 30
0.0
 70
    32
  0
VERTEX
  5
2E4
330
2E0
100
AcDbEntity
  8
Dside4.5
 62
     0
100
AcDbVertex
100
AcDb3dPolylineVertex
 10
2.25000000000003
 20
0.0
 30
0.0
 70
    32
  0
VERTEX
  5
2E5
330
2E0
100
AcDbEntity
  8
Dside4.5
 62
     0
100
AcDbVertex
100
AcDb3dPolylineVertex
 10
-2.249999999999984
 20
0.0
 30
0.0
 70
    32
  0
SEQEND
  5
2E6
330
2E0
100
AcDbEntity
  8
Dside4.5
347
45
 62
     0
  0
ENDBLK
  5
118
330
116
100
AcDbEntity
  8
0
100
AcDbBlockEnd
  0
BLOCK
  5
11A
330
119
100
AcDbEntity
  8
0
100
AcDbBlockBegin
  2
Group369#1
 70
     0
 10
0.0
 20
0.0
 30
0.0
  3
Group369#1
  1

  0
POLYLINE
  5
2E7
330
119
100
AcDbEntity
  8
DSIDE-4.5
347
45
 62
     0
100
AcDb3dPolyline
 66
     1
 10
0.0
 20
0.0
 30
0.0
 70
     9
  0
VERTEX
  5
2E8
330
2E7
100
AcDbEntity
  8
DSIDE-4.5
 62
     0
100
AcDbVertex
100
AcDb3dPolylineVertex
 10
-2.249999999999996
 20
0.0
 30
0.0
 70
    32
  0
VERTEX
  5
2E9
330
2E7
100
AcDbEntity
  8
DSIDE-4.5
 62
     0
100
AcDbVertex
100
AcDb3dPolylineVertex
 10
-2.249999999999996
 20
-33.99999999999985
 30
0.0
 70
    32
  0
VERTEX
  5
2EA
330
2E7
100
AcDbEntity
  8
DSIDE-4.5
 62
     0
100
AcDbVertex
100
AcDb3dPolylineVertex
 10
2.250000000000007
 20
-33.99999999999985
 30
0.0
 70
    32
  0
VERTEX
  5
2EB
330
2E7
100
AcDbEntity
  8
DSIDE-4.5
 62
     0
100
AcDbVertex
100
AcDb3dPolylineVertex
 10
2.250000000000007
 20
0.0
 30
0.0
 70
    32
  0
VERTEX
  5
2EC
330
2E7
100
AcDbEntity
  8
DSIDE-4.5
 62
     0
100
AcDbVertex
100
AcDb3dPolylineVertex
 10
-2.249999999999996
 20
0.0
 30
0.0
 70
    32
  0
SEQEND
  5
2ED
330
2E7
100
AcDbEntity
  8
DSIDE-4.5
347
45
 62
     0
  0
POLYLINE
  5
2EE
330
119
100
AcDbEntity
  8
DSIDE-8
347
45
 62
     0
100
AcDb3dPolyline
 66
     1
 10
0.0
 20
0.0
 30
0.0
 70
     9
  0
VERTEX
  5
2EF
330
2EE
100
AcDbEntity
  8
DSIDE-8
 62
     0
100
AcDbVertex
100
AcDb3dPolylineVertex
 10
-36.0
 20
0.0
 30
0.0
 70
    32
  0
VERTEX
  5
2F0
330
2EE
100
AcDbEntity
  8
DSIDE-8
 62
     0
100
AcDbVertex
100
AcDb3dPolylineVertex
 10
-36.0
 20
-25.00000000000009
 30
0.0
 70
    32
  0
VERTEX
  5
2F1
330
2EE
100
AcDbEntity
  8
DSIDE-8
 62
     0
100
AcDbVertex
100
AcDb3dPolylineVertex
 10
-28.0
 20
-25.00000000000009
 30
0.0
 70
    32
  0
VERTEX
  5
2F2
330
2EE
100
AcDbEntity
  8
DSIDE-8
 62
     0
100
AcDbVertex
100
AcDb3dPolylineVertex
 10
-28.0
 20
0.0
 30
0.0
 70
    32
  0
VERTEX
  5
2F3
330
2EE
100
AcDbEntity
  8
DSIDE-8
 62
     0
100
AcDbVertex
100
AcDb3dPolylineVertex
 10
-36.0
 20
0.0
 30
0.0
 70
    32
  0
SEQEND
  5
2F4
330
2EE
100
AcDbEntity
  8
DSIDE-8
347
45
 62
     0
  0
ENDBLK
  5
11B
330
119
100
AcDbEntity
  8
0
100
AcDbBlockEnd
  0
BLOCK
  5
11D
330
11C
100
AcDbEntity
  8
0
100
AcDbBlockBegin
  2
Group368#2
 70
     0
 10
0.0
 20
0.0
 30
0.0
  3
Group368#2
  1

  0
POLYLINE
  5
2F5
330
11C
100
AcDbEntity
  8
Dside4.5
347
45
 62
     0
100
AcDb3dPolyline
 66
     1
 10
0.0
 20
0.0
 30
0.0
 70
     9
  0
VERTEX
  5
2F6
330
2F5
100
AcDbEntity
  8
Dside4.5
 62
     0
100
AcDbVertex
100
AcDb3dPolylineVertex
 10
-2.249999999999984
 20
0.0
 30
0.0
 70
    32
  0
VERTEX
  5
2F7
330
2F5
100
AcDbEntity
  8
Dside4.5
 62
     0
100
AcDbVertex
100
AcDb3dPolylineVertex
 10
-2.249999999999984
 20
33.99999999999985
 30
0.0
 70
    32
  0
VERTEX
  5
2F8
330
2F5
100
AcDbEntity
  8
Dside4.5
 62
     0
100
AcDbVertex
100
AcDb3dPolylineVertex
 10
2.25000000000003
 20
33.99999999999985
 30
0.0
 70
    32
  0
VERTEX
  5
2F9
330
2F5
100
AcDbEntity
  8
Dside4.5
 62
     0
100
AcDbVertex
100
AcDb3dPolylineVertex
 10
2.25000000000003
 20
0.0
 30
0.0
 70
    32
  0
VERTEX
  5
2FA
330
2F5
100
AcDbEntity
  8
Dside4.5
 62
     0
100
AcDbVertex
100
AcDb3dPolylineVertex
 10
-2.249999999999984
 20
0.0
 30
0.0
 70
    32
  0
SEQEND
  5
2FB
330
2F5
100
AcDbEntity
  8
Dside4.5
347
45
 62
     0
  0
ENDBLK
  5
11E
330
11C
100
AcDbEntity
  8
0
100
AcDbBlockEnd
  0
BLOCK
  5
120
330
11F
100
AcDbEntity
  8
0
100
AcDbBlockBegin
  2
Group357#1
 70
     0
 10
0.0
 20
0.0
 30
0.0
  3
Group357#1
  1

  0
POLYLINE
  5
2FC
330
11F
100
AcDbEntity
  8
DSIDE-8
347
45
 62
     0
100
AcDb3dPolyline
 66
     1
 10
0.0
 20
0.0
 30
0.0
 70
     9
  0
VERTEX
  5
2FD
330
2FC
100
AcDbEntity
  8
DSIDE-8
 62
     0
100
AcDbVertex
100
AcDb3dPolylineVertex
 10
36.00000000000002
 20
0.0
 30
0.0
 70
    32
  0
VERTEX
  5
2FE
330
2FC
100
AcDbEntity
  8
DSIDE-8
 62
     0
100
AcDbVertex
100
AcDb3dPolylineVertex
 10
36.00000000000002
 20
25.00000000000009
 30
0.0
 70
    32
  0
VERTEX
  5
2FF
330
2FC
100
AcDbEntity
  8
DSIDE-8
 62
     0
100
AcDbVertex
100
AcDb3dPolylineVertex
 10
28.00000000000004
 20
25.00000000000009
 30
0.0
 70
    32
  0
VERTEX
  5
300
330
2FC
100
AcDbEntity
  8
DSIDE-8
 62
     0
100
AcDbVertex
100
AcDb3dPolylineVertex
 10
28.00000000000004
 20
0.0
 30
0.0
 70
    32
  0
VERTEX
  5
301
330
2FC
100
AcDbEntity
  8
DSIDE-8
 62
     0
100
AcDbVertex
100
AcDb3dPolylineVertex
 10
36.00000000000002
 20
0.0
 30
0.0
 70
    32
  0
SEQEND
  5
302
330
2FC
100
AcDbEntity
  8
DSIDE-8
347
45
 62
     0
  0
POLYLINE
  5
303
330
11F
100
AcDbEntity
  8
DSIDE-4.5
347
45
 62
     0
100
AcDb3dPolyline
 66
     1
 10
0.0
 20
0.0
 30
0.0
 70
     9
  0
VERTEX
  5
304
330
303
100
AcDbEntity
  8
DSIDE-4.5
 62
     0
100
AcDbVertex
100
AcDb3dPolylineVertex
 10
2.25000000000003
 20
0.0
 30
0.0
 70
    32
  0
VERTEX
  5
305
330
303
100
AcDbEntity
  8
DSIDE-4.5
 62
     0
100
AcDbVertex
100
AcDb3dPolylineVertex
 10
2.25000000000003
 20
33.99999999999985
 30
0.0
 70
    32
  0
VERTEX
  5
306
330
303
100
AcDbEntity
  8
DSIDE-4.5
 62
     0
100
AcDbVertex
100
AcDb3dPolylineVertex
 10
-2.24999999999994
 20
33.99999999999985
 30
0.0
 70
    32
  0
VERTEX
  5
307
330
303
100
AcDbEntity
  8
DSIDE-4.5
 62
     0
100
AcDbVertex
100
AcDb3dPolylineVertex
 10
-2.24999999999994
 20
0.0
 30
0.0
 70
    32
  0
VERTEX
  5
308
330
303
100
AcDbEntity
  8
DSIDE-4.5
 62
     0
100
AcDbVertex
100
AcDb3dPolylineVertex
 10
2.25000000000003
 20
0.0
 30
0.0
 70
    32
  0
SEQEND
  5
309
330
303
100
AcDbEntity
  8
DSIDE-4.5
347
45
 62
     0
  0
ENDBLK
  5
121
330
11F
100
AcDbEntity
  8
0
100
AcDbBlockEnd
  0
BLOCK
  5
123
330
122
100
AcDbEntity
  8
0
100
AcDbBlockBegin
  2
Group353#1
 70
     0
 10
0.0
 20
0.0
 30
0.0
  3
Group353#1
  1

  0
POLYLINE
  5
30A
330
122
100
AcDbEntity
  8
Dside4.5
347
45
 62
     0
100
AcDb3dPolyline
 66
     1
 10
0.0
 20
0.0
 30
0.0
 70
     9
  0
VERTEX
  5
30B
330
30A
100
AcDbEntity
  8
Dside4.5
 62
     0
100
AcDbVertex
100
AcDb3dPolylineVertex
 10
2.249999999999984
 20
0.0
 30
0.0
 70
    32
  0
VERTEX
  5
30C
330
30A
100
AcDbEntity
  8
Dside4.5
 62
     0
100
AcDbVertex
100
AcDb3dPolylineVertex
 10
2.249999999999984
 20
-34.00000000000021
 30
0.0
 70
    32
  0
VERTEX
  5
30D
330
30A
100
AcDbEntity
  8
Dside4.5
 62
     0
100
AcDbVertex
100
AcDb3dPolylineVertex
 10
-2.25000000000003
 20
-34.00000000000021
 30
0.0
 70
    32
  0
VERTEX
  5
30E
330
30A
100
AcDbEntity
  8
Dside4.5
 62
     0
100
AcDbVertex
100
AcDb3dPolylineVertex
 10
-2.25000000000003
 20
0.0
 30
0.0
 70
    32
  0
VERTEX
  5
30F
330
30A
100
AcDbEntity
  8
Dside4.5
 62
     0
100
AcDbVertex
100
AcDb3dPolylineVertex
 10
2.249999999999984
 20
0.0
 30
0.0
 70
    32
  0
SEQEND
  5
310
330
30A
100
AcDbEntity
  8
Dside4.5
347
45
 62
     0
  0
ENDBLK
  5
124
330
122
100
AcDbEntity
  8
0
100
AcDbBlockEnd
  0
BLOCK
  5
126
330
125
100
AcDbEntity
  8
0
100
AcDbBlockBegin
  2
Group379#1
 70
     0
 10
0.0
 20
0.0
 30
0.0
  3
Group379#1
  1

  0
CIRCLE
  5
311
330
125
100
AcDbEntity
  8
DEPTH3.0-ARTICLE46331
 62
     0
100
AcDbCircle
 10
-36.99999999999998
 20
-15.99999999999997
 30
0.0
 40
0.9999999999999999
210
0.0
220
0.0
230
-1.0
  0
CIRCLE
  5
312
330
125
100
AcDbEntity
  8
DEPTH3.0-ARTICLE46331
 62
     0
100
AcDbCircle
 10
-36.99999999999998
 20
15.99999999999997
 30
0.0
 40
0.9999999999999999
210
0.0
220
0.0
230
-1.0
  0
ENDBLK
  5
127
330
125
100
AcDbEntity
  8
0
100
AcDbBlockEnd
  0
BLOCK
  5
129
330
128
100
AcDbEntity
  8
0
100
AcDbBlockBegin
  2
Group372#1
 70
     0
 10
0.0
 20
0.0
 30
0.0
  3
Group372#1
  1

  0
CIRCLE
  5
313
330
128
100
AcDbEntity
  8
DEPTH13-ARTICLE96053
 62
     0
100
AcDbCircle
 10
21.50000000000016
 20
0.0
 30
0.0
 40
17.5
  0
CIRCLE
  5
314
330
128
100
AcDbEntity
  8
DEPTH3.0-ARTICLE46331
 62
     0
100
AcDbCircle
 10
31.00000000000017
 20
-22.49999999999994
 30
0.0
 40
0.9999999999999999
  0
CIRCLE
  5
315
330
128
100
AcDbEntity
  8
DEPTH3.0-ARTICLE46331
 62
     0
100
AcDbCircle
 10
31.00000000000017
 20
22.49999999999994
 30
0.0
 40
0.9999999999999999
  0
ENDBLK
  5
12A
330
128
100
AcDbEntity
  8
0
100
AcDbBlockEnd
  0
BLOCK
  5
12C
330
12B
100
AcDbEntity
  8
0
100
AcDbBlockBegin
  2
Group364#1
 70
     0
 10
0.0
 20
0.0
 30
0.0
  3
Group364#1
  1

  0
CIRCLE
  5
316
330
12B
100
AcDbEntity
  8
DSIDE-4.5
 62
     0
100
AcDbCircle
 10
0.0
 20
-9.000000000000119
 30
-0.0000000000000045
 40
2.25
210
0.0
220
-1.0
230
4.999386561857740E-16
  0
CIRCLE
  5
317
330
12B
100
AcDbEntity
  8
DSIDE-8
 62
     0
100
AcDbCircle
 10
32.00000000000003
 20
-9.000000000000119
 30
-0.0000000000000045
 40
4.0
210
0.0
220
-1.0
230
4.999386561857740E-16
  0
ENDBLK
  5
12D
330
12B
100
AcDbEntity
  8
0
100
AcDbBlockEnd
  0
BLOCK
  5
12F
330
12E
100
AcDbEntity
  8
0
100
AcDbBlockBegin
  2
Group375#1
 70
     0
 10
0.0
 20
0.0
 30
0.0
  3
Group375#1
  1

  0
CIRCLE
  5
318
330
12E
100
AcDbEntity
  8
DEPTH3.0-ARTICLE46331
 62
     0
100
AcDbCircle
 10
36.99999999999998
 20
-15.99999999999997
 30
0.0
 40
0.9999999999999999
  0
CIRCLE
  5
319
330
12E
100
AcDbEntity
  8
DEPTH3.0-ARTICLE46331
 62
     0
100
AcDbCircle
 10
36.99999999999998
 20
15.99999999999997
 30
0.0
 40
0.9999999999999999
  0
ENDBLK
  5
130
330
12E
100
AcDbEntity
  8
0
100
AcDbBlockEnd
  0
BLOCK
  5
132
330
131
100
AcDbEntity
  8
0
100
AcDbBlockBegin
  2
Group376#1
 70
     0
 10
0.0
 20
0.0
 30
0.0
  3
Group376#1
  1

  0
CIRCLE
  5
31A
330
131
100
AcDbEntity
  8
DEPTH3.0-ARTICLE46331
 62
     0
100
AcDbCircle
 10
-31.00000000000017
 20
22.49999999999994
 30
0.0
 40
0.9999999999999999
  0
CIRCLE
  5
31B
330
131
100
AcDbEntity
  8
DEPTH13-ARTICLE96053
 62
     0
100
AcDbCircle
 10
-21.50000000000016
 20
0.0
 30
0.0
 40
17.5
  0
CIRCLE
  5
31C
330
131
100
AcDbEntity
  8
DEPTH3.0-ARTICLE46331
 62
     0
100
AcDbCircle
 10
-31.00000000000017
 20
-22.49999999999994
 30
0.0
 40
0.9999999999999999
  0
ENDBLK
  5
133
330
131
100
AcDbEntity
  8
0
100
AcDbBlockEnd
  0
BLOCK
  5
135
330
134
100
AcDbEntity
  8
0
100
AcDbBlockBegin
  2
Group371#1
 70
     0
 10
0.0
 20
0.0
 30
0.0
  3
Group371#1
  1

  0
POLYLINE
  5
31D
330
134
100
AcDbEntity
  8
Dside4.5
347
45
 62
     0
100
AcDb3dPolyline
 66
     1
 10
0.0
 20
0.0
 30
0.0
 70
     9
  0
VERTEX
  5
31E
330
31D
100
AcDbEntity
  8
Dside4.5
 62
     0
100
AcDbVertex
100
AcDb3dPolylineVertex
 10
2.249999999999984
 20
0.0
 30
0.0
 70
    32
  0
VERTEX
  5
31F
330
31D
100
AcDbEntity
  8
Dside4.5
 62
     0
100
AcDbVertex
100
AcDb3dPolylineVertex
 10
2.249999999999984
 20
-33.99999999999985
 30
0.0
 70
    32
  0
VERTEX
  5
320
330
31D
100
AcDbEntity
  8
Dside4.5
 62
     0
100
AcDbVertex
100
AcDb3dPolylineVertex
 10
-2.25000000000003
 20
-33.99999999999985
 30
0.0
 70
    32
  0
VERTEX
  5
321
330
31D
100
AcDbEntity
  8
Dside4.5
 62
     0
100
AcDbVertex
100
AcDb3dPolylineVertex
 10
-2.25000000000003
 20
0.0
 30
0.0
 70
    32
  0
VERTEX
  5
322
330
31D
100
AcDbEntity
  8
Dside4.5
 62
     0
100
AcDbVertex
100
AcDb3dPolylineVertex
 10
2.249999999999984
 20
0.0
 30
0.0
 70
    32
  0
SEQEND
  5
323
330
31D
100
AcDbEntity
  8
Dside4.5
347
45
 62
     0
  0
ENDBLK
  5
136
330
134
100
AcDbEntity
  8
0
100
AcDbBlockEnd
  0
BLOCK
  5
138
330
137
100
AcDbEntity
  8
0
100
AcDbBlockBegin
  2
Group377#1
 70
     0
 10
0.0
 20
0.0
 30
0.0
  3
Group377#1
  1

  0
CIRCLE
  5
324
330
137
100
AcDbEntity
  8
DEPTH3.0-ARTICLE46331
 62
     0
100
AcDbCircle
 10
-36.99999999999998
 20
-15.99999999999997
 30
0.0
 40
0.9999999999999999
210
0.0
220
0.0
230
-1.0
  0
CIRCLE
  5
325
330
137
100
AcDbEntity
  8
DEPTH3.0-ARTICLE46331
 62
     0
100
AcDbCircle
 10
-36.99999999999998
 20
15.99999999999997
 30
0.0
 40
0.9999999999999999
210
0.0
220
0.0
230
-1.0
  0
ENDBLK
  5
139
330
137
100
AcDbEntity
  8
0
100
AcDbBlockEnd
  0
BLOCK
  5
13B
330
13A
100
AcDbEntity
  8
0
100
AcDbBlockBegin
  2
Group374#1
 70
     0
 10
0.0
 20
0.0
 30
0.0
  3
Group374#1
  1

  0
CIRCLE
  5
326
330
13A
100
AcDbEntity
  8
DEPTH13-ARTICLE96053
 62
     0
100
AcDbCircle
 10
21.50000000000016
 20
0.0
 30
0.0
 40
17.5
  0
CIRCLE
  5
327
330
13A
100
AcDbEntity
  8
DEPTH3.0-ARTICLE46331
 62
     0
100
AcDbCircle
 10
31.00000000000017
 20
22.49999999999994
 30
0.0
 40
0.9999999999999999
  0
CIRCLE
  5
328
330
13A
100
AcDbEntity
  8
DEPTH3.0-ARTICLE46331
 62
     0
100
AcDbCircle
 10
31.00000000000017
 20
-22.49999999999994
 30
0.0
 40
0.9999999999999999
  0
ENDBLK
  5
13C
330
13A
100
AcDbEntity
  8
0
100
AcDbBlockEnd
  0
BLOCK
  5
13E
330
13D
100
AcDbEntity
  8
0
100
AcDbBlockBegin
  2
Group378#1
 70
     0
 10
0.0
 20
0.0
 30
0.0
  3
Group378#1
  1

  0
CIRCLE
  5
329
330
13D
100
AcDbEntity
  8
DEPTH3.0-ARTICLE46331
 62
     0
100
AcDbCircle
 10
-31.00000000000017
 20
22.49999999999994
 30
0.0
 40
0.9999999999999999
  0
CIRCLE
  5
32A
330
13D
100
AcDbEntity
  8
DEPTH13-ARTICLE96053
 62
     0
100
AcDbCircle
 10
-21.50000000000016
 20
0.0
 30
0.0
 40
17.5
  0
CIRCLE
  5
32B
330
13D
100
AcDbEntity
  8
DEPTH3.0-ARTICLE46331
 62
     0
100
AcDbCircle
 10
-31.00000000000017
 20
-22.49999999999994
 30
0.0
 40
0.9999999999999999
  0
ENDBLK
  5
13F
330
13D
100
AcDbEntity
  8
0
100
AcDbBlockEnd
  0
BLOCK
  5
141
330
140
100
AcDbEntity
  8
0
100
AcDbBlockBegin
  2
Group373#1
 70
     0
 10
0.0
 20
0.0
 30
0.0
  3
Group373#1
  1

  0
CIRCLE
  5
32C
330
140
100
AcDbEntity
  8
DEPTH3.0-ARTICLE46331
 62
     0
100
AcDbCircle
 10
36.99999999999998
 20
15.99999999999997
 30
0.0
 40
0.9999999999999999
  0
CIRCLE
  5
32D
330
140
100
AcDbEntity
  8
DEPTH3.0-ARTICLE46331
 62
     0
100
AcDbCircle
 10
36.99999999999998
 20
-15.99999999999997
 30
0.0
 40
0.9999999999999999
  0
ENDBLK
  5
142
330
140
100
AcDbEntity
  8
0
100
AcDbBlockEnd
  0
BLOCK
  5
144
330
143
100
AcDbEntity
  8
0
100
AcDbBlockBegin
  2
Group309#1
 70
     0
 10
0.0
 20
0.0
 30
0.0
  3
Group309#1
  1

  0
CIRCLE
  5
32E
330
143
100
AcDbEntity
  8
D8-DEPTH12-$38878
 62
     0
100
AcDbCircle
 10
32.00000000000003
 20
-9.000000000000119
 30
0.0
 40
4.0
210
0.0
220
0.0
230
-1.0
  0
CIRCLE
  5
32F
330
143
100
AcDbEntity
  8
D7-DEPTHF-$44817
 62
     0
100
AcDbCircle
 10
0.0
 20
-9.000000000000119
 30
0.0
 40
3.5
210
0.0
220
0.0
230
-1.0
  0
ENDBLK
  5
145
330
143
100
AcDbEntity
  8
0
100
AcDbBlockEnd
  0
BLOCK
  5
147
330
146
100
AcDbEntity
  8
0
100
AcDbBlockBegin
  2
Group310#1
 70
     0
 10
0.0
 20
0.0
 30
0.0
  3
Group310#1
  1

  0
CIRCLE
  5
330
330
146
100
AcDbEntity
  8
DSIDE-4.5
 62
     0
100
AcDbCircle
 10
0.0
 20
-9.000000000000119
 30
-0.0000000000000045
 40
2.25
210
0.0
220
-1.0
230
4.999386561857740E-16
  0
CIRCLE
  5
331
330
146
100
AcDbEntity
  8
DSIDE-8
 62
     0
100
AcDbCircle
 10
32.00000000000003
 20
-9.000000000000119
 30
-0.0000000000000045
 40
4.0
210
0.0
220
-1.0
230
4.999386561857740E-16
  0
ENDBLK
  5
148
330
146
100
AcDbEntity
  8
0
100
AcDbBlockEnd
  0
BLOCK
  5
14A
330
149
100
AcDbEntity
  8
0
100
AcDbBlockBegin
  2
Group315#2
 70
     0
 10
0.0
 20
0.0
 30
0.0
  3
Group315#2
  1

  0
CIRCLE
  5
332
330
149
100
AcDbEntity
  8
D7-DEPTHF-$44817
 62
     0
100
AcDbCircle
 10
0.0
 20
-9.000000000000119
 30
17.99999999999988
 40
3.5
  0
ENDBLK
  5
14B
330
149
100
AcDbEntity
  8
0
100
AcDbBlockEnd
  0
BLOCK
  5
14D
330
14C
100
AcDbEntity
  8
0
100
AcDbBlockBegin
  2
Group301#1
 70
     0
 10
0.0
 20
0.0
 30
0.0
  3
Group301#1
  1

  0
CIRCLE
  5
333
330
14C
100
AcDbEntity
  8
D8-DEPTH12-$38878
 62
     0
100
AcDbCircle
 10
-32.00000000000003
 20
-9.000000000000119
 30
0.0
 40
4.0
  0
CIRCLE
  5
334
330
14C
100
AcDbEntity
  8
D7-DEPTHF-$44817
 62
     0
100
AcDbCircle
 10
0.0
 20
-9.000000000000119
 30
0.0
 40
3.5
  0
ENDBLK
  5
14E
330
14C
100
AcDbEntity
  8
0
100
AcDbBlockEnd
  0
BLOCK
  5
150
330
14F
100
AcDbEntity
  8
0
100
AcDbBlockBegin
  2
Group302#1
 70
     0
 10
0.0
 20
0.0
 30
0.0
  3
Group302#1
  1

  0
CIRCLE
  5
335
330
14F
100
AcDbEntity
  8
DSIDE-8
 62
     0
100
AcDbCircle
 10
-32.00000000000003
 20
-9.000000000000119
 30
0.0000000000000045
 40
4.0
210
0.0
220
1.0
230
-4.999386561857740E-16
  0
CIRCLE
  5
336
330
14F
100
AcDbEntity
  8
DSIDE-4.5
 62
     0
100
AcDbCircle
 10
0.0
 20
-9.000000000000119
 30
0.0000000000000045
 40
2.25
210
0.0
220
1.0
230
-4.999386561857740E-16
  0
ENDBLK
  5
151
330
14F
100
AcDbEntity
  8
0
100
AcDbBlockEnd
  0
BLOCK
  5
153
330
152
100
AcDbEntity
  8
0
100
AcDbBlockBegin
  2
Group303#1
 70
     0
 10
0.0
 20
0.0
 30
0.0
  3
Group303#1
  1

  0
POLYLINE
  5
337
330
152
100
AcDbEntity
  8
DSIDE-8
347
45
 62
     0
100
AcDb3dPolyline
 66
     1
 10
0.0
 20
0.0
 30
0.0
 70
     9
  0
VERTEX
  5
338
330
337
100
AcDbEntity
  8
DSIDE-8
 62
     0
100
AcDbVertex
100
AcDb3dPolylineVertex
 10
36.00000000000002
 20
0.0
 30
0.0
 70
    32
  0
VERTEX
  5
339
330
337
100
AcDbEntity
  8
DSIDE-8
 62
     0
100
AcDbVertex
100
AcDb3dPolylineVertex
 10
36.00000000000002
 20
25.00000000000009
 30
0.0
 70
    32
  0
VERTEX
  5
33A
330
337
100
AcDbEntity
  8
DSIDE-8
 62
     0
100
AcDbVertex
100
AcDb3dPolylineVertex
 10
28.00000000000004
 20
25.00000000000009
 30
0.0
 70
    32
  0
VERTEX
  5
33B
330
337
100
AcDbEntity
  8
DSIDE-8
 62
     0
100
AcDbVertex
100
AcDb3dPolylineVertex
 10
28.00000000000004
 20
0.0
 30
0.0
 70
    32
  0
VERTEX
  5
33C
330
337
100
AcDbEntity
  8
DSIDE-8
 62
     0
100
AcDbVertex
100
AcDb3dPolylineVertex
 10
36.00000000000002
 20
0.0
 30
0.0
 70
    32
  0
SEQEND
  5
33D
330
337
100
AcDbEntity
  8
DSIDE-8
347
45
 62
     0
  0
POLYLINE
  5
33E
330
152
100
AcDbEntity
  8
DSIDE-4.5
347
45
 62
     0
100
AcDb3dPolyline
 66
     1
 10
0.0
 20
0.0
 30
0.0
 70
     9
  0
VERTEX
  5
33F
330
33E
100
AcDbEntity
  8
DSIDE-4.5
 62
     0
100
AcDbVertex
100
AcDb3dPolylineVertex
 10
2.25000000000003
 20
0.0
 30
0.0
 70
    32
  0
VERTEX
  5
340
330
33E
100
AcDbEntity
  8
DSIDE-4.5
 62
     0
100
AcDbVertex
100
AcDb3dPolylineVertex
 10
2.25000000000003
 20
33.99999999999985
 30
0.0
 70
    32
  0
VERTEX
  5
341
330
33E
100
AcDbEntity
  8
DSIDE-4.5
 62
     0
100
AcDbVertex
100
AcDb3dPolylineVertex
 10
-2.24999999999994
 20
33.99999999999985
 30
0.0
 70
    32
  0
VERTEX
  5
342
330
33E
100
AcDbEntity
  8
DSIDE-4.5
 62
     0
100
AcDbVertex
100
AcDb3dPolylineVertex
 10
-2.24999999999994
 20
0.0
 30
0.0
 70
    32
  0
VERTEX
  5
343
330
33E
100
AcDbEntity
  8
DSIDE-4.5
 62
     0
100
AcDbVertex
100
AcDb3dPolylineVertex
 10
2.25000000000003
 20
0.0
 30
0.0
 70
    32
  0
SEQEND
  5
344
330
33E
100
AcDbEntity
  8
DSIDE-4.5
347
45
 62
     0
  0
ENDBLK
  5
154
330
152
100
AcDbEntity
  8
0
100
AcDbBlockEnd
  0
BLOCK
  5
156
330
155
100
AcDbEntity
  8
0
100
AcDbBlockBegin
  2
Group305#1
 70
     0
 10
0.0
 20
0.0
 30
0.0
  3
Group305#1
  1

  0
CIRCLE
  5
345
330
155
100
AcDbEntity
  8
D7-DEPTHF-$44817
 62
     0
100
AcDbCircle
 10
0.0
 20
-9.000000000000119
 30
0.0
 40
3.5
  0
CIRCLE
  5
346
330
155
100
AcDbEntity
  8
D8-DEPTH12-$38878
 62
     0
100
AcDbCircle
 10
32.0
 20
-9.000000000000119
 30
0.0
 40
4.0
  0
ENDBLK
  5
157
330
155
100
AcDbEntity
  8
0
100
AcDbBlockEnd
  0
BLOCK
  5
159
330
158
100
AcDbEntity
  8
0
100
AcDbBlockBegin
  2
Group307#1
 70
     0
 10
0.0
 20
0.0
 30
0.0
  3
Group307#1
  1

  0
POLYLINE
  5
347
330
158
100
AcDbEntity
  8
DSIDE-4.5
347
45
 62
     0
100
AcDb3dPolyline
 66
     1
 10
0.0
 20
0.0
 30
0.0
 70
     9
  0
VERTEX
  5
348
330
347
100
AcDbEntity
  8
DSIDE-4.5
 62
     0
100
AcDbVertex
100
AcDb3dPolylineVertex
 10
-2.249999999999996
 20
0.0
 30
0.0
 70
    32
  0
VERTEX
  5
349
330
347
100
AcDbEntity
  8
DSIDE-4.5
 62
     0
100
AcDbVertex
100
AcDb3dPolylineVertex
 10
-2.249999999999996
 20
33.99999999999985
 30
0.0
 70
    32
  0
VERTEX
  5
34A
330
347
100
AcDbEntity
  8
DSIDE-4.5
 62
     0
100
AcDbVertex
100
AcDb3dPolylineVertex
 10
2.250000000000007
 20
33.99999999999985
 30
0.0
 70
    32
  0
VERTEX
  5
34B
330
347
100
AcDbEntity
  8
DSIDE-4.5
 62
     0
100
AcDbVertex
100
AcDb3dPolylineVertex
 10
2.250000000000007
 20
0.0
 30
0.0
 70
    32
  0
VERTEX
  5
34C
330
347
100
AcDbEntity
  8
DSIDE-4.5
 62
     0
100
AcDbVertex
100
AcDb3dPolylineVertex
 10
-2.249999999999996
 20
0.0
 30
0.0
 70
    32
  0
SEQEND
  5
34D
330
347
100
AcDbEntity
  8
DSIDE-4.5
347
45
 62
     0
  0
POLYLINE
  5
34E
330
158
100
AcDbEntity
  8
DSIDE-8
347
45
 62
     0
100
AcDb3dPolyline
 66
     1
 10
0.0
 20
0.0
 30
0.0
 70
     9
  0
VERTEX
  5
34F
330
34E
100
AcDbEntity
  8
DSIDE-8
 62
     0
100
AcDbVertex
100
AcDb3dPolylineVertex
 10
-36.0
 20
0.0
 30
0.0
 70
    32
  0
VERTEX
  5
350
330
34E
100
AcDbEntity
  8
DSIDE-8
 62
     0
100
AcDbVertex
100
AcDb3dPolylineVertex
 10
-36.0
 20
25.00000000000009
 30
0.0
 70
    32
  0
VERTEX
  5
351
330
34E
100
AcDbEntity
  8
DSIDE-8
 62
     0
100
AcDbVertex
100
AcDb3dPolylineVertex
 10
-28.0
 20
25.00000000000009
 30
0.0
 70
    32
  0
VERTEX
  5
352
330
34E
100
AcDbEntity
  8
DSIDE-8
 62
     0
100
AcDbVertex
100
AcDb3dPolylineVertex
 10
-28.0
 20
0.0
 30
0.0
 70
    32
  0
VERTEX
  5
353
330
34E
100
AcDbEntity
  8
DSIDE-8
 62
     0
100
AcDbVertex
100
AcDb3dPolylineVertex
 10
-36.0
 20
0.0
 30
0.0
 70
    32
  0
SEQEND
  5
354
330
34E
100
AcDbEntity
  8
DSIDE-8
347
45
 62
     0
  0
ENDBLK
  5
15A
330
158
100
AcDbEntity
  8
0
100
AcDbBlockEnd
  0
BLOCK
  5
15C
330
15B
100
AcDbEntity
  8
0
100
AcDbBlockBegin
  2
Group306#1
 70
     0
 10
0.0
 20
0.0
 30
0.0
  3
Group306#1
  1

  0
CIRCLE
  5
355
330
15B
100
AcDbEntity
  8
DSIDE-4.5
 62
     0
100
AcDbCircle
 10
0.0
 20
-9.000000000000119
 30
0.0000000000000045
 40
2.25
210
0.0
220
1.0
230
-4.999386561857740E-16
  0
CIRCLE
  5
356
330
15B
100
AcDbEntity
  8
DSIDE-8
 62
     0
100
AcDbCircle
 10
32.0
 20
-9.000000000000119
 30
0.0000000000000045
 40
4.0
210
0.0
220
1.0
230
-4.999386561857740E-16
  0
ENDBLK
  5
15D
330
15B
100
AcDbEntity
  8
0
100
AcDbBlockEnd
  0
BLOCK
  5
15F
330
15E
100
AcDbEntity
  8
0
100
AcDbBlockBegin
  2
Group311#1
 70
     0
 10
0.0
 20
0.0
 30
0.0
  3
Group311#1
  1

  0
POLYLINE
  5
357
330
15E
100
AcDbEntity
  8
DSIDE-4.5
347
45
 62
     0
100
AcDb3dPolyline
 66
     1
 10
0.0
 20
0.0
 30
0.0
 70
     9
  0
VERTEX
  5
358
330
357
100
AcDbEntity
  8
DSIDE-4.5
 62
     0
100
AcDbVertex
100
AcDb3dPolylineVertex
 10
2.25000000000003
 20
0.0
 30
0.0
 70
    32
  0
VERTEX
  5
359
330
357
100
AcDbEntity
  8
DSIDE-4.5
 62
     0
100
AcDbVertex
100
AcDb3dPolylineVertex
 10
2.25000000000003
 20
-33.99999999999985
 30
0.0
 70
    32
  0
VERTEX
  5
35A
330
357
100
AcDbEntity
  8
DSIDE-4.5
 62
     0
100
AcDbVertex
100
AcDb3dPolylineVertex
 10
-2.24999999999994
 20
-33.99999999999985
 30
0.0
 70
    32
  0
VERTEX
  5
35B
330
357
100
AcDbEntity
  8
DSIDE-4.5
 62
     0
100
AcDbVertex
100
AcDb3dPolylineVertex
 10
-2.24999999999994
 20
0.0
 30
0.0
 70
    32
  0
VERTEX
  5
35C
330
357
100
AcDbEntity
  8
DSIDE-4.5
 62
     0
100
AcDbVertex
100
AcDb3dPolylineVertex
 10
2.25000000000003
 20
0.0
 30
0.0
 70
    32
  0
SEQEND
  5
35D
330
357
100
AcDbEntity
  8
DSIDE-4.5
347
45
 62
     0
  0
POLYLINE
  5
35E
330
15E
100
AcDbEntity
  8
DSIDE-8
347
45
 62
     0
100
AcDb3dPolyline
 66
     1
 10
0.0
 20
0.0
 30
0.0
 70
     9
  0
VERTEX
  5
35F
330
35E
100
AcDbEntity
  8
DSIDE-8
 62
     0
100
AcDbVertex
100
AcDb3dPolylineVertex
 10
36.00000000000002
 20
0.0
 30
0.0
 70
    32
  0
VERTEX
  5
360
330
35E
100
AcDbEntity
  8
DSIDE-8
 62
     0
100
AcDbVertex
100
AcDb3dPolylineVertex
 10
36.00000000000002
 20
-25.00000000000009
 30
0.0
 70
    32
  0
VERTEX
  5
361
330
35E
100
AcDbEntity
  8
DSIDE-8
 62
     0
100
AcDbVertex
100
AcDb3dPolylineVertex
 10
28.00000000000004
 20
-25.00000000000009
 30
0.0
 70
    32
  0
VERTEX
  5
362
330
35E
100
AcDbEntity
  8
DSIDE-8
 62
     0
100
AcDbVertex
100
AcDb3dPolylineVertex
 10
28.00000000000004
 20
0.0
 30
0.0
 70
    32
  0
VERTEX
  5
363
330
35E
100
AcDbEntity
  8
DSIDE-8
 62
     0
100
AcDbVertex
100
AcDb3dPolylineVertex
 10
36.00000000000002
 20
0.0
 30
0.0
 70
    32
  0
SEQEND
  5
364
330
35E
100
AcDbEntity
  8
DSIDE-8
347
45
 62
     0
  0
ENDBLK
  5
160
330
15E
100
AcDbEntity
  8
0
100
AcDbBlockEnd
  0
BLOCK
  5
162
330
161
100
AcDbEntity
  8
0
100
AcDbBlockBegin
  2
Group324#1
 70
     0
 10
0.0
 20
0.0
 30
0.0
  3
Group324#1
  1

  0
CIRCLE
  5
365
330
161
100
AcDbEntity
  8
DSIDE-4.5
 62
     0
100
AcDbCircle
 10
0.0
 20
9.000000000000119
 30
-0.0000000000000045
 40
2.25
210
0.0
220
1.0
230
-4.999386561857740E-16
  0
CIRCLE
  5
366
330
161
100
AcDbEntity
  8
DSIDE-8
 62
     0
100
AcDbCircle
 10
32.0
 20
9.000000000000119
 30
-0.0000000000000045
 40
4.0
210
0.0
220
1.0
230
-4.999386561857740E-16
  0
ENDBLK
  5
163
330
161
100
AcDbEntity
  8
0
100
AcDbBlockEnd
  0
BLOCK
  5
165
330
164
100
AcDbEntity
  8
0
100
AcDbBlockBegin
  2
Group135#1
 70
     0
 10
0.0
 20
0.0
 30
0.0
  3
Group135#1
  1

  0
LINE
  5
367
330
164
100
AcDbEntity
  8
ABF_Label
347
45
 62
     0
100
AcDbLine
 10
-77.94869088391144
 20
12.6578802154859
 30
0.0
 11
-77.94869088391144
 21
-12.446
 31
0.0
  0
LINE
  5
368
330
164
100
AcDbEntity
  8
ABF_Label
347
45
 62
     0
100
AcDbLine
 10
-80.86975320683266
 20
8.258894512229494
 30
0.0
 11
-84.84286003304533
 21
4.403792492919504
 31
0.0
  0
LINE
  5
369
330
164
100
AcDbEntity
  8
ABF_Label
347
45
 62
     0
100
AcDbLine
 10
-77.94869088391144
 20
12.6578802154859
 30
0.0
 11
-80.86975320683266
 21
8.258894512229494
 31
0.0
  0
LINE
  5
36A
330
164
100
AcDbEntity
  8
ABF_Label
347
45
 62
     0
100
AcDbLine
 10
-84.84286003304533
 20
-12.446
 30
0.0
 11
-77.94869088391144
 21
-12.446
 31
0.0
  0
LINE
  5
36B
330
164
100
AcDbEntity
  8
ABF_Label
347
45
 62
     0
100
AcDbLine
 10
-77.94869088391144
 20
-12.446
 30
0.0
 11
-71.03431238074778
 21
-12.446
 31
0.0
  0
LINE
  5
36C
330
164
100
AcDbEntity
  8
ABF_Label
347
45
 62
     0
100
AcDbLine
 10
-31.29017241379311
 20
7.033172413793104
 30
0.0
 11
-35.84465517241379
 21
7.033172413793104
 31
0.0
  0
LINE
  5
36D
330
164
100
AcDbEntity
  8
ABF_Label
347
45
 62
     0
100
AcDbLine
 10
-35.84465517241379
 20
7.033172413793104
 30
0.0
 11
-35.84465517241379
 21
24.09496551724138
 31
0.0
  0
LINE
  5
36E
330
164
100
AcDbEntity
  8
ABF_Label
347
45
 62
     0
100
AcDbLine
 10
-35.84465517241379
 20
24.09496551724138
 30
0.0
 11
-31.29017241379311
 21
24.09496551724138
 31
0.0
  0
LINE
  5
36F
330
164
100
AcDbEntity
  8
ABF_Label
347
45
 62
     0
100
AcDbLine
 10
-31.29017241379311
 20
24.09496551724138
 30
0.0
 11
-31.29017241379311
 21
22.84248275862069
 31
0.0
  0
LINE
  5
370
330
164
100
AcDbEntity
  8
ABF_Label
347
45
 62
     0
100
AcDbLine
 10
-31.29017241379311
 20
22.84248275862069
 30
0.0
 11
-34.31189655172415
 21
22.84248275862069
 31
0.0
  0
LINE
  5
371
330
164
100
AcDbEntity
  8
ABF_Label
347
45
 62
     0
100
AcDbLine
 10
-34.31189655172415
 20
22.84248275862069
 30
0.0
 11
-34.31189655172415
 21
8.285655172413794
 31
0.0
  0
LINE
  5
372
330
164
100
AcDbEntity
  8
ABF_Label
347
45
 62
     0
100
AcDbLine
 10
-34.31189655172415
 20
8.285655172413794
 30
0.0
 11
-31.29017241379311
 21
8.285655172413794
 31
0.0
  0
LINE
  5
373
330
164
100
AcDbEntity
  8
ABF_Label
347
45
 62
     0
100
AcDbLine
 10
-31.29017241379311
 20
8.285655172413794
 30
0.0
 11
-31.29017241379311
 21
7.033172413793104
 31
0.0
  0
LINE
  5
374
330
164
100
AcDbEntity
  8
ABF_Label
347
45
 62
     0
100
AcDbLine
 10
-30.51941379310345
 20
10.46655172413793
 30
0.0
 11
-26.12258620689656
 21
23.50813793103448
 31
0.0
  0
LINE
  5
375
330
164
100
AcDbEntity
  8
ABF_Label
347
45
 62
     0
100
AcDbLine
 10
-26.12258620689656
 20
23.50813793103448
 30
0.0
 11
-23.98548275862069
 21
23.50813793103448
 31
0.0
  0
LINE
  5
376
330
164
100
AcDbEntity
  8
ABF_Label
347
45
 62
     0
100
AcDbLine
 10
-23.98548275862069
 20
23.50813793103448
 30
0.0
 11
-19.58865517241379
 21
10.46655172413793
 31
0.0
  0
LINE
  5
377
330
164
100
AcDbEntity
  8
ABF_Label
347
45
 62
     0
100
AcDbLine
 10
-19.58865517241379
 20
10.46655172413793
 30
0.0
 11
-21.41920689655173
 21
10.46655172413793
 31
0.0
  0
LINE
  5
378
330
164
100
AcDbEntity
  8
ABF_Label
347
45
 62
     0
100
AcDbLine
 10
-21.41920689655173
 20
10.46655172413793
 30
0.0
 11
-22.60162068965517
 21
14.11013793103448
 31
0.0
  0
LINE
  5
379
330
164
100
AcDbEntity
  8
ABF_Label
347
45
 62
     0
100
AcDbLine
 10
-22.60162068965517
 20
14.11013793103448
 30
0.0
 11
-27.58527586206897
 21
14.11013793103448
 31
0.0
  0
LINE
  5
37A
330
164
100
AcDbEntity
  8
ABF_Label
347
45
 62
     0
100
AcDbLine
 10
-27.58527586206897
 20
14.11013793103448
 30
0.0
 11
-28.76768965517241
 21
10.46655172413793
 31
0.0
  0
LINE
  5
37B
330
164
100
AcDbEntity
  8
ABF_Label
347
45
 62
     0
100
AcDbLine
 10
-28.76768965517241
 20
10.46655172413793
 30
0.0
 11
-30.51941379310345
 21
10.46655172413793
 31
0.0
  0
LINE
  5
37C
330
164
100
AcDbEntity
  8
ABF_Label
347
45
 62
     0
100
AcDbLine
 10
-23.08334482758621
 20
15.59034482758621
 30
0.0
 11
-25.0978275862069
 21
21.73889655172414
 31
0.0
  0
LINE
  5
37D
330
164
100
AcDbEntity
  8
ABF_Label
347
45
 62
     0
100
AcDbLine
 10
-25.0978275862069
 20
21.73889655172414
 30
0.0
 11
-27.10355172413794
 21
15.59034482758621
 31
0.0
  0
LINE
  5
37E
330
164
100
AcDbEntity
  8
ABF_Label
347
45
 62
     0
100
AcDbLine
 10
-27.10355172413794
 20
15.59034482758621
 30
0.0
 11
-23.08334482758621
 21
15.59034482758621
 31
0.0
  0
LINE
  5
37F
330
164
100
AcDbEntity
  8
ABF_Label
347
45
 62
     0
100
AcDbLine
 10
-11.33803448275862
 20
10.46655172413793
 30
0.0
 11
-17.69679310344828
 21
10.46655172413793
 31
0.0
  0
LINE
  5
380
330
164
100
AcDbEntity
  8
ABF_Label
347
45
 62
     0
100
AcDbLine
 10
-17.69679310344828
 20
10.46655172413793
 30
0.0
 11
-17.69679310344828
 21
11.79786206896552
 31
0.0
  0
LINE
  5
381
330
164
100
AcDbEntity
  8
ABF_Label
347
45
 62
     0
100
AcDbLine
 10
-17.69679310344828
 20
11.79786206896552
 30
0.0
 11
-15.33196551724139
 21
11.79786206896552
 31
0.0
  0
LINE
  5
382
330
164
100
AcDbEntity
  8
ABF_Label
347
45
 62
     0
100
AcDbLine
 10
-15.33196551724139
 20
11.79786206896552
 30
0.0
 11
-15.33196551724139
 21
20.53896551724138
 31
0.0
  0
LINE
  5
383
330
164
100
AcDbEntity
  8
ABF_Label
347
45
 62
     0
100
AcDbLine
 10
-15.33196551724139
 20
20.53896551724138
 30
0.0
 11
-17.69679310344828
 21
20.53896551724138
 31
0.0
  0
LINE
  5
384
330
164
100
AcDbEntity
  8
ABF_Label
347
45
 62
     0
100
AcDbLine
 10
-17.69679310344828
 20
20.53896551724138
 30
0.0
 11
-17.69679310344828
 21
21.73013793103448
 31
0.0
  0
LINE
  5
385
330
164
100
AcDbEntity
  8
ABF_Label
347
45
 62
     0
100
AcDbLine
 10
-17.69679310344828
 20
21.73013793103448
 30
0.0
 11
-15.72172413793104
 21
22.11113793103448
 31
0.0
  0
LINE
  5
386
330
164
100
AcDbEntity
  8
ABF_Label
347
45
 62
     0
100
AcDbLine
 10
-15.72172413793104
 20
22.11113793103448
 30
0.0
 11
-15.00789655172414
 21
23.55193103448276
 31
0.0
  0
LINE
  5
387
330
164
100
AcDbEntity
  8
ABF_Label
347
45
 62
     0
100
AcDbLine
 10
-15.00789655172414
 20
23.55193103448276
 30
0.0
 11
-13.65031034482759
 21
23.55193103448276
 31
0.0
  0
LINE
  5
388
330
164
100
AcDbEntity
  8
ABF_Label
347
45
 62
     0
100
AcDbLine
 10
-13.65031034482759
 20
23.55193103448276
 30
0.0
 11
-13.65031034482759
 21
11.79786206896552
 31
0.0
  0
LINE
  5
389
330
164
100
AcDbEntity
  8
ABF_Label
347
45
 62
     0
100
AcDbLine
 10
-13.65031034482759
 20
11.79786206896552
 30
0.0
 11
-11.33803448275862
 21
11.79786206896552
 31
0.0
  0
LINE
  5
38A
330
164
100
AcDbEntity
  8
ABF_Label
347
45
 62
     0
100
AcDbLine
 10
-11.33803448275862
 20
11.79786206896552
 30
0.0
 11
-11.33803448275862
 21
10.46655172413793
 31
0.0
  0
LINE
  5
38B
330
164
100
AcDbEntity
  8
ABF_Label
347
45
 62
     0
100
AcDbLine
 10
-4.471275862068976
 20
7.033172413793104
 30
0.0
 11
-9.025758620689663
 21
7.033172413793104
 31
0.0
  0
LINE
  5
38C
330
164
100
AcDbEntity
  8
ABF_Label
347
45
 62
     0
100
AcDbLine
 10
-9.025758620689663
 20
7.033172413793104
 30
0.0
 11
-9.025758620689663
 21
8.285655172413794
 31
0.0
  0
LINE
  5
38D
330
164
100
AcDbEntity
  8
ABF_Label
347
45
 62
     0
100
AcDbLine
 10
-9.025758620689663
 20
8.285655172413794
 30
0.0
 11
-6.004034482758619
 21
8.285655172413794
 31
0.0
  0
LINE
  5
38E
330
164
100
AcDbEntity
  8
ABF_Label
347
45
 62
     0
100
AcDbLine
 10
-6.004034482758619
 20
8.285655172413794
 30
0.0
 11
-6.004034482758619
 21
22.84248275862069
 31
0.0
  0
LINE
  5
38F
330
164
100
AcDbEntity
  8
ABF_Label
347
45
 62
     0
100
AcDbLine
 10
-6.004034482758619
 20
22.84248275862069
 30
0.0
 11
-9.025758620689663
 21
22.84248275862069
 31
0.0
  0
LINE
  5
390
330
164
100
AcDbEntity
  8
ABF_Label
347
45
 62
     0
100
AcDbLine
 10
-9.025758620689663
 20
22.84248275862069
 30
0.0
 11
-9.025758620689663
 21
24.09496551724138
 31
0.0
  0
LINE
  5
391
330
164
100
AcDbEntity
  8
ABF_Label
347
45
 62
     0
100
AcDbLine
 10
-9.025758620689663
 20
24.09496551724138
 30
0.0
 11
-4.471275862068976
 21
24.09496551724138
 31
0.0
  0
LINE
  5
392
330
164
100
AcDbEntity
  8
ABF_Label
347
45
 62
     0
100
AcDbLine
 10
-4.471275862068976
 20
24.09496551724138
 30
0.0
 11
-4.471275862068976
 21
7.033172413793104
 31
0.0
  0
LINE
  5
393
330
164
100
AcDbEntity
  8
ABF_Label
347
45
 62
     0
100
AcDbLine
 10
12.52044827586206
 20
7.838965517241379
 30
0.0
 11
12.24017241379309
 21
7.838965517241379
 31
0.0
  0
LINE
  5
394
330
164
100
AcDbEntity
  8
ABF_Label
347
45
 62
     0
100
AcDbLine
 10
2.448034482758604
 20
7.838965517241379
 30
0.0
 11
2.448034482758604
 21
8.97758620689655
 31
0.0
  0
LINE
  5
395
330
164
100
AcDbEntity
  8
ABF_Label
347
45
 62
     0
100
AcDbLine
 10
2.448034482758604
 20
8.97758620689655
 30
0.0
 11
12.24017241379309
 21
8.97758620689655
 31
0.0
  0
LINE
  5
396
330
164
100
AcDbEntity
  8
ABF_Label
347
45
 62
     0
100
AcDbLine
 10
12.52044827586206
 20
8.97758620689655
 30
0.0
 11
12.52044827586206
 21
7.838965517241379
 31
0.0
  0
LINE
  5
397
330
164
100
AcDbEntity
  8
ABF_Label
347
45
 62
     0
100
AcDbLine
 10
12.24017241379309
 20
7.838965517241379
 30
0.0
 11
2.448034482758604
 21
7.838965517241379
 31
0.0
  0
LINE
  5
398
330
164
100
AcDbEntity
  8
ABF_Label
347
45
 62
     0
100
AcDbLine
 10
22.31258620689655
 20
7.838965517241379
 30
0.0
 11
12.24017241379309
 21
7.838965517241379
 31
0.0
  0
LINE
  5
399
330
164
100
AcDbEntity
  8
ABF_Label
347
45
 62
     0
100
AcDbLine
 10
12.24017241379309
 20
8.97758620689655
 30
0.0
 11
12.52044827586206
 21
8.97758620689655
 31
0.0
  0
LINE
  5
39A
330
164
100
AcDbEntity
  8
ABF_Label
347
45
 62
     0
100
AcDbLine
 10
12.24017241379309
 20
7.838965517241379
 30
0.0
 11
12.24017241379309
 21
8.97758620689655
 31
0.0
  0
LINE
  5
39B
330
164
100
AcDbEntity
  8
ABF_Label
347
45
 62
     0
100
AcDbLine
 10
12.24017241379309
 20
8.97758620689655
 30
0.0
 11
22.31258620689655
 21
8.97758620689655
 31
0.0
  0
LINE
  5
39C
330
164
100
AcDbEntity
  8
ABF_Label
347
45
 62
     0
100
AcDbLine
 10
22.31258620689655
 20
8.97758620689655
 30
0.0
 11
22.31258620689655
 21
7.838965517241379
 31
0.0
  0
LINE
  5
39D
330
164
100
AcDbEntity
  8
ABF_Label
347
45
 62
     0
100
AcDbLine
 10
34.11044827586205
 20
7.51489655172414
 30
0.0
 11
32.46382758620688
 21
7.51489655172414
 31
0.0
  0
LINE
  5
39E
330
164
100
AcDbEntity
  8
ABF_Label
347
45
 62
     0
100
AcDbLine
 10
32.46382758620688
 20
7.51489655172414
 30
0.0
 11
32.46382758620688
 21
10.46655172413793
 31
0.0
  0
LINE
  5
39F
330
164
100
AcDbEntity
  8
ABF_Label
347
45
 62
     0
100
AcDbLine
 10
32.46382758620688
 20
10.46655172413793
 30
0.0
 11
23.49499999999999
 21
10.46655172413793
 31
0.0
  0
LINE
  5
3A0
330
164
100
AcDbEntity
  8
ABF_Label
347
45
 62
     0
100
AcDbLine
 10
23.49499999999999
 20
10.46655172413793
 30
0.0
 11
23.49499999999999
 21
23.50813793103448
 31
0.0
  0
LINE
  5
3A1
330
164
100
AcDbEntity
  8
ABF_Label
347
45
 62
     0
100
AcDbLine
 10
23.49499999999999
 20
23.50813793103448
 30
0.0
 11
25.22920689655172
 21
23.50813793103448
 31
0.0
  0
LINE
  5
3A2
330
164
100
AcDbEntity
  8
ABF_Label
347
45
 62
     0
100
AcDbLine
 10
25.22920689655172
 20
23.50813793103448
 30
0.0
 11
25.22920689655172
 21
11.99055172413793
 31
0.0
  0
LINE
  5
3A3
330
164
100
AcDbEntity
  8
ABF_Label
347
45
 62
     0
100
AcDbLine
 10
25.22920689655172
 20
11.99055172413793
 30
0.0
 11
31.14127586206897
 21
11.99055172413793
 31
0.0
  0
LINE
  5
3A4
330
164
100
AcDbEntity
  8
ABF_Label
347
45
 62
     0
100
AcDbLine
 10
31.14127586206897
 20
11.99055172413793
 30
0.0
 11
31.14127586206897
 21
23.50813793103448
 31
0.0
  0
LINE
  5
3A5
330
164
100
AcDbEntity
  8
ABF_Label
347
45
 62
     0
100
AcDbLine
 10
31.14127586206897
 20
23.50813793103448
 30
0.0
 11
32.87548275862067
 21
23.50813793103448
 31
0.0
  0
LINE
  5
3A6
330
164
100
AcDbEntity
  8
ABF_Label
347
45
 62
     0
100
AcDbLine
 10
32.87548275862067
 20
23.50813793103448
 30
0.0
 11
32.87548275862067
 21
11.99055172413793
 31
0.0
  0
LINE
  5
3A7
330
164
100
AcDbEntity
  8
ABF_Label
347
45
 62
     0
100
AcDbLine
 10
32.87548275862067
 20
11.99055172413793
 30
0.0
 11
34.11044827586205
 21
11.99055172413793
 31
0.0
  0
LINE
  5
3A8
330
164
100
AcDbEntity
  8
ABF_Label
347
45
 62
     0
100
AcDbLine
 10
34.11044827586205
 20
11.99055172413793
 30
0.0
 11
34.11044827586205
 21
7.51489655172414
 31
0.0
  0
LINE
  5
3A9
330
164
100
AcDbEntity
  8
ABF_Label
347
45
 62
     0
100
AcDbLine
 10
39.89989655172413
 20
10.23882758620689
 30
0.0
 11
36.26944827586208
 21
11.557
 31
0.0
  0
LINE
  5
3AA
330
164
100
AcDbEntity
  8
ABF_Label
347
45
 62
     0
100
AcDbLine
 10
36.26944827586208
 20
11.557
 30
0.0
 11
34.97755172413791
 21
15.30131034482759
 31
0.0
  0
LINE
  5
3AB
330
164
100
AcDbEntity
  8
ABF_Label
347
45
 62
     0
100
AcDbLine
 10
34.97755172413791
 20
15.30131034482759
 30
0.0
 11
36.2300344827586
 21
19.10693103448276
 31
0.0
  0
LINE
  5
3AC
330
164
100
AcDbEntity
  8
ABF_Label
347
45
 62
     0
100
AcDbLine
 10
36.2300344827586
 20
19.10693103448276
 30
0.0
 11
39.50575862068964
 21
20.52144827586207
 31
0.0
  0
LINE
  5
3AD
330
164
100
AcDbEntity
  8
ABF_Label
347
45
 62
     0
100
AcDbLine
 10
39.50575862068964
 20
20.52144827586207
 30
0.0
 11
41.1173448275862
 21
20.25868965517241
 31
0.0
  0
LINE
  5
3AE
330
164
100
AcDbEntity
  8
ABF_Label
347
45
 62
     0
100
AcDbLine
 10
41.1173448275862
 20
20.25868965517241
 30
0.0
 11
42.34355172413792
 21
19.43537931034483
 31
0.0
  0
LINE
  5
3AF
330
164
100
AcDbEntity
  8
ABF_Label
347
45
 62
     0
100
AcDbLine
 10
42.34355172413792
 20
19.43537931034483
 30
0.0
 11
43.14934482758621
 21
18.06465517241379
 31
0.0
  0
LINE
  5
3B0
330
164
100
AcDbEntity
  8
ABF_Label
347
45
 62
     0
100
AcDbLine
 10
43.14934482758621
 20
18.06465517241379
 30
0.0
 11
43.42962068965518
 21
16.0808275862069
 31
0.0
  0
LINE
  5
3B1
330
164
100
AcDbEntity
  8
ABF_Label
347
45
 62
     0
100
AcDbLine
 10
43.42962068965518
 20
16.0808275862069
 30
0.0
 11
43.42962068965518
 21
15.18744827586207
 31
0.0
  0
LINE
  5
3B2
330
164
100
AcDbEntity
  8
ABF_Label
347
45
 62
     0
100
AcDbLine
 10
43.42962068965518
 20
15.18744827586207
 30
0.0
 11
36.65044827586205
 21
15.18744827586207
 31
0.0
  0
LINE
  5
3B3
330
164
100
AcDbEntity
  8
ABF_Label
347
45
 62
     0
100
AcDbLine
 10
36.65044827586205
 20
15.18744827586207
 30
0.0
 11
37.50879310344828
 21
12.57737931034483
 31
0.0
  0
LINE
  5
3B4
330
164
100
AcDbEntity
  8
ABF_Label
347
45
 62
     0
100
AcDbLine
 10
37.50879310344828
 20
12.57737931034483
 30
0.0
 11
39.88237931034482
 21
11.67524137931035
 31
0.0
  0
LINE
  5
3B5
330
164
100
AcDbEntity
  8
ABF_Label
347
45
 62
     0
100
AcDbLine
 10
39.88237931034482
 20
11.67524137931035
 30
0.0
 11
40.94655172413792
 21
11.79786206896552
 31
0.0
  0
LINE
  5
3B6
330
164
100
AcDbEntity
  8
ABF_Label
347
45
 62
     0
100
AcDbLine
 10
40.94655172413792
 20
11.79786206896552
 30
0.0
 11
41.88810344827586
 21
12.1131724137931
 31
0.0
  0
LINE
  5
3B7
330
164
100
AcDbEntity
  8
ABF_Label
347
45
 62
     0
100
AcDbLine
 10
41.88810344827586
 20
12.1131724137931
 30
0.0
 11
42.6413448275862
 21
12.50293103448276
 31
0.0
  0
LINE
  5
3B8
330
164
100
AcDbEntity
  8
ABF_Label
347
45
 62
     0
100
AcDbLine
 10
42.6413448275862
 20
12.50293103448276
 30
0.0
 11
43.14934482758621
 21
12.85765517241379
 31
0.0
  0
LINE
  5
3B9
330
164
100
AcDbEntity
  8
ABF_Label
347
45
 62
     0
100
AcDbLine
 10
43.14934482758621
 20
12.85765517241379
 30
0.0
 11
43.24568965517241
 21
12.85765517241379
 31
0.0
  0
LINE
  5
3BA
330
164
100
AcDbEntity
  8
ABF_Label
347
45
 62
     0
100
AcDbLine
 10
43.24568965517241
 20
12.85765517241379
 30
0.0
 11
43.24568965517241
 21
11.06213793103448
 31
0.0
  0
LINE
  5
3BB
330
164
100
AcDbEntity
  8
ABF_Label
347
45
 62
     0
100
AcDbLine
 10
43.24568965517241
 20
11.06213793103448
 30
0.0
 11
42.52748275862066
 21
10.77748275862069
 31
0.0
  0
LINE
  5
3BC
330
164
100
AcDbEntity
  8
ABF_Label
347
45
 62
     0
100
AcDbLine
 10
42.52748275862066
 20
10.77748275862069
 30
0.0
 11
41.75672413793101
 21
10.5103448275862
 31
0.0
  0
LINE
  5
3BD
330
164
100
AcDbEntity
  8
ABF_Label
347
45
 62
     0
100
AcDbLine
 10
41.75672413793101
 20
10.5103448275862
 30
0.0
 11
40.88524137931035
 21
10.30889655172414
 31
0.0
  0
LINE
  5
3BE
330
164
100
AcDbEntity
  8
ABF_Label
347
45
 62
     0
100
AcDbLine
 10
40.88524137931035
 20
10.30889655172414
 30
0.0
 11
39.89989655172413
 21
10.23882758620689
 31
0.0
  0
LINE
  5
3BF
330
164
100
AcDbEntity
  8
ABF_Label
347
45
 62
     0
100
AcDbLine
 10
41.82679310344827
 20
16.44868965517241
 30
0.0
 11
41.66913793103448
 21
17.59606896551724
 31
0.0
  0
LINE
  5
3C0
330
164
100
AcDbEntity
  8
ABF_Label
347
45
 62
     0
100
AcDbLine
 10
41.66913793103448
 20
17.59606896551724
 30
0.0
 11
41.26624137931032
 21
18.41062068965517
 31
0.0
  0
LINE
  5
3C1
330
164
100
AcDbEntity
  8
ABF_Label
347
45
 62
     0
100
AcDbLine
 10
41.26624137931032
 20
18.41062068965517
 30
0.0
 11
40.52613793103448
 21
18.9711724137931
 31
0.0
  0
LINE
  5
3C2
330
164
100
AcDbEntity
  8
ABF_Label
347
45
 62
     0
100
AcDbLine
 10
40.52613793103448
 20
18.9711724137931
 30
0.0
 11
39.40941379310344
 21
19.16386206896552
 31
0.0
  0
LINE
  5
3C3
330
164
100
AcDbEntity
  8
ABF_Label
347
45
 62
     0
100
AcDbLine
 10
39.40941379310344
 20
19.16386206896552
 30
0.0
 11
38.2926896551724
 21
18.96679310344827
 31
0.0
  0
LINE
  5
3C4
330
164
100
AcDbEntity
  8
ABF_Label
347
45
 62
     0
100
AcDbLine
 10
38.2926896551724
 20
18.96679310344827
 30
0.0
 11
37.45624137931033
 21
18.39310344827586
 31
0.0
  0
LINE
  5
3C5
330
164
100
AcDbEntity
  8
ABF_Label
347
45
 62
     0
100
AcDbLine
 10
37.45624137931033
 20
18.39310344827586
 30
0.0
 11
36.89568965517241
 21
17.53913793103448
 31
0.0
  0
LINE
  5
3C6
330
164
100
AcDbEntity
  8
ABF_Label
347
45
 62
     0
100
AcDbLine
 10
36.89568965517241
 20
17.53913793103448
 30
0.0
 11
36.65044827586205
 21
16.44868965517241
 31
0.0
  0
LINE
  5
3C7
330
164
100
AcDbEntity
  8
ABF_Label
347
45
 62
     0
100
AcDbLine
 10
36.65044827586205
 20
16.44868965517241
 30
0.0
 11
41.82679310344827
 21
16.44868965517241
 31
0.0
  0
LINE
  5
3C8
330
164
100
AcDbEntity
  8
ABF_Label
347
45
 62
     0
100
AcDbLine
 10
52.81886206896549
 20
10.46655172413793
 30
0.0
 11
51.17224137931034
 21
10.46655172413793
 31
0.0
  0
LINE
  5
3C9
330
164
100
AcDbEntity
  8
ABF_Label
347
45
 62
     0
100
AcDbLine
 10
51.17224137931034
 20
10.46655172413793
 30
0.0
 11
51.17224137931034
 21
14.87213793103448
 31
0.0
  0
LINE
  5
3CA
330
164
100
AcDbEntity
  8
ABF_Label
347
45
 62
     0
100
AcDbLine
 10
51.17224137931034
 20
14.87213793103448
 30
0.0
 11
46.74037931034483
 21
14.87213793103448
 31
0.0
  0
LINE
  5
3CB
330
164
100
AcDbEntity
  8
ABF_Label
347
45
 62
     0
100
AcDbLine
 10
46.74037931034483
 20
14.87213793103448
 30
0.0
 11
46.74037931034483
 21
10.46655172413793
 31
0.0
  0
LINE
  5
3CC
330
164
100
AcDbEntity
  8
ABF_Label
347
45
 62
     0
100
AcDbLine
 10
46.74037931034483
 20
10.46655172413793
 30
0.0
 11
45.09375862068963
 21
10.46655172413793
 31
0.0
  0
LINE
  5
3CD
330
164
100
AcDbEntity
  8
ABF_Label
347
45
 62
     0
100
AcDbLine
 10
45.09375862068963
 20
10.46655172413793
 30
0.0
 11
45.09375862068963
 21
20.24993103448276
 31
0.0
  0
LINE
  5
3CE
330
164
100
AcDbEntity
  8
ABF_Label
347
45
 62
     0
100
AcDbLine
 10
45.09375862068963
 20
20.24993103448276
 30
0.0
 11
46.74037931034483
 21
20.24993103448276
 31
0.0
  0
LINE
  5
3CF
330
164
100
AcDbEntity
  8
ABF_Label
347
45
 62
     0
100
AcDbLine
 10
46.74037931034483
 20
20.24993103448276
 30
0.0
 11
46.74037931034483
 21
16.29103448275862
 31
0.0
  0
LINE
  5
3D0
330
164
100
AcDbEntity
  8
ABF_Label
347
45
 62
     0
100
AcDbLine
 10
46.74037931034483
 20
16.29103448275862
 30
0.0
 11
51.17224137931034
 21
16.29103448275862
 31
0.0
  0
LINE
  5
3D1
330
164
100
AcDbEntity
  8
ABF_Label
347
45
 62
     0
100
AcDbLine
 10
51.17224137931034
 20
16.29103448275862
 30
0.0
 11
51.17224137931034
 21
20.24993103448276
 31
0.0
  0
LINE
  5
3D2
330
164
100
AcDbEntity
  8
ABF_Label
347
45
 62
     0
100
AcDbLine
 10
51.17224137931034
 20
20.24993103448276
 30
0.0
 11
52.81886206896549
 21
20.24993103448276
 31
0.0
  0
LINE
  5
3D3
330
164
100
AcDbEntity
  8
ABF_Label
347
45
 62
     0
100
AcDbLine
 10
52.81886206896549
 20
20.24993103448276
 30
0.0
 11
52.81886206896549
 21
10.46655172413793
 31
0.0
  0
LINE
  5
3D4
330
164
100
AcDbEntity
  8
ABF_Label
347
45
 62
     0
100
AcDbLine
 10
62.33948275862067
 20
18.80475862068966
 30
0.0
 11
59.01120689655171
 21
18.80475862068966
 31
0.0
  0
LINE
  5
3D5
330
164
100
AcDbEntity
  8
ABF_Label
347
45
 62
     0
100
AcDbLine
 10
59.01120689655171
 20
18.80475862068966
 30
0.0
 11
59.01120689655171
 21
10.46655172413793
 31
0.0
  0
LINE
  5
3D6
330
164
100
AcDbEntity
  8
ABF_Label
347
45
 62
     0
100
AcDbLine
 10
59.01120689655171
 20
10.46655172413793
 30
0.0
 11
57.36458620689654
 21
10.46655172413793
 31
0.0
  0
LINE
  5
3D7
330
164
100
AcDbEntity
  8
ABF_Label
347
45
 62
     0
100
AcDbLine
 10
57.36458620689654
 20
10.46655172413793
 30
0.0
 11
57.36458620689654
 21
18.80475862068966
 31
0.0
  0
LINE
  5
3D8
330
164
100
AcDbEntity
  8
ABF_Label
347
45
 62
     0
100
AcDbLine
 10
57.36458620689654
 20
18.80475862068966
 30
0.0
 11
54.03631034482759
 21
18.80475862068966
 31
0.0
  0
LINE
  5
3D9
330
164
100
AcDbEntity
  8
ABF_Label
347
45
 62
     0
100
AcDbLine
 10
54.03631034482759
 20
18.80475862068966
 30
0.0
 11
54.03631034482759
 21
20.24993103448276
 31
0.0
  0
LINE
  5
3DA
330
164
100
AcDbEntity
  8
ABF_Label
347
45
 62
     0
100
AcDbLine
 10
54.03631034482759
 20
20.24993103448276
 30
0.0
 11
62.33948275862067
 21
20.24993103448276
 31
0.0
  0
LINE
  5
3DB
330
164
100
AcDbEntity
  8
ABF_Label
347
45
 62
     0
100
AcDbLine
 10
62.33948275862067
 20
20.24993103448276
 30
0.0
 11
62.33948275862067
 21
18.80475862068966
 31
0.0
  0
LINE
  5
3DC
330
164
100
AcDbEntity
  8
ABF_Label
347
45
 62
     0
100
AcDbLine
 10
71.77251724137928
 20
15.61662068965517
 30
0.0
 11
70.6032413793103
 21
11.72341379310345
 31
0.0
  0
LINE
  5
3DD
330
164
100
AcDbEntity
  8
ABF_Label
347
45
 62
     0
100
AcDbLine
 10
70.6032413793103
 20
11.72341379310345
 30
0.0
 11
67.6472068965517
 21
10.27386206896552
 31
0.0
  0
LINE
  5
3DE
330
164
100
AcDbEntity
  8
ABF_Label
347
45
 62
     0
100
AcDbLine
 10
67.6472068965517
 20
10.27386206896552
 30
0.0
 11
66.35968965517242
 21
10.44027586206897
 31
0.0
  0
LINE
  5
3DF
330
164
100
AcDbEntity
  8
ABF_Label
347
45
 62
     0
100
AcDbLine
 10
66.35968965517242
 20
10.44027586206897
 30
0.0
 11
65.21231034482757
 21
10.95703448275862
 31
0.0
  0
LINE
  5
3E0
330
164
100
AcDbEntity
  8
ABF_Label
347
45
 62
     0
100
AcDbLine
 10
65.21231034482757
 20
10.95703448275862
 30
0.0
 11
65.21231034482757
 21
6.858
 31
0.0
  0
LINE
  5
3E1
330
164
100
AcDbEntity
  8
ABF_Label
347
45
 62
     0
100
AcDbLine
 10
65.21231034482757
 20
6.858
 30
0.0
 11
63.56568965517241
 21
6.858
 31
0.0
  0
LINE
  5
3E2
330
164
100
AcDbEntity
  8
ABF_Label
347
45
 62
     0
100
AcDbLine
 10
63.56568965517241
 20
6.858
 30
0.0
 11
63.56568965517241
 21
20.24993103448276
 31
0.0
  0
LINE
  5
3E3
330
164
100
AcDbEntity
  8
ABF_Label
347
45
 62
     0
100
AcDbLine
 10
63.56568965517241
 20
20.24993103448276
 30
0.0
 11
65.21231034482757
 21
20.24993103448276
 31
0.0
  0
LINE
  5
3E4
330
164
100
AcDbEntity
  8
ABF_Label
347
45
 62
     0
100
AcDbLine
 10
65.21231034482757
 20
20.24993103448276
 30
0.0
 11
65.21231034482757
 21
19.2251724137931
 31
0.0
  0
LINE
  5
3E5
330
164
100
AcDbEntity
  8
ABF_Label
347
45
 62
     0
100
AcDbLine
 10
65.21231034482757
 20
19.2251724137931
 30
0.0
 11
66.57427586206896
 21
20.14920689655172
 31
0.0
  0
LINE
  5
3E6
330
164
100
AcDbEntity
  8
ABF_Label
347
45
 62
     0
100
AcDbLine
 10
66.57427586206896
 20
20.14920689655172
 30
0.0
 11
68.20775862068965
 21
20.52144827586207
 31
0.0
  0
LINE
  5
3E7
330
164
100
AcDbEntity
  8
ABF_Label
347
45
 62
     0
100
AcDbLine
 10
68.20775862068965
 20
20.52144827586207
 30
0.0
 11
70.83096551724137
 21
19.19013793103448
 31
0.0
  0
LINE
  5
3E8
330
164
100
AcDbEntity
  8
ABF_Label
347
45
 62
     0
100
AcDbLine
 10
70.83096551724137
 20
19.19013793103448
 30
0.0
 11
71.77251724137928
 21
15.61662068965517
 31
0.0
  0
LINE
  5
3E9
330
164
100
AcDbEntity
  8
ABF_Label
347
45
 62
     0
100
AcDbLine
 10
70.07334482758617
 20
15.43268965517242
 30
0.0
 11
69.5390689655172
 21
18.02962068965517
 31
0.0
  0
LINE
  5
3EA
330
164
100
AcDbEntity
  8
ABF_Label
347
45
 62
     0
100
AcDbLine
 10
69.5390689655172
 20
18.02962068965517
 30
0.0
 11
67.80486206896548
 21
18.95365517241379
 31
0.0
  0
LINE
  5
3EB
330
164
100
AcDbEntity
  8
ABF_Label
347
45
 62
     0
100
AcDbLine
 10
67.80486206896548
 20
18.95365517241379
 30
0.0
 11
66.45165517241378
 21
18.64272413793103
 31
0.0
  0
LINE
  5
3EC
330
164
100
AcDbEntity
  8
ABF_Label
347
45
 62
     0
100
AcDbLine
 10
66.45165517241378
 20
18.64272413793103
 30
0.0
 11
65.21231034482757
 21
17.84131034482758
 31
0.0
  0
LINE
  5
3ED
330
164
100
AcDbEntity
  8
ABF_Label
347
45
 62
     0
100
AcDbLine
 10
65.21231034482757
 20
17.84131034482758
 30
0.0
 11
65.21231034482757
 21
12.29710344827586
 31
0.0
  0
LINE
  5
3EE
330
164
100
AcDbEntity
  8
ABF_Label
347
45
 62
     0
100
AcDbLine
 10
65.21231034482757
 20
12.29710344827586
 30
0.0
 11
66.32027586206897
 21
11.86793103448276
 31
0.0
  0
LINE
  5
3EF
330
164
100
AcDbEntity
  8
ABF_Label
347
45
 62
     0
100
AcDbLine
 10
66.32027586206897
 20
11.86793103448276
 30
0.0
 11
67.3756896551724
 21
11.75406896551724
 31
0.0
  0
LINE
  5
3F0
330
164
100
AcDbEntity
  8
ABF_Label
347
45
 62
     0
100
AcDbLine
 10
67.3756896551724
 20
11.75406896551724
 30
0.0
 11
69.36389655172411
 21
12.69124137931035
 31
0.0
  0
LINE
  5
3F1
330
164
100
AcDbEntity
  8
ABF_Label
347
45
 62
     0
100
AcDbLine
 10
69.36389655172411
 20
12.69124137931035
 30
0.0
 11
70.07334482758617
 21
15.43268965517242
 31
0.0
  0
LINE
  5
3F2
330
164
100
AcDbEntity
  8
ABF_Label
347
45
 62
     0
100
AcDbLine
 10
11.60898198938369
 20
-10.57317554330826
 30
0.0
 11
13.00575780248641
 21
-13.716
 31
0.0
  0
LINE
  5
3F3
330
164
100
AcDbEntity
  8
ABF_Label
347
45
 62
     0
100
AcDbLine
 10
8.945599561691276
 20
-4.580415426254274
 30
0.0
 11
11.60898198938369
 21
-10.57317554330826
 31
0.0
  0
LINE
  5
3F4
330
164
100
AcDbEntity
  8
ABF_Label
347
45
 62
     0
100
AcDbLine
 10
5.207446859836574
 20
-13.716
 30
0.0
 11
6.493446519136434
 21
-10.57317554330826
 31
0.0
  0
LINE
  5
3F5
330
164
100
AcDbEntity
  8
ABF_Label
347
45
 62
     0
100
AcDbLine
 10
6.493446519136434
 20
-10.57317554330826
 30
0.0
 11
8.945599561691276
 21
-4.580415426254274
 31
0.0
  0
LINE
  5
3F6
330
164
100
AcDbEntity
  8
ABF_Label
347
45
 62
     0
100
AcDbLine
 10
6.493446519136434
 20
-10.57317554330826
 30
0.0
 11
11.60898198938369
 21
-10.57317554330826
 31
0.0
  0
LINE
  5
3F7
330
164
100
AcDbEntity
  8
ABF_Label
347
45
 62
     0
100
AcDbLine
 10
20.28646128892898
 20
-6.83563811397553
 30
0.0
 11
19.50937814950944
 21
-5.3839256105423
 31
0.0
  0
LINE
  5
3F8
330
164
100
AcDbEntity
  8
ABF_Label
347
45
 62
     0
100
AcDbLine
 10
20.03659463644027
 20
-9.902114881038669
 30
0.0
 11
20.74415319204332
 21
-11.59471429800987
 31
0.0
  0
LINE
  5
3F9
330
164
100
AcDbEntity
  8
ABF_Label
347
45
 62
     0
100
AcDbLine
 10
19.50937814950944
 20
-5.3839256105423
 30
0.0
 11
17.95535781621934
 21
-4.876400266647341
 31
0.0
  0
LINE
  5
3FA
330
164
100
AcDbEntity
  8
ABF_Label
347
45
 62
     0
100
AcDbLine
 10
14.52975780248642
 20
-4.876400266647341
 30
0.0
 11
17.95535781621934
 21
-4.876400266647341
 31
0.0
  0
LINE
  5
3FB
330
164
100
AcDbEntity
  8
ABF_Label
347
45
 62
     0
100
AcDbLine
 10
17.95535781621934
 20
-8.97890088415146
 30
0.0
 11
19.55097808122635
 21
-8.251021076202397
 31
0.0
  0
LINE
  5
3FC
330
164
100
AcDbEntity
  8
ABF_Label
347
45
 62
     0
100
AcDbLine
 10
17.95535781621934
 20
-13.716
 30
0.0
 11
19.75897834539415
 21
-13.35673622018099
 31
0.0
  0
LINE
  5
3FD
330
164
100
AcDbEntity
  8
ABF_Label
347
45
 62
     0
100
AcDbLine
 10
14.52975780248642
 20
-13.716
 30
0.0
 11
17.95535781621934
 21
-13.716
 31
0.0
  0
LINE
  5
3FE
330
164
100
AcDbEntity
  8
ABF_Label
347
45
 62
     0
100
AcDbLine
 10
14.52975780248642
 20
-8.97890088415146
 30
0.0
 11
14.52975780248642
 21
-13.716
 31
0.0
  0
LINE
  5
3FF
330
164
100
AcDbEntity
  8
ABF_Label
347
45
 62
     0
100
AcDbLine
 10
14.52975780248642
 20
-8.97890088415146
 30
0.0
 11
17.95535781621934
 21
-8.97890088415146
 31
0.0
  0
LINE
  5
400
330
164
100
AcDbEntity
  8
ABF_Label
347
45
 62
     0
100
AcDbLine
 10
14.52975780248642
 20
-4.876400266647341
 30
0.0
 11
14.52975780248642
 21
-8.97890088415146
 31
0.0
  0
LINE
  5
401
330
164
100
AcDbEntity
  8
ABF_Label
347
45
 62
     0
100
AcDbLine
 10
17.95535781621934
 20
-8.97890088415146
 30
0.0
 11
20.03659463644027
 21
-9.902114881038669
 31
0.0
  0
LINE
  5
402
330
164
100
AcDbEntity
  8
ABF_Label
347
45
 62
     0
100
AcDbLine
 10
20.74415319204332
 20
-11.59471429800987
 30
0.0
 11
19.75897834539415
 21
-13.35673622018099
 31
0.0
  0
LINE
  5
403
330
164
100
AcDbEntity
  8
ABF_Label
347
45
 62
     0
100
AcDbLine
 10
19.55097808122635
 20
-8.251021076202397
 30
0.0
 11
20.28646128892898
 21
-6.83563811397553
 31
0.0
  0
LINE
  5
404
330
164
100
AcDbEntity
  8
ABF_Label
347
45
 62
     0
100
AcDbLine
 10
22.26815319204331
 20
-8.97454341030121
 30
0.0
 11
27.08615307474136
 21
-8.97454341030121
 31
0.0
  0
LINE
  5
405
330
164
100
AcDbEntity
  8
ABF_Label
347
45
 62
     0
100
AcDbLine
 10
22.26815319204331
 20
-4.787599969863896
 30
0.0
 11
22.26815319204331
 21
-8.97454341030121
 31
0.0
  0
LINE
  5
406
330
164
100
AcDbEntity
  8
ABF_Label
347
45
 62
     0
100
AcDbLine
 10
22.26815319204331
 20
-4.787599969863896
 30
0.0
 11
27.81255314016342
 21
-4.787599969863896
 31
0.0
  0
LINE
  5
407
330
164
100
AcDbEntity
  8
ABF_Label
347
45
 62
     0
100
AcDbLine
 10
22.26815319204331
 20
-8.97454341030121
 30
0.0
 11
22.26815319204331
 21
-13.716
 31
0.0
  0
LINE
  5
408
330
164
100
AcDbEntity
  8
ABF_Label
347
45
 62
     0
100
AcDbLine
 10
-52.53858620689655
 20
0.0
 30
0.0
 11
85.55858620689655
 21
0.0
 31
0.0
  0
POLYLINE
  5
409
330
164
100
AcDbEntity
  8
ABF_Label
347
45
 62
     0
100
AcDb3dPolyline
 66
     1
 10
0.0
 20
0.0
 30
0.0
 70
     9
  0
VERTEX
  5
40A
330
409
100
AcDbEntity
  8
ABF_Label
 62
     0
100
AcDbVertex
100
AcDb3dPolylineVertex
 10
-52.53858620689655
 20
0.0
 30
0.0
 70
    32
  0
VERTEX
  5
40B
330
409
100
AcDbEntity
  8
ABF_Label
 62
     0
100
AcDbVertex
100
AcDb3dPolylineVertex
 10
-77.93858620689656
 20
-25.4
 30
0.0
 70
    32
  0
VERTEX
  5
40C
330
409
100
AcDbEntity
  8
ABF_Label
 62
     0
100
AcDbVertex
100
AcDb3dPolylineVertex
 10
-103.3385862068966
 20
0.0
 30
0.0
 70
    32
  0
VERTEX
  5
40D
330
409
100
AcDbEntity
  8
ABF_Label
 62
     0
100
AcDbVertex
100
AcDb3dPolylineVertex
 10
-77.93858620689656
 20
25.4
 30
0.0
 70
    32
  0
VERTEX
  5
40E
330
409
100
AcDbEntity
  8
ABF_Label
 62
     0
100
AcDbVertex
100
AcDb3dPolylineVertex
 10
-52.53858620689655
 20
0.0
 30
0.0
 70
    32
  0
SEQEND
  5
40F
330
409
100
AcDbEntity
  8
ABF_Label
347
45
 62
     0
  0
POLYLINE
  5
410
330
164
100
AcDbEntity
  8
ABF_Label
347
45
 62
     0
100
AcDb3dPolyline
 66
     1
 10
0.0
 20
0.0
 30
0.0
 70
     9
  0
VERTEX
  5
411
330
410
100
AcDbEntity
  8
ABF_Label
 62
     0
100
AcDbVertex
100
AcDb3dPolylineVertex
 10
85.55858620689655
 20
17.78
 30
0.0
 70
    32
  0
VERTEX
  5
412
330
410
100
AcDbEntity
  8
ABF_Label
 62
     0
100
AcDbVertex
100
AcDb3dPolylineVertex
 10
103.3385862068966
 20
0.0
 30
0.0
 70
    32
  0
VERTEX
  5
413
330
410
100
AcDbEntity
  8
ABF_Label
 62
     0
100
AcDbVertex
100
AcDb3dPolylineVertex
 10
85.55858620689655
 20
-17.78
 30
0.0
 70
    32
  0
VERTEX
  5
414
330
410
100
AcDbEntity
  8
ABF_Label
 62
     0
100
AcDbVertex
100
AcDb3dPolylineVertex
 10
85.55858620689655
 20
17.78
 30
0.0
 70
    32
  0
SEQEND
  5
415
330
410
100
AcDbEntity
  8
ABF_Label
347
45
 62
     0
  0
ENDBLK
  5
166
330
164
100
AcDbEntity
  8
0
100
AcDbBlockEnd
  0
BLOCK
  5
168
330
167
100
AcDbEntity
  8
0
100
AcDbBlockBegin
  2
Group137#1
 70
     0
 10
0.0
 20
0.0
 30
0.0
  3
Group137#1
  1

  0
LINE
  5
416
330
167
100
AcDbEntity
  8
ABF_Label
347
45
 62
     0
100
AcDbLine
 10
-90.21835615463593
 20
-12.446
 30
0.0
 11
-76.93391145058015
 21
-12.446
 31
0.0
  0
LINE
  5
417
330
167
100
AcDbEntity
  8
ABF_Label
347
45
 62
     0
100
AcDbLine
 10
-78.10994204707482
 20
1.530918821599748
 30
0.0
 11
-88.23605657233999
 21
-8.204102500769826
 31
0.0
  0
LINE
  5
418
330
167
100
AcDbEntity
  8
ABF_Label
347
45
 62
     0
100
AcDbLine
 10
-87.93404344566206
 20
10.52973582967123
 30
0.0
 11
-89.7452701722586
 21
5.577520914448636
 31
0.0
  0
LINE
  5
419
330
167
100
AcDbEntity
  8
ABF_Label
347
45
 62
     0
100
AcDbLine
 10
-88.23605657233999
 20
-8.204102500769826
 30
0.0
 11
-90.21835615463593
 21
-12.446
 31
0.0
  0
LINE
  5
41A
330
167
100
AcDbEntity
  8
ABF_Label
347
45
 62
     0
100
AcDbLine
 10
-78.10994204707482
 20
1.530918821599748
 30
0.0
 11
-76.51074729363991
 21
6.494597628487486
 31
0.0
  0
LINE
  5
41B
330
167
100
AcDbEntity
  8
ABF_Label
347
45
 62
     0
100
AcDbLine
 10
-83.16524379082063
 20
12.31803533962038
 30
0.0
 11
-87.93404344566206
 21
10.52973582967123
 31
0.0
  0
LINE
  5
41C
330
167
100
AcDbEntity
  8
ABF_Label
347
45
 62
     0
100
AcDbLine
 10
-76.51074729363991
 20
6.494597628487486
 30
0.0
 11
-78.5913232880255
 21
10.63290590906143
 31
0.0
  0
LINE
  5
41D
330
167
100
AcDbEntity
  8
ABF_Label
347
45
 62
     0
100
AcDbLine
 10
-78.5913232880255
 20
10.63290590906143
 30
0.0
 11
-83.16524379082063
 21
12.31803533962038
 31
0.0
  0
LINE
  5
41E
330
167
100
AcDbEntity
  8
ABF_Label
347
45
 62
     0
100
AcDbLine
 10
-36.71613793103447
 20
6.858
 30
0.0
 11
-41.27062068965516
 21
6.858
 31
0.0
  0
LINE
  5
41F
330
167
100
AcDbEntity
  8
ABF_Label
347
45
 62
     0
100
AcDbLine
 10
-41.27062068965516
 20
6.858
 30
0.0
 11
-41.27062068965516
 21
23.91979310344827
 31
0.0
  0
LINE
  5
420
330
167
100
AcDbEntity
  8
ABF_Label
347
45
 62
     0
100
AcDbLine
 10
-41.27062068965516
 20
23.91979310344827
 30
0.0
 11
-36.71613793103447
 21
23.91979310344827
 31
0.0
  0
LINE
  5
421
330
167
100
AcDbEntity
  8
ABF_Label
347
45
 62
     0
100
AcDbLine
 10
-36.71613793103447
 20
23.91979310344827
 30
0.0
 11
-36.71613793103447
 21
22.66731034482758
 31
0.0
  0
LINE
  5
422
330
167
100
AcDbEntity
  8
ABF_Label
347
45
 62
     0
100
AcDbLine
 10
-36.71613793103447
 20
22.66731034482758
 30
0.0
 11
-39.73786206896551
 21
22.66731034482758
 31
0.0
  0
LINE
  5
423
330
167
100
AcDbEntity
  8
ABF_Label
347
45
 62
     0
100
AcDbLine
 10
-39.73786206896551
 20
22.66731034482758
 30
0.0
 11
-39.73786206896551
 21
8.110482758620691
 31
0.0
  0
LINE
  5
424
330
167
100
AcDbEntity
  8
ABF_Label
347
45
 62
     0
100
AcDbLine
 10
-39.73786206896551
 20
8.110482758620691
 30
0.0
 11
-36.71613793103447
 21
8.110482758620691
 31
0.0
  0
LINE
  5
425
330
167
100
AcDbEntity
  8
ABF_Label
347
45
 62
     0
100
AcDbLine
 10
-36.71613793103447
 20
8.110482758620691
 30
0.0
 11
-36.71613793103447
 21
6.858
 31
0.0
  0
LINE
  5
426
330
167
100
AcDbEntity
  8
ABF_Label
347
45
 62
     0
100
AcDbLine
 10
-35.94537931034481
 20
10.29137931034483
 30
0.0
 11
-31.54855172413792
 21
23.33296551724138
 31
0.0
  0
LINE
  5
427
330
167
100
AcDbEntity
  8
ABF_Label
347
45
 62
     0
100
AcDbLine
 10
-31.54855172413792
 20
23.33296551724138
 30
0.0
 11
-29.41144827586205
 21
23.33296551724138
 31
0.0
  0
LINE
  5
428
330
167
100
AcDbEntity
  8
ABF_Label
347
45
 62
     0
100
AcDbLine
 10
-29.41144827586205
 20
23.33296551724138
 30
0.0
 11
-25.01462068965516
 21
10.29137931034483
 31
0.0
  0
LINE
  5
429
330
167
100
AcDbEntity
  8
ABF_Label
347
45
 62
     0
100
AcDbLine
 10
-25.01462068965516
 20
10.29137931034483
 30
0.0
 11
-26.84517241379309
 21
10.29137931034483
 31
0.0
  0
LINE
  5
42A
330
167
100
AcDbEntity
  8
ABF_Label
347
45
 62
     0
100
AcDbLine
 10
-26.84517241379309
 20
10.29137931034483
 30
0.0
 11
-28.02758620689654
 21
13.93496551724138
 31
0.0
  0
LINE
  5
42B
330
167
100
AcDbEntity
  8
ABF_Label
347
45
 62
     0
100
AcDbLine
 10
-28.02758620689654
 20
13.93496551724138
 30
0.0
 11
-33.01124137931033
 21
13.93496551724138
 31
0.0
  0
LINE
  5
42C
330
167
100
AcDbEntity
  8
ABF_Label
347
45
 62
     0
100
AcDbLine
 10
-33.01124137931033
 20
13.93496551724138
 30
0.0
 11
-34.19365517241378
 21
10.29137931034483
 31
0.0
  0
LINE
  5
42D
330
167
100
AcDbEntity
  8
ABF_Label
347
45
 62
     0
100
AcDbLine
 10
-34.19365517241378
 20
10.29137931034483
 30
0.0
 11
-35.94537931034481
 21
10.29137931034483
 31
0.0
  0
LINE
  5
42E
330
167
100
AcDbEntity
  8
ABF_Label
347
45
 62
     0
100
AcDbLine
 10
-28.50931034482757
 20
15.4151724137931
 30
0.0
 11
-30.52379310344827
 21
21.56372413793103
 31
0.0
  0
LINE
  5
42F
330
167
100
AcDbEntity
  8
ABF_Label
347
45
 62
     0
100
AcDbLine
 10
-30.52379310344827
 20
21.56372413793103
 30
0.0
 11
-32.5295172413793
 21
15.4151724137931
 31
0.0
  0
LINE
  5
430
330
167
100
AcDbEntity
  8
ABF_Label
347
45
 62
     0
100
AcDbLine
 10
-32.5295172413793
 20
15.4151724137931
 30
0.0
 11
-28.50931034482757
 21
15.4151724137931
 31
0.0
  0
LINE
  5
431
330
167
100
AcDbEntity
  8
ABF_Label
347
45
 62
     0
100
AcDbLine
 10
-16.76399999999998
 20
10.29137931034483
 30
0.0
 11
-23.12275862068964
 21
10.29137931034483
 31
0.0
  0
LINE
  5
432
330
167
100
AcDbEntity
  8
ABF_Label
347
45
 62
     0
100
AcDbLine
 10
-23.12275862068964
 20
10.29137931034483
 30
0.0
 11
-23.12275862068964
 21
11.62268965517241
 31
0.0
  0
LINE
  5
433
330
167
100
AcDbEntity
  8
ABF_Label
347
45
 62
     0
100
AcDbLine
 10
-23.12275862068964
 20
11.62268965517241
 30
0.0
 11
-20.75793103448275
 21
11.62268965517241
 31
0.0
  0
LINE
  5
434
330
167
100
AcDbEntity
  8
ABF_Label
347
45
 62
     0
100
AcDbLine
 10
-20.75793103448275
 20
11.62268965517241
 30
0.0
 11
-20.75793103448275
 21
20.36379310344827
 31
0.0
  0
LINE
  5
435
330
167
100
AcDbEntity
  8
ABF_Label
347
45
 62
     0
100
AcDbLine
 10
-20.75793103448275
 20
20.36379310344827
 30
0.0
 11
-23.12275862068964
 21
20.36379310344827
 31
0.0
  0
LINE
  5
436
330
167
100
AcDbEntity
  8
ABF_Label
347
45
 62
     0
100
AcDbLine
 10
-23.12275862068964
 20
20.36379310344827
 30
0.0
 11
-23.12275862068964
 21
21.55496551724138
 31
0.0
  0
LINE
  5
437
330
167
100
AcDbEntity
  8
ABF_Label
347
45
 62
     0
100
AcDbLine
 10
-23.12275862068964
 20
21.55496551724138
 30
0.0
 11
-21.14768965517241
 21
21.93596551724138
 31
0.0
  0
LINE
  5
438
330
167
100
AcDbEntity
  8
ABF_Label
347
45
 62
     0
100
AcDbLine
 10
-21.14768965517241
 20
21.93596551724138
 30
0.0
 11
-20.4338620689655
 21
23.37675862068965
 31
0.0
  0
LINE
  5
439
330
167
100
AcDbEntity
  8
ABF_Label
347
45
 62
     0
100
AcDbLine
 10
-20.4338620689655
 20
23.37675862068965
 30
0.0
 11
-19.07627586206896
 21
23.37675862068965
 31
0.0
  0
LINE
  5
43A
330
167
100
AcDbEntity
  8
ABF_Label
347
45
 62
     0
100
AcDbLine
 10
-19.07627586206896
 20
23.37675862068965
 30
0.0
 11
-19.07627586206896
 21
11.62268965517241
 31
0.0
  0
LINE
  5
43B
330
167
100
AcDbEntity
  8
ABF_Label
347
45
 62
     0
100
AcDbLine
 10
-19.07627586206896
 20
11.62268965517241
 30
0.0
 11
-16.76399999999998
 21
11.62268965517241
 31
0.0
  0
LINE
  5
43C
330
167
100
AcDbEntity
  8
ABF_Label
347
45
 62
     0
100
AcDbLine
 10
-16.76399999999998
 20
11.62268965517241
 30
0.0
 11
-16.76399999999998
 21
10.29137931034483
 31
0.0
  0
LINE
  5
43D
330
167
100
AcDbEntity
  8
ABF_Label
347
45
 62
     0
100
AcDbLine
 10
-9.897241379310339
 20
6.858
 30
0.0
 11
-14.45172413793103
 21
6.858
 31
0.0
  0
LINE
  5
43E
330
167
100
AcDbEntity
  8
ABF_Label
347
45
 62
     0
100
AcDbLine
 10
-14.45172413793103
 20
6.858
 30
0.0
 11
-14.45172413793103
 21
8.110482758620691
 31
0.0
  0
LINE
  5
43F
330
167
100
AcDbEntity
  8
ABF_Label
347
45
 62
     0
100
AcDbLine
 10
-14.45172413793103
 20
8.110482758620691
 30
0.0
 11
-11.42999999999998
 21
8.110482758620691
 31
0.0
  0
LINE
  5
440
330
167
100
AcDbEntity
  8
ABF_Label
347
45
 62
     0
100
AcDbLine
 10
-11.42999999999998
 20
8.110482758620691
 30
0.0
 11
-11.42999999999998
 21
22.66731034482758
 31
0.0
  0
LINE
  5
441
330
167
100
AcDbEntity
  8
ABF_Label
347
45
 62
     0
100
AcDbLine
 10
-11.42999999999998
 20
22.66731034482758
 30
0.0
 11
-14.45172413793103
 21
22.66731034482758
 31
0.0
  0
LINE
  5
442
330
167
100
AcDbEntity
  8
ABF_Label
347
45
 62
     0
100
AcDbLine
 10
-14.45172413793103
 20
22.66731034482758
 30
0.0
 11
-14.45172413793103
 21
23.91979310344827
 31
0.0
  0
LINE
  5
443
330
167
100
AcDbEntity
  8
ABF_Label
347
45
 62
     0
100
AcDbLine
 10
-14.45172413793103
 20
23.91979310344827
 30
0.0
 11
-9.897241379310339
 21
23.91979310344827
 31
0.0
  0
LINE
  5
444
330
167
100
AcDbEntity
  8
ABF_Label
347
45
 62
     0
100
AcDbLine
 10
-9.897241379310339
 20
23.91979310344827
 30
0.0
 11
-9.897241379310339
 21
6.858
 31
0.0
  0
LINE
  5
445
330
167
100
AcDbEntity
  8
ABF_Label
347
45
 62
     0
100
AcDbLine
 10
7.094482758620701
 20
7.663793103448275
 30
0.0
 11
6.814206896551726
 21
7.663793103448275
 31
0.0
  0
LINE
  5
446
330
167
100
AcDbEntity
  8
ABF_Label
347
45
 62
     0
100
AcDbLine
 10
-2.977931034482759
 20
7.663793103448275
 30
0.0
 11
-2.977931034482759
 21
8.802413793103447
 31
0.0
  0
LINE
  5
447
330
167
100
AcDbEntity
  8
ABF_Label
347
45
 62
     0
100
AcDbLine
 10
-2.977931034482759
 20
8.802413793103447
 30
0.0
 11
6.814206896551726
 21
8.802413793103447
 31
0.0
  0
LINE
  5
448
330
167
100
AcDbEntity
  8
ABF_Label
347
45
 62
     0
100
AcDbLine
 10
7.094482758620701
 20
8.802413793103447
 30
0.0
 11
7.094482758620701
 21
7.663793103448275
 31
0.0
  0
LINE
  5
449
330
167
100
AcDbEntity
  8
ABF_Label
347
45
 62
     0
100
AcDbLine
 10
6.814206896551726
 20
7.663793103448275
 30
0.0
 11
-2.977931034482759
 21
7.663793103448275
 31
0.0
  0
LINE
  5
44A
330
167
100
AcDbEntity
  8
ABF_Label
347
45
 62
     0
100
AcDbLine
 10
16.88662068965519
 20
7.663793103448275
 30
0.0
 11
6.814206896551726
 21
7.663793103448275
 31
0.0
  0
LINE
  5
44B
330
167
100
AcDbEntity
  8
ABF_Label
347
45
 62
     0
100
AcDbLine
 10
6.814206896551726
 20
8.802413793103447
 30
0.0
 11
7.094482758620701
 21
8.802413793103447
 31
0.0
  0
LINE
  5
44C
330
167
100
AcDbEntity
  8
ABF_Label
347
45
 62
     0
100
AcDbLine
 10
6.814206896551726
 20
7.663793103448275
 30
0.0
 11
6.814206896551726
 21
8.802413793103447
 31
0.0
  0
LINE
  5
44D
330
167
100
AcDbEntity
  8
ABF_Label
347
45
 62
     0
100
AcDbLine
 10
6.814206896551726
 20
8.802413793103447
 30
0.0
 11
16.88662068965519
 21
8.802413793103447
 31
0.0
  0
LINE
  5
44E
330
167
100
AcDbEntity
  8
ABF_Label
347
45
 62
     0
100
AcDbLine
 10
16.88662068965519
 20
8.802413793103447
 30
0.0
 11
16.88662068965519
 21
7.663793103448275
 31
0.0
  0
LINE
  5
44F
330
167
100
AcDbEntity
  8
ABF_Label
347
45
 62
     0
100
AcDbLine
 10
27.53710344827588
 20
10.29137931034483
 30
0.0
 11
25.80289655172413
 21
10.29137931034483
 31
0.0
  0
LINE
  5
450
330
167
100
AcDbEntity
  8
ABF_Label
347
45
 62
     0
100
AcDbLine
 10
25.80289655172413
 20
10.29137931034483
 30
0.0
 11
25.80289655172413
 21
21.79144827586207
 31
0.0
  0
LINE
  5
451
330
167
100
AcDbEntity
  8
ABF_Label
347
45
 62
     0
100
AcDbLine
 10
25.80289655172413
 20
21.79144827586207
 30
0.0
 11
19.80324137931035
 21
21.79144827586207
 31
0.0
  0
LINE
  5
452
330
167
100
AcDbEntity
  8
ABF_Label
347
45
 62
     0
100
AcDbLine
 10
19.80324137931035
 20
21.79144827586207
 30
0.0
 11
19.80324137931035
 21
10.29137931034483
 31
0.0
  0
LINE
  5
453
330
167
100
AcDbEntity
  8
ABF_Label
347
45
 62
     0
100
AcDbLine
 10
19.80324137931035
 20
10.29137931034483
 30
0.0
 11
18.06903448275863
 21
10.29137931034483
 31
0.0
  0
LINE
  5
454
330
167
100
AcDbEntity
  8
ABF_Label
347
45
 62
     0
100
AcDbLine
 10
18.06903448275863
 20
10.29137931034483
 30
0.0
 11
18.06903448275863
 21
23.33296551724138
 31
0.0
  0
LINE
  5
455
330
167
100
AcDbEntity
  8
ABF_Label
347
45
 62
     0
100
AcDbLine
 10
18.06903448275863
 20
23.33296551724138
 30
0.0
 11
27.53710344827588
 21
23.33296551724138
 31
0.0
  0
LINE
  5
456
330
167
100
AcDbEntity
  8
ABF_Label
347
45
 62
     0
100
AcDbLine
 10
27.53710344827588
 20
23.33296551724138
 30
0.0
 11
27.53710344827588
 21
10.29137931034483
 31
0.0
  0
LINE
  5
457
330
167
100
AcDbEntity
  8
ABF_Label
347
45
 62
     0
100
AcDbLine
 10
38.09999999999999
 20
15.17868965517241
 30
0.0
 11
36.9088275862069
 21
11.36431034482759
 31
0.0
  0
LINE
  5
458
330
167
100
AcDbEntity
  8
ABF_Label
347
45
 62
     0
100
AcDbLine
 10
36.9088275862069
 20
11.36431034482759
 30
0.0
 11
33.73820689655174
 21
10.01986206896552
 31
0.0
  0
LINE
  5
459
330
167
100
AcDbEntity
  8
ABF_Label
347
45
 62
     0
100
AcDbLine
 10
33.73820689655174
 20
10.01986206896552
 30
0.0
 11
30.5281724137931
 21
11.40810344827586
 31
0.0
  0
LINE
  5
45A
330
167
100
AcDbEntity
  8
ABF_Label
347
45
 62
     0
100
AcDbLine
 10
30.5281724137931
 20
11.40810344827586
 30
0.0
 11
29.35889655172415
 21
15.17868965517241
 31
0.0
  0
LINE
  5
45B
330
167
100
AcDbEntity
  8
ABF_Label
347
45
 62
     0
100
AcDbLine
 10
29.35889655172415
 20
15.17868965517241
 30
0.0
 11
30.56320689655174
 21
18.98868965517241
 31
0.0
  0
LINE
  5
45C
330
167
100
AcDbEntity
  8
ABF_Label
347
45
 62
     0
100
AcDbLine
 10
30.56320689655174
 20
18.98868965517241
 30
0.0
 11
33.73820689655174
 21
20.34627586206896
 31
0.0
  0
LINE
  5
45D
330
167
100
AcDbEntity
  8
ABF_Label
347
45
 62
     0
100
AcDbLine
 10
33.73820689655174
 20
20.34627586206896
 30
0.0
 11
36.9088275862069
 21
18.99306896551724
 31
0.0
  0
LINE
  5
45E
330
167
100
AcDbEntity
  8
ABF_Label
347
45
 62
     0
100
AcDbLine
 10
36.9088275862069
 20
18.99306896551724
 30
0.0
 11
38.09999999999999
 21
15.17868965517241
 31
0.0
  0
LINE
  5
45F
330
167
100
AcDbEntity
  8
ABF_Label
347
45
 62
     0
100
AcDbLine
 10
36.40082758620691
 20
15.17868965517241
 30
0.0
 11
35.70889655172414
 21
18.00334482758621
 31
0.0
  0
LINE
  5
460
330
167
100
AcDbEntity
  8
ABF_Label
347
45
 62
     0
100
AcDbLine
 10
35.70889655172414
 20
18.00334482758621
 30
0.0
 11
33.73820689655174
 21
18.92737931034483
 31
0.0
  0
LINE
  5
461
330
167
100
AcDbEntity
  8
ABF_Label
347
45
 62
     0
100
AcDbLine
 10
33.73820689655174
 20
18.92737931034483
 30
0.0
 11
31.75437931034483
 21
18.00334482758621
 31
0.0
  0
LINE
  5
462
330
167
100
AcDbEntity
  8
ABF_Label
347
45
 62
     0
100
AcDbLine
 10
31.75437931034483
 20
18.00334482758621
 30
0.0
 11
31.05806896551726
 21
15.17868965517241
 31
0.0
  0
LINE
  5
463
330
167
100
AcDbEntity
  8
ABF_Label
347
45
 62
     0
100
AcDbLine
 10
31.05806896551726
 20
15.17868965517241
 30
0.0
 11
31.75437931034483
 21
12.38906896551724
 31
0.0
  0
LINE
  5
464
330
167
100
AcDbEntity
  8
ABF_Label
347
45
 62
     0
100
AcDbLine
 10
31.75437931034483
 20
12.38906896551724
 30
0.0
 11
33.73820689655174
 21
11.43875862068966
 31
0.0
  0
LINE
  5
465
330
167
100
AcDbEntity
  8
ABF_Label
347
45
 62
     0
100
AcDbLine
 10
33.73820689655174
 20
11.43875862068966
 30
0.0
 11
35.70451724137931
 21
12.37155172413793
 31
0.0
  0
LINE
  5
466
330
167
100
AcDbEntity
  8
ABF_Label
347
45
 62
     0
100
AcDbLine
 10
35.70451724137931
 20
12.37155172413793
 30
0.0
 11
36.40082758620691
 21
15.17868965517241
 31
0.0
  0
LINE
  5
467
330
167
100
AcDbEntity
  8
ABF_Label
347
45
 62
     0
100
AcDbLine
 10
47.36662068965519
 20
10.29137931034483
 30
0.0
 11
45.71999999999999
 21
10.29137931034483
 31
0.0
  0
LINE
  5
468
330
167
100
AcDbEntity
  8
ABF_Label
347
45
 62
     0
100
AcDbLine
 10
45.71999999999999
 20
10.29137931034483
 30
0.0
 11
45.71999999999999
 21
18.69089655172414
 31
0.0
  0
LINE
  5
469
330
167
100
AcDbEntity
  8
ABF_Label
347
45
 62
     0
100
AcDbLine
 10
45.71999999999999
 20
18.69089655172414
 30
0.0
 11
42.35668965517242
 21
18.69089655172414
 31
0.0
  0
LINE
  5
46A
330
167
100
AcDbEntity
  8
ABF_Label
347
45
 62
     0
100
AcDbLine
 10
42.35668965517242
 20
18.69089655172414
 30
0.0
 11
42.30413793103449
 21
17.29389655172413
 31
0.0
  0
LINE
  5
46B
330
167
100
AcDbEntity
  8
ABF_Label
347
45
 62
     0
100
AcDbLine
 10
42.30413793103449
 20
17.29389655172413
 30
0.0
 11
42.25158620689655
 21
16.0808275862069
 31
0.0
  0
LINE
  5
46C
330
167
100
AcDbEntity
  8
ABF_Label
347
45
 62
     0
100
AcDbLine
 10
42.25158620689655
 20
16.0808275862069
 30
0.0
 11
42.07203448275862
 21
13.77731034482759
 31
0.0
  0
LINE
  5
46D
330
167
100
AcDbEntity
  8
ABF_Label
347
45
 62
     0
100
AcDbLine
 10
42.07203448275862
 20
13.77731034482759
 30
0.0
 11
41.75234482758621
 21
12.28834482758621
 31
0.0
  0
LINE
  5
46E
330
167
100
AcDbEntity
  8
ABF_Label
347
45
 62
     0
100
AcDbLine
 10
41.75234482758621
 20
12.28834482758621
 30
0.0
 11
41.32755172413793
 21
11.38620689655172
 31
0.0
  0
LINE
  5
46F
330
167
100
AcDbEntity
  8
ABF_Label
347
45
 62
     0
100
AcDbLine
 10
41.32755172413793
 20
11.38620689655172
 30
0.0
 11
40.80641379310346
 21
10.79937931034483
 31
0.0
  0
LINE
  5
470
330
167
100
AcDbEntity
  8
ABF_Label
347
45
 62
     0
100
AcDbLine
 10
40.80641379310346
 20
10.79937931034483
 30
0.0
 11
40.16703448275863
 21
10.40524137931035
 31
0.0
  0
LINE
  5
471
330
167
100
AcDbEntity
  8
ABF_Label
347
45
 62
     0
100
AcDbLine
 10
40.16703448275863
 20
10.40524137931035
 30
0.0
 11
39.39627586206898
 21
10.27386206896552
 31
0.0
  0
LINE
  5
472
330
167
100
AcDbEntity
  8
ABF_Label
347
45
 62
     0
100
AcDbLine
 10
39.39627586206898
 20
10.27386206896552
 30
0.0
 11
39.0371724137931
 21
10.28262068965517
 31
0.0
  0
LINE
  5
473
330
167
100
AcDbEntity
  8
ABF_Label
347
45
 62
     0
100
AcDbLine
 10
39.0371724137931
 20
10.28262068965517
 30
0.0
 11
38.73062068965519
 21
10.29137931034483
 31
0.0
  0
LINE
  5
474
330
167
100
AcDbEntity
  8
ABF_Label
347
45
 62
     0
100
AcDbLine
 10
38.73062068965519
 20
10.29137931034483
 30
0.0
 11
38.73062068965519
 21
11.72779310344827
 31
0.0
  0
LINE
  5
475
330
167
100
AcDbEntity
  8
ABF_Label
347
45
 62
     0
100
AcDbLine
 10
38.73062068965519
 20
11.72779310344827
 30
0.0
 11
38.81820689655172
 21
11.72779310344827
 31
0.0
  0
LINE
  5
476
330
167
100
AcDbEntity
  8
ABF_Label
347
45
 62
     0
100
AcDbLine
 10
38.81820689655172
 20
11.72779310344827
 30
0.0
 11
38.94520689655174
 21
11.71903448275862
 31
0.0
  0
LINE
  5
477
330
167
100
AcDbEntity
  8
ABF_Label
347
45
 62
     0
100
AcDbLine
 10
38.94520689655174
 20
11.71903448275862
 30
0.0
 11
39.09848275862069
 21
11.71027586206897
 31
0.0
  0
LINE
  5
478
330
167
100
AcDbEntity
  8
ABF_Label
347
45
 62
     0
100
AcDbLine
 10
39.09848275862069
 20
11.71027586206897
 30
0.0
 11
39.51013793103448
 21
11.77158620689655
 31
0.0
  0
LINE
  5
479
330
167
100
AcDbEntity
  8
ABF_Label
347
45
 62
     0
100
AcDbLine
 10
39.51013793103448
 20
11.77158620689655
 30
0.0
 11
39.86924137931035
 21
11.99931034482758
 31
0.0
  0
LINE
  5
47A
330
167
100
AcDbEntity
  8
ABF_Label
347
45
 62
     0
100
AcDbLine
 10
39.86924137931035
 20
11.99931034482758
 30
0.0
 11
40.50862068965517
 21
13.50141379310345
 31
0.0
  0
LINE
  5
47B
330
167
100
AcDbEntity
  8
ABF_Label
347
45
 62
     0
100
AcDbLine
 10
40.50862068965517
 20
13.50141379310345
 30
0.0
 11
40.7976551724138
 21
16.50124137931034
 31
0.0
  0
LINE
  5
47C
330
167
100
AcDbEntity
  8
ABF_Label
347
45
 62
     0
100
AcDbLine
 10
40.7976551724138
 20
16.50124137931034
 30
0.0
 11
40.86334482758621
 21
18.20041379310344
 31
0.0
  0
LINE
  5
47D
330
167
100
AcDbEntity
  8
ABF_Label
347
45
 62
     0
100
AcDbLine
 10
40.86334482758621
 20
18.20041379310344
 30
0.0
 11
40.92027586206898
 21
20.07475862068965
 31
0.0
  0
LINE
  5
47E
330
167
100
AcDbEntity
  8
ABF_Label
347
45
 62
     0
100
AcDbLine
 10
40.92027586206898
 20
20.07475862068965
 30
0.0
 11
47.36662068965519
 21
20.07475862068965
 31
0.0
  0
LINE
  5
47F
330
167
100
AcDbEntity
  8
ABF_Label
347
45
 62
     0
100
AcDbLine
 10
47.36662068965519
 20
20.07475862068965
 30
0.0
 11
47.36662068965519
 21
10.29137931034483
 31
0.0
  0
LINE
  5
480
330
167
100
AcDbEntity
  8
ABF_Label
347
45
 62
     0
100
AcDbLine
 10
57.47406896551723
 20
10.29137931034483
 30
0.0
 11
55.84496551724139
 21
10.29137931034483
 31
0.0
  0
LINE
  5
481
330
167
100
AcDbEntity
  8
ABF_Label
347
45
 62
     0
100
AcDbLine
 10
55.84496551724139
 20
10.29137931034483
 30
0.0
 11
55.84496551724139
 21
17.58731034482758
 31
0.0
  0
LINE
  5
482
330
167
100
AcDbEntity
  8
ABF_Label
347
45
 62
     0
100
AcDbLine
 10
55.84496551724139
 20
17.58731034482758
 30
0.0
 11
51.23793103448276
 21
10.29137931034483
 31
0.0
  0
LINE
  5
483
330
167
100
AcDbEntity
  8
ABF_Label
347
45
 62
     0
100
AcDbLine
 10
51.23793103448276
 20
10.29137931034483
 30
0.0
 11
49.74896551724139
 21
10.29137931034483
 31
0.0
  0
LINE
  5
484
330
167
100
AcDbEntity
  8
ABF_Label
347
45
 62
     0
100
AcDbLine
 10
49.74896551724139
 20
10.29137931034483
 30
0.0
 11
49.74896551724139
 21
20.07475862068965
 31
0.0
  0
LINE
  5
485
330
167
100
AcDbEntity
  8
ABF_Label
347
45
 62
     0
100
AcDbLine
 10
49.74896551724139
 20
20.07475862068965
 30
0.0
 11
51.37806896551723
 21
20.07475862068965
 31
0.0
  0
LINE
  5
486
330
167
100
AcDbEntity
  8
ABF_Label
347
45
 62
     0
100
AcDbLine
 10
51.37806896551723
 20
20.07475862068965
 30
0.0
 11
51.37806896551723
 21
12.89268965517241
 31
0.0
  0
LINE
  5
487
330
167
100
AcDbEntity
  8
ABF_Label
347
45
 62
     0
100
AcDbLine
 10
51.37806896551723
 20
12.89268965517241
 30
0.0
 11
55.93255172413792
 21
20.07475862068965
 31
0.0
  0
LINE
  5
488
330
167
100
AcDbEntity
  8
ABF_Label
347
45
 62
     0
100
AcDbLine
 10
55.93255172413792
 20
20.07475862068965
 30
0.0
 11
57.47406896551723
 21
20.07475862068965
 31
0.0
  0
LINE
  5
489
330
167
100
AcDbEntity
  8
ABF_Label
347
45
 62
     0
100
AcDbLine
 10
57.47406896551723
 20
20.07475862068965
 30
0.0
 11
57.47406896551723
 21
10.29137931034483
 31
0.0
  0
LINE
  5
48A
330
167
100
AcDbEntity
  8
ABF_Label
347
45
 62
     0
100
AcDbLine
 10
68.49241379310342
 20
7.944068965517239
 30
0.0
 11
66.95965517241379
 21
7.944068965517239
 31
0.0
  0
LINE
  5
48B
330
167
100
AcDbEntity
  8
ABF_Label
347
45
 62
     0
100
AcDbLine
 10
66.95965517241379
 20
7.944068965517239
 30
0.0
 11
66.95965517241379
 21
10.29137931034483
 31
0.0
  0
LINE
  5
48C
330
167
100
AcDbEntity
  8
ABF_Label
347
45
 62
     0
100
AcDbLine
 10
66.95965517241379
 20
10.29137931034483
 30
0.0
 11
59.85641379310344
 21
10.29137931034483
 31
0.0
  0
LINE
  5
48D
330
167
100
AcDbEntity
  8
ABF_Label
347
45
 62
     0
100
AcDbLine
 10
59.85641379310344
 20
10.29137931034483
 30
0.0
 11
59.85641379310344
 21
20.07475862068965
 31
0.0
  0
LINE
  5
48E
330
167
100
AcDbEntity
  8
ABF_Label
347
45
 62
     0
100
AcDbLine
 10
59.85641379310344
 20
20.07475862068965
 30
0.0
 11
61.50303448275863
 21
20.07475862068965
 31
0.0
  0
LINE
  5
48F
330
167
100
AcDbEntity
  8
ABF_Label
347
45
 62
     0
100
AcDbLine
 10
61.50303448275863
 20
20.07475862068965
 30
0.0
 11
61.50303448275863
 21
11.71027586206897
 31
0.0
  0
LINE
  5
490
330
167
100
AcDbEntity
  8
ABF_Label
347
45
 62
     0
100
AcDbLine
 10
61.50303448275863
 20
11.71027586206897
 30
0.0
 11
65.87358620689655
 21
11.71027586206897
 31
0.0
  0
LINE
  5
491
330
167
100
AcDbEntity
  8
ABF_Label
347
45
 62
     0
100
AcDbLine
 10
65.87358620689655
 20
11.71027586206897
 30
0.0
 11
65.87358620689655
 21
20.07475862068965
 31
0.0
  0
LINE
  5
492
330
167
100
AcDbEntity
  8
ABF_Label
347
45
 62
     0
100
AcDbLine
 10
65.87358620689655
 20
20.07475862068965
 30
0.0
 11
67.52020689655174
 21
20.07475862068965
 31
0.0
  0
LINE
  5
493
330
167
100
AcDbEntity
  8
ABF_Label
347
45
 62
     0
100
AcDbLine
 10
67.52020689655174
 20
20.07475862068965
 30
0.0
 11
67.52020689655174
 21
11.71027586206897
 31
0.0
  0
LINE
  5
494
330
167
100
AcDbEntity
  8
ABF_Label
347
45
 62
     0
100
AcDbLine
 10
67.52020689655174
 20
11.71027586206897
 30
0.0
 11
68.49241379310342
 21
11.71027586206897
 31
0.0
  0
LINE
  5
495
330
167
100
AcDbEntity
  8
ABF_Label
347
45
 62
     0
100
AcDbLine
 10
68.49241379310342
 20
11.71027586206897
 30
0.0
 11
68.49241379310342
 21
7.944068965517239
 31
0.0
  0
LINE
  5
496
330
167
100
AcDbEntity
  8
ABF_Label
347
45
 62
     0
100
AcDbLine
 10
77.19848275862068
 20
10.29137931034483
 30
0.0
 11
75.55186206896555
 21
10.29137931034483
 31
0.0
  0
LINE
  5
497
330
167
100
AcDbEntity
  8
ABF_Label
347
45
 62
     0
100
AcDbLine
 10
75.55186206896555
 20
10.29137931034483
 30
0.0
 11
75.55186206896555
 21
14.17144827586207
 31
0.0
  0
LINE
  5
498
330
167
100
AcDbEntity
  8
ABF_Label
347
45
 62
     0
100
AcDbLine
 10
75.55186206896555
 20
14.17144827586207
 30
0.0
 11
73.92275862068965
 21
14.17144827586207
 31
0.0
  0
LINE
  5
499
330
167
100
AcDbEntity
  8
ABF_Label
347
45
 62
     0
100
AcDbLine
 10
73.92275862068965
 20
14.17144827586207
 30
0.0
 11
71.0236551724138
 21
10.29137931034483
 31
0.0
  0
LINE
  5
49A
330
167
100
AcDbEntity
  8
ABF_Label
347
45
 62
     0
100
AcDbLine
 10
71.0236551724138
 20
10.29137931034483
 30
0.0
 11
69.10551724137929
 21
10.29137931034483
 31
0.0
  0
LINE
  5
49B
330
167
100
AcDbEntity
  8
ABF_Label
347
45
 62
     0
100
AcDbLine
 10
69.10551724137929
 20
10.29137931034483
 30
0.0
 11
72.24986206896553
 21
14.32034482758621
 31
0.0
  0
LINE
  5
49C
330
167
100
AcDbEntity
  8
ABF_Label
347
45
 62
     0
100
AcDbLine
 10
72.24986206896553
 20
14.32034482758621
 30
0.0
 11
70.46748275862068
 21
15.38889655172414
 31
0.0
  0
LINE
  5
49D
330
167
100
AcDbEntity
  8
ABF_Label
347
45
 62
     0
100
AcDbLine
 10
70.46748275862068
 20
15.38889655172414
 30
0.0
 11
69.90255172413794
 21
17.28951724137931
 31
0.0
  0
LINE
  5
49E
330
167
100
AcDbEntity
  8
ABF_Label
347
45
 62
     0
100
AcDbLine
 10
69.90255172413794
 20
17.28951724137931
 30
0.0
 11
70.22224137931036
 21
18.56389655172413
 31
0.0
  0
LINE
  5
49F
330
167
100
AcDbEntity
  8
ABF_Label
347
45
 62
     0
100
AcDbLine
 10
70.22224137931036
 20
18.56389655172413
 30
0.0
 11
71.08496551724139
 21
19.48793103448276
 31
0.0
  0
LINE
  5
4A0
330
167
100
AcDbEntity
  8
ABF_Label
347
45
 62
     0
100
AcDbLine
 10
71.08496551724139
 20
19.48793103448276
 30
0.0
 11
72.18855172413794
 21
19.93024137931035
 31
0.0
  0
LINE
  5
4A1
330
167
100
AcDbEntity
  8
ABF_Label
347
45
 62
     0
100
AcDbLine
 10
72.18855172413794
 20
19.93024137931035
 30
0.0
 11
73.67751724137933
 21
20.07475862068965
 31
0.0
  0
LINE
  5
4A2
330
167
100
AcDbEntity
  8
ABF_Label
347
45
 62
     0
100
AcDbLine
 10
73.67751724137933
 20
20.07475862068965
 30
0.0
 11
77.19848275862068
 21
20.07475862068965
 31
0.0
  0
LINE
  5
4A3
330
167
100
AcDbEntity
  8
ABF_Label
347
45
 62
     0
100
AcDbLine
 10
77.19848275862068
 20
20.07475862068965
 30
0.0
 11
77.19848275862068
 21
10.29137931034483
 31
0.0
  0
LINE
  5
4A4
330
167
100
AcDbEntity
  8
ABF_Label
347
45
 62
     0
100
AcDbLine
 10
75.55186206896555
 20
15.46772413793103
 30
0.0
 11
75.55186206896555
 21
18.76096551724138
 31
0.0
  0
LINE
  5
4A5
330
167
100
AcDbEntity
  8
ABF_Label
347
45
 62
     0
100
AcDbLine
 10
75.55186206896555
 20
18.76096551724138
 30
0.0
 11
73.76510344827587
 21
18.76096551724138
 31
0.0
  0
LINE
  5
4A6
330
167
100
AcDbEntity
  8
ABF_Label
347
45
 62
     0
100
AcDbLine
 10
73.76510344827587
 20
18.76096551724138
 30
0.0
 11
72.86734482758622
 21
18.69965517241379
 31
0.0
  0
LINE
  5
4A7
330
167
100
AcDbEntity
  8
ABF_Label
347
45
 62
     0
100
AcDbLine
 10
72.86734482758622
 20
18.69965517241379
 30
0.0
 11
72.23234482758622
 21
18.4631724137931
 31
0.0
  0
LINE
  5
4A8
330
167
100
AcDbEntity
  8
ABF_Label
347
45
 62
     0
100
AcDbLine
 10
72.23234482758622
 20
18.4631724137931
 30
0.0
 11
71.755
 21
17.94203448275862
 31
0.0
  0
LINE
  5
4A9
330
167
100
AcDbEntity
  8
ABF_Label
347
45
 62
     0
100
AcDbLine
 10
71.755
 20
17.94203448275862
 30
0.0
 11
71.59296551724137
 21
17.23696551724138
 31
0.0
  0
LINE
  5
4AA
330
167
100
AcDbEntity
  8
ABF_Label
347
45
 62
     0
100
AcDbLine
 10
71.59296551724137
 20
17.23696551724138
 30
0.0
 11
71.70244827586208
 21
16.45306896551724
 31
0.0
  0
LINE
  5
4AB
330
167
100
AcDbEntity
  8
ABF_Label
347
45
 62
     0
100
AcDbLine
 10
71.70244827586208
 20
16.45306896551724
 30
0.0
 11
72.10096551724136
 21
15.89689655172414
 31
0.0
  0
LINE
  5
4AC
330
167
100
AcDbEntity
  8
ABF_Label
347
45
 62
     0
100
AcDbLine
 10
72.10096551724136
 20
15.89689655172414
 30
0.0
 11
72.84982758620687
 21
15.55093103448276
 31
0.0
  0
LINE
  5
4AD
330
167
100
AcDbEntity
  8
ABF_Label
347
45
 62
     0
100
AcDbLine
 10
72.84982758620687
 20
15.55093103448276
 30
0.0
 11
73.81765517241378
 21
15.46772413793103
 31
0.0
  0
LINE
  5
4AE
330
167
100
AcDbEntity
  8
ABF_Label
347
45
 62
     0
100
AcDbLine
 10
73.81765517241378
 20
15.46772413793103
 30
0.0
 11
75.55186206896555
 21
15.46772413793103
 31
0.0
  0
LINE
  5
4AF
330
167
100
AcDbEntity
  8
ABF_Label
347
45
 62
     0
100
AcDbLine
 10
11.60898198938372
 20
-10.57317554330826
 30
0.0
 11
13.00575780248643
 21
-13.716
 31
0.0
  0
LINE
  5
4B0
330
167
100
AcDbEntity
  8
ABF_Label
347
45
 62
     0
100
AcDbLine
 10
8.945599561691298
 20
-4.580415426254274
 30
0.0
 11
11.60898198938372
 21
-10.57317554330826
 31
0.0
  0
LINE
  5
4B1
330
167
100
AcDbEntity
  8
ABF_Label
347
45
 62
     0
100
AcDbLine
 10
5.207446859836597
 20
-13.716
 30
0.0
 11
6.493446519136456
 21
-10.57317554330826
 31
0.0
  0
LINE
  5
4B2
330
167
100
AcDbEntity
  8
ABF_Label
347
45
 62
     0
100
AcDbLine
 10
6.493446519136456
 20
-10.57317554330826
 30
0.0
 11
8.945599561691298
 21
-4.580415426254274
 31
0.0
  0
LINE
  5
4B3
330
167
100
AcDbEntity
  8
ABF_Label
347
45
 62
     0
100
AcDbLine
 10
6.493446519136456
 20
-10.57317554330826
 30
0.0
 11
11.60898198938372
 21
-10.57317554330826
 31
0.0
  0
LINE
  5
4B4
330
167
100
AcDbEntity
  8
ABF_Label
347
45
 62
     0
100
AcDbLine
 10
20.286461288929
 20
-6.83563811397553
 30
0.0
 11
19.50937814950947
 21
-5.3839256105423
 31
0.0
  0
LINE
  5
4B5
330
167
100
AcDbEntity
  8
ABF_Label
347
45
 62
     0
100
AcDbLine
 10
20.0365946364403
 20
-9.902114881038669
 30
0.0
 11
20.74415319204334
 21
-11.59471429800987
 31
0.0
  0
LINE
  5
4B6
330
167
100
AcDbEntity
  8
ABF_Label
347
45
 62
     0
100
AcDbLine
 10
19.50937814950947
 20
-5.3839256105423
 30
0.0
 11
17.95535781621937
 21
-4.876400266647341
 31
0.0
  0
LINE
  5
4B7
330
167
100
AcDbEntity
  8
ABF_Label
347
45
 62
     0
100
AcDbLine
 10
14.52975780248645
 20
-4.876400266647341
 30
0.0
 11
17.95535781621937
 21
-4.876400266647341
 31
0.0
  0
LINE
  5
4B8
330
167
100
AcDbEntity
  8
ABF_Label
347
45
 62
     0
100
AcDbLine
 10
17.95535781621937
 20
-8.97890088415146
 30
0.0
 11
19.55097808122638
 21
-8.251021076202397
 31
0.0
  0
LINE
  5
4B9
330
167
100
AcDbEntity
  8
ABF_Label
347
45
 62
     0
100
AcDbLine
 10
17.95535781621937
 20
-13.716
 30
0.0
 11
19.75897834539417
 21
-13.35673622018099
 31
0.0
  0
LINE
  5
4BA
330
167
100
AcDbEntity
  8
ABF_Label
347
45
 62
     0
100
AcDbLine
 10
14.52975780248645
 20
-13.716
 30
0.0
 11
17.95535781621937
 21
-13.716
 31
0.0
  0
LINE
  5
4BB
330
167
100
AcDbEntity
  8
ABF_Label
347
45
 62
     0
100
AcDbLine
 10
14.52975780248645
 20
-8.97890088415146
 30
0.0
 11
14.52975780248645
 21
-13.716
 31
0.0
  0
LINE
  5
4BC
330
167
100
AcDbEntity
  8
ABF_Label
347
45
 62
     0
100
AcDbLine
 10
14.52975780248645
 20
-8.97890088415146
 30
0.0
 11
17.95535781621937
 21
-8.97890088415146
 31
0.0
  0
LINE
  5
4BD
330
167
100
AcDbEntity
  8
ABF_Label
347
45
 62
     0
100
AcDbLine
 10
14.52975780248645
 20
-4.876400266647341
 30
0.0
 11
14.52975780248645
 21
-8.97890088415146
 31
0.0
  0
LINE
  5
4BE
330
167
100
AcDbEntity
  8
ABF_Label
347
45
 62
     0
100
AcDbLine
 10
17.95535781621937
 20
-8.97890088415146
 30
0.0
 11
20.0365946364403
 21
-9.902114881038669
 31
0.0
  0
LINE
  5
4BF
330
167
100
AcDbEntity
  8
ABF_Label
347
45
 62
     0
100
AcDbLine
 10
20.74415319204334
 20
-11.59471429800987
 30
0.0
 11
19.75897834539417
 21
-13.35673622018099
 31
0.0
  0
LINE
  5
4C0
330
167
100
AcDbEntity
  8
ABF_Label
347
45
 62
     0
100
AcDbLine
 10
19.55097808122638
 20
-8.251021076202397
 30
0.0
 11
20.286461288929
 21
-6.83563811397553
 31
0.0
  0
LINE
  5
4C1
330
167
100
AcDbEntity
  8
ABF_Label
347
45
 62
     0
100
AcDbLine
 10
22.26815319204333
 20
-8.97454341030121
 30
0.0
 11
27.08615307474138
 21
-8.97454341030121
 31
0.0
  0
LINE
  5
4C2
330
167
100
AcDbEntity
  8
ABF_Label
347
45
 62
     0
100
AcDbLine
 10
22.26815319204333
 20
-4.787599969863896
 30
0.0
 11
22.26815319204333
 21
-8.97454341030121
 31
0.0
  0
LINE
  5
4C3
330
167
100
AcDbEntity
  8
ABF_Label
347
45
 62
     0
100
AcDbLine
 10
22.26815319204333
 20
-4.787599969863896
 30
0.0
 11
27.81255314016344
 21
-4.787599969863896
 31
0.0
  0
LINE
  5
4C4
330
167
100
AcDbEntity
  8
ABF_Label
347
45
 62
     0
100
AcDbLine
 10
22.26815319204333
 20
-8.97454341030121
 30
0.0
 11
22.26815319204333
 21
-13.716
 31
0.0
  0
LINE
  5
4C5
330
167
100
AcDbEntity
  8
ABF_Label
347
45
 62
     0
100
AcDbLine
 10
-57.96455172413792
 20
0.0
 30
0.0
 11
90.98455172413793
 21
0.0
 31
0.0
  0
POLYLINE
  5
4C6
330
167
100
AcDbEntity
  8
ABF_Label
347
45
 62
     0
100
AcDb3dPolyline
 66
     1
 10
0.0
 20
0.0
 30
0.0
 70
     9
  0
VERTEX
  5
4C7
330
4C6
100
AcDbEntity
  8
ABF_Label
 62
     0
100
AcDbVertex
100
AcDb3dPolylineVertex
 10
90.98455172413793
 20
17.78
 30
0.0
 70
    32
  0
VERTEX
  5
4C8
330
4C6
100
AcDbEntity
  8
ABF_Label
 62
     0
100
AcDbVertex
100
AcDb3dPolylineVertex
 10
108.7645517241379
 20
0.0
 30
0.0
 70
    32
  0
VERTEX
  5
4C9
330
4C6
100
AcDbEntity
  8
ABF_Label
 62
     0
100
AcDbVertex
100
AcDb3dPolylineVertex
 10
90.98455172413793
 20
-17.78
 30
0.0
 70
    32
  0
VERTEX
  5
4CA
330
4C6
100
AcDbEntity
  8
ABF_Label
 62
     0
100
AcDbVertex
100
AcDb3dPolylineVertex
 10
90.98455172413793
 20
17.78
 30
0.0
 70
    32
  0
SEQEND
  5
4CB
330
4C6
100
AcDbEntity
  8
ABF_Label
347
45
 62
     0
  0
POLYLINE
  5
4CC
330
167
100
AcDbEntity
  8
ABF_Label
347
45
 62
     0
100
AcDb3dPolyline
 66
     1
 10
0.0
 20
0.0
 30
0.0
 70
     9
  0
VERTEX
  5
4CD
330
4CC
100
AcDbEntity
  8
ABF_Label
 62
     0
100
AcDbVertex
100
AcDb3dPolylineVertex
 10
-57.96455172413792
 20
0.0
 30
0.0
 70
    32
  0
VERTEX
  5
4CE
330
4CC
100
AcDbEntity
  8
ABF_Label
 62
     0
100
AcDbVertex
100
AcDb3dPolylineVertex
 10
-83.36455172413791
 20
-25.4
 30
0.0
 70
    32
  0
VERTEX
  5
4CF
330
4CC
100
AcDbEntity
  8
ABF_Label
 62
     0
100
AcDbVertex
100
AcDb3dPolylineVertex
 10
-108.7645517241379
 20
0.0
 30
0.0
 70
    32
  0
VERTEX
  5
4D0
330
4CC
100
AcDbEntity
  8
ABF_Label
 62
     0
100
AcDbVertex
100
AcDb3dPolylineVertex
 10
-83.36455172413791
 20
25.4
 30
0.0
 70
    32
  0
VERTEX
  5
4D1
330
4CC
100
AcDbEntity
  8
ABF_Label
 62
     0
100
AcDbVertex
100
AcDb3dPolylineVertex
 10
-57.96455172413792
 20
0.0
 30
0.0
 70
    32
  0
SEQEND
  5
4D2
330
4CC
100
AcDbEntity
  8
ABF_Label
347
45
 62
     0
  0
ENDBLK
  5
169
330
167
100
AcDbEntity
  8
0
100
AcDbBlockEnd
  0
BLOCK
  5
16B
330
16A
100
AcDbEntity
  8
0
100
AcDbBlockBegin
  2
Group139#1
 70
     0
 10
0.0
 20
0.0
 30
0.0
  3
Group139#1
  1

  0
LINE
  5
4D3
330
16A
100
AcDbEntity
  8
ABF_Label
347
45
 62
     0
100
AcDbLine
 10
-68.90151774249223
 20
1.135806085507073
 30
0.0
 11
-64.72242065842033
 21
-0.3210659530692633
 31
0.0
  0
LINE
  5
4D4
330
16A
100
AcDbEntity
  8
ABF_Label
347
45
 62
     0
100
AcDbLine
 10
-68.90151774249223
 20
12.57341273185942
 30
0.0
 11
-64.50464298448709
 21
11.06830629491806
 31
0.0
  0
LINE
  5
4D5
330
16A
100
AcDbEntity
  8
ABF_Label
347
45
 62
     0
100
AcDbLine
 10
-61.9976074176538
 20
-5.159959952990214
 30
0.0
 11
-64.72242065842033
 21
-10.80114461881584
 31
0.0
  0
LINE
  5
4D6
330
16A
100
AcDbEntity
  8
ABF_Label
347
45
 62
     0
100
AcDbLine
 10
-62.70159900415355
 20
6.632563273217949
 30
0.0
 11
-64.72242065842033
 21
2.498686246713004
 31
0.0
  0
LINE
  5
4D7
330
16A
100
AcDbEntity
  8
ABF_Label
347
45
 62
     0
100
AcDbLine
 10
-64.72242065842033
 20
2.498686246713004
 30
0.0
 11
-68.90151774249223
 21
1.135806085507073
 31
0.0
  0
LINE
  5
4D8
330
16A
100
AcDbEntity
  8
ABF_Label
347
45
 62
     0
100
AcDbLine
 10
-73.22008599316159
 20
11.06830629491806
 30
0.0
 11
-68.90151774249223
 21
12.57341273185942
 31
0.0
  0
LINE
  5
4D9
330
16A
100
AcDbEntity
  8
ABF_Label
347
45
 62
     0
100
AcDbLine
 10
-64.50464298448709
 20
11.06830629491806
 30
0.0
 11
-62.70159900415355
 21
6.632563273217949
 31
0.0
  0
LINE
  5
4DA
330
16A
100
AcDbEntity
  8
ABF_Label
347
45
 62
     0
100
AcDbLine
 10
-75.5467027641427
 20
6.632563273217949
 30
0.0
 11
-73.22008599316159
 21
11.06830629491806
 31
0.0
  0
LINE
  5
4DB
330
16A
100
AcDbEntity
  8
ABF_Label
347
45
 62
     0
100
AcDbLine
 10
-68.90151774249223
 20
-12.446
 30
0.0
 11
-73.55764435511577
 21
-10.80114461881584
 31
0.0
  0
LINE
  5
4DC
330
16A
100
AcDbEntity
  8
ABF_Label
347
45
 62
     0
100
AcDbLine
 10
-64.72242065842033
 20
-10.80114461881584
 30
0.0
 11
-68.90151774249223
 21
-12.446
 31
0.0
  0
LINE
  5
4DD
330
16A
100
AcDbEntity
  8
ABF_Label
347
45
 62
     0
100
AcDbLine
 10
-64.72242065842033
 20
-0.3210659530692633
 30
0.0
 11
-61.9976074176538
 21
-5.159959952990214
 31
0.0
  0
LINE
  5
4DE
330
16A
100
AcDbEntity
  8
ABF_Label
347
45
 62
     0
100
AcDbLine
 10
-73.55764435511577
 20
-10.80114461881584
 30
0.0
 11
-75.88059947889792
 21
-5.925663923515214
 31
0.0
  0
LINE
  5
4DF
330
16A
100
AcDbEntity
  8
ABF_Label
347
45
 62
     0
100
AcDbLine
 10
-22.29068965517241
 20
6.858
 30
0.0
 11
-26.8451724137931
 21
6.858
 31
0.0
  0
LINE
  5
4E0
330
16A
100
AcDbEntity
  8
ABF_Label
347
45
 62
     0
100
AcDbLine
 10
-26.8451724137931
 20
6.858
 30
0.0
 11
-26.8451724137931
 21
23.91979310344827
 31
0.0
  0
LINE
  5
4E1
330
16A
100
AcDbEntity
  8
ABF_Label
347
45
 62
     0
100
AcDbLine
 10
-26.8451724137931
 20
23.91979310344827
 30
0.0
 11
-22.29068965517241
 21
23.91979310344827
 31
0.0
  0
LINE
  5
4E2
330
16A
100
AcDbEntity
  8
ABF_Label
347
45
 62
     0
100
AcDbLine
 10
-22.29068965517241
 20
23.91979310344827
 30
0.0
 11
-22.29068965517241
 21
22.66731034482758
 31
0.0
  0
LINE
  5
4E3
330
16A
100
AcDbEntity
  8
ABF_Label
347
45
 62
     0
100
AcDbLine
 10
-22.29068965517241
 20
22.66731034482758
 30
0.0
 11
-25.31241379310345
 21
22.66731034482758
 31
0.0
  0
LINE
  5
4E4
330
16A
100
AcDbEntity
  8
ABF_Label
347
45
 62
     0
100
AcDbLine
 10
-25.31241379310345
 20
22.66731034482758
 30
0.0
 11
-25.31241379310345
 21
8.110482758620691
 31
0.0
  0
LINE
  5
4E5
330
16A
100
AcDbEntity
  8
ABF_Label
347
45
 62
     0
100
AcDbLine
 10
-25.31241379310345
 20
8.110482758620691
 30
0.0
 11
-22.29068965517241
 21
8.110482758620691
 31
0.0
  0
LINE
  5
4E6
330
16A
100
AcDbEntity
  8
ABF_Label
347
45
 62
     0
100
AcDbLine
 10
-22.29068965517241
 20
8.110482758620691
 30
0.0
 11
-22.29068965517241
 21
6.858
 31
0.0
  0
LINE
  5
4E7
330
16A
100
AcDbEntity
  8
ABF_Label
347
45
 62
     0
100
AcDbLine
 10
-21.51993103448276
 20
10.29137931034483
 30
0.0
 11
-17.12310344827586
 21
23.33296551724138
 31
0.0
  0
LINE
  5
4E8
330
16A
100
AcDbEntity
  8
ABF_Label
347
45
 62
     0
100
AcDbLine
 10
-17.12310344827586
 20
23.33296551724138
 30
0.0
 11
-14.986
 21
23.33296551724138
 31
0.0
  0
LINE
  5
4E9
330
16A
100
AcDbEntity
  8
ABF_Label
347
45
 62
     0
100
AcDbLine
 10
-14.986
 20
23.33296551724138
 30
0.0
 11
-10.5891724137931
 21
10.29137931034483
 31
0.0
  0
LINE
  5
4EA
330
16A
100
AcDbEntity
  8
ABF_Label
347
45
 62
     0
100
AcDbLine
 10
-10.5891724137931
 20
10.29137931034483
 30
0.0
 11
-12.41972413793104
 21
10.29137931034483
 31
0.0
  0
LINE
  5
4EB
330
16A
100
AcDbEntity
  8
ABF_Label
347
45
 62
     0
100
AcDbLine
 10
-12.41972413793104
 20
10.29137931034483
 30
0.0
 11
-13.60213793103448
 21
13.93496551724138
 31
0.0
  0
LINE
  5
4EC
330
16A
100
AcDbEntity
  8
ABF_Label
347
45
 62
     0
100
AcDbLine
 10
-13.60213793103448
 20
13.93496551724138
 30
0.0
 11
-18.58579310344827
 21
13.93496551724138
 31
0.0
  0
LINE
  5
4ED
330
16A
100
AcDbEntity
  8
ABF_Label
347
45
 62
     0
100
AcDbLine
 10
-18.58579310344827
 20
13.93496551724138
 30
0.0
 11
-19.76820689655172
 21
10.29137931034483
 31
0.0
  0
LINE
  5
4EE
330
16A
100
AcDbEntity
  8
ABF_Label
347
45
 62
     0
100
AcDbLine
 10
-19.76820689655172
 20
10.29137931034483
 30
0.0
 11
-21.51993103448276
 21
10.29137931034483
 31
0.0
  0
LINE
  5
4EF
330
16A
100
AcDbEntity
  8
ABF_Label
347
45
 62
     0
100
AcDbLine
 10
-14.08386206896551
 20
15.4151724137931
 30
0.0
 11
-16.09834482758621
 21
21.56372413793103
 31
0.0
  0
LINE
  5
4F0
330
16A
100
AcDbEntity
  8
ABF_Label
347
45
 62
     0
100
AcDbLine
 10
-16.09834482758621
 20
21.56372413793103
 30
0.0
 11
-18.10406896551724
 21
15.4151724137931
 31
0.0
  0
LINE
  5
4F1
330
16A
100
AcDbEntity
  8
ABF_Label
347
45
 62
     0
100
AcDbLine
 10
-18.10406896551724
 20
15.4151724137931
 30
0.0
 11
-14.08386206896551
 21
15.4151724137931
 31
0.0
  0
LINE
  5
4F2
330
16A
100
AcDbEntity
  8
ABF_Label
347
45
 62
     0
100
AcDbLine
 10
-2.338551724137924
 20
10.29137931034483
 30
0.0
 11
-8.697310344827587
 21
10.29137931034483
 31
0.0
  0
LINE
  5
4F3
330
16A
100
AcDbEntity
  8
ABF_Label
347
45
 62
     0
100
AcDbLine
 10
-8.697310344827587
 20
10.29137931034483
 30
0.0
 11
-8.697310344827587
 21
11.62268965517241
 31
0.0
  0
LINE
  5
4F4
330
16A
100
AcDbEntity
  8
ABF_Label
347
45
 62
     0
100
AcDbLine
 10
-8.697310344827587
 20
11.62268965517241
 30
0.0
 11
-6.332482758620694
 21
11.62268965517241
 31
0.0
  0
LINE
  5
4F5
330
16A
100
AcDbEntity
  8
ABF_Label
347
45
 62
     0
100
AcDbLine
 10
-6.332482758620694
 20
11.62268965517241
 30
0.0
 11
-6.332482758620694
 21
20.36379310344827
 31
0.0
  0
LINE
  5
4F6
330
16A
100
AcDbEntity
  8
ABF_Label
347
45
 62
     0
100
AcDbLine
 10
-6.332482758620694
 20
20.36379310344827
 30
0.0
 11
-8.697310344827587
 21
20.36379310344827
 31
0.0
  0
LINE
  5
4F7
330
16A
100
AcDbEntity
  8
ABF_Label
347
45
 62
     0
100
AcDbLine
 10
-8.697310344827587
 20
20.36379310344827
 30
0.0
 11
-8.697310344827587
 21
21.55496551724138
 31
0.0
  0
LINE
  5
4F8
330
16A
100
AcDbEntity
  8
ABF_Label
347
45
 62
     0
100
AcDbLine
 10
-8.697310344827587
 20
21.55496551724138
 30
0.0
 11
-6.72224137931035
 21
21.93596551724138
 31
0.0
  0
LINE
  5
4F9
330
16A
100
AcDbEntity
  8
ABF_Label
347
45
 62
     0
100
AcDbLine
 10
-6.72224137931035
 20
21.93596551724138
 30
0.0
 11
-6.008413793103445
 21
23.37675862068965
 31
0.0
  0
LINE
  5
4FA
330
16A
100
AcDbEntity
  8
ABF_Label
347
45
 62
     0
100
AcDbLine
 10
-6.008413793103445
 20
23.37675862068965
 30
0.0
 11
-4.6508275862069
 21
23.37675862068965
 31
0.0
  0
LINE
  5
4FB
330
16A
100
AcDbEntity
  8
ABF_Label
347
45
 62
     0
100
AcDbLine
 10
-4.6508275862069
 20
23.37675862068965
 30
0.0
 11
-4.6508275862069
 21
11.62268965517241
 31
0.0
  0
LINE
  5
4FC
330
16A
100
AcDbEntity
  8
ABF_Label
347
45
 62
     0
100
AcDbLine
 10
-4.6508275862069
 20
11.62268965517241
 30
0.0
 11
-2.338551724137924
 21
11.62268965517241
 31
0.0
  0
LINE
  5
4FD
330
16A
100
AcDbEntity
  8
ABF_Label
347
45
 62
     0
100
AcDbLine
 10
-2.338551724137924
 20
11.62268965517241
 30
0.0
 11
-2.338551724137924
 21
10.29137931034483
 31
0.0
  0
LINE
  5
4FE
330
16A
100
AcDbEntity
  8
ABF_Label
347
45
 62
     0
100
AcDbLine
 10
4.528206896551718
 20
6.858
 30
0.0
 11
-0.0262758620689692
 21
6.858
 31
0.0
  0
LINE
  5
4FF
330
16A
100
AcDbEntity
  8
ABF_Label
347
45
 62
     0
100
AcDbLine
 10
-0.0262758620689692
 20
6.858
 30
0.0
 11
-0.0262758620689692
 21
8.110482758620691
 31
0.0
  0
LINE
  5
500
330
16A
100
AcDbEntity
  8
ABF_Label
347
45
 62
     0
100
AcDbLine
 10
-0.0262758620689692
 20
8.110482758620691
 30
0.0
 11
2.995448275862076
 21
8.110482758620691
 31
0.0
  0
LINE
  5
501
330
16A
100
AcDbEntity
  8
ABF_Label
347
45
 62
     0
100
AcDbLine
 10
2.995448275862076
 20
8.110482758620691
 30
0.0
 11
2.995448275862076
 21
22.66731034482758
 31
0.0
  0
LINE
  5
502
330
16A
100
AcDbEntity
  8
ABF_Label
347
45
 62
     0
100
AcDbLine
 10
2.995448275862076
 20
22.66731034482758
 30
0.0
 11
-0.0262758620689692
 21
22.66731034482758
 31
0.0
  0
LINE
  5
503
330
16A
100
AcDbEntity
  8
ABF_Label
347
45
 62
     0
100
AcDbLine
 10
-0.0262758620689692
 20
22.66731034482758
 30
0.0
 11
-0.0262758620689692
 21
23.91979310344827
 31
0.0
  0
LINE
  5
504
330
16A
100
AcDbEntity
  8
ABF_Label
347
45
 62
     0
100
AcDbLine
 10
-0.0262758620689692
 20
23.91979310344827
 30
0.0
 11
4.528206896551718
 21
23.91979310344827
 31
0.0
  0
LINE
  5
505
330
16A
100
AcDbEntity
  8
ABF_Label
347
45
 62
     0
100
AcDbLine
 10
4.528206896551718
 20
23.91979310344827
 30
0.0
 11
4.528206896551718
 21
6.858
 31
0.0
  0
LINE
  5
506
330
16A
100
AcDbEntity
  8
ABF_Label
347
45
 62
     0
100
AcDbLine
 10
21.51993103448276
 20
7.663793103448275
 30
0.0
 11
21.23965517241378
 21
7.663793103448275
 31
0.0
  0
LINE
  5
507
330
16A
100
AcDbEntity
  8
ABF_Label
347
45
 62
     0
100
AcDbLine
 10
11.4475172413793
 20
7.663793103448275
 30
0.0
 11
11.4475172413793
 21
8.802413793103447
 31
0.0
  0
LINE
  5
508
330
16A
100
AcDbEntity
  8
ABF_Label
347
45
 62
     0
100
AcDbLine
 10
11.4475172413793
 20
8.802413793103447
 30
0.0
 11
21.23965517241378
 21
8.802413793103447
 31
0.0
  0
LINE
  5
509
330
16A
100
AcDbEntity
  8
ABF_Label
347
45
 62
     0
100
AcDbLine
 10
21.51993103448276
 20
8.802413793103447
 30
0.0
 11
21.51993103448276
 21
7.663793103448275
 31
0.0
  0
LINE
  5
50A
330
16A
100
AcDbEntity
  8
ABF_Label
347
45
 62
     0
100
AcDbLine
 10
21.23965517241378
 20
7.663793103448275
 30
0.0
 11
11.4475172413793
 21
7.663793103448275
 31
0.0
  0
LINE
  5
50B
330
16A
100
AcDbEntity
  8
ABF_Label
347
45
 62
     0
100
AcDbLine
 10
31.31206896551724
 20
7.663793103448275
 30
0.0
 11
21.23965517241378
 21
7.663793103448275
 31
0.0
  0
LINE
  5
50C
330
16A
100
AcDbEntity
  8
ABF_Label
347
45
 62
     0
100
AcDbLine
 10
21.23965517241378
 20
8.802413793103447
 30
0.0
 11
21.51993103448276
 21
8.802413793103447
 31
0.0
  0
LINE
  5
50D
330
16A
100
AcDbEntity
  8
ABF_Label
347
45
 62
     0
100
AcDbLine
 10
21.23965517241378
 20
7.663793103448275
 30
0.0
 11
21.23965517241378
 21
8.802413793103447
 31
0.0
  0
LINE
  5
50E
330
16A
100
AcDbEntity
  8
ABF_Label
347
45
 62
     0
100
AcDbLine
 10
21.23965517241378
 20
8.802413793103447
 30
0.0
 11
31.31206896551724
 21
8.802413793103447
 31
0.0
  0
LINE
  5
50F
330
16A
100
AcDbEntity
  8
ABF_Label
347
45
 62
     0
100
AcDbLine
 10
31.31206896551724
 20
8.802413793103447
 30
0.0
 11
31.31206896551724
 21
7.663793103448275
 31
0.0
  0
LINE
  5
510
330
16A
100
AcDbEntity
  8
ABF_Label
347
45
 62
     0
100
AcDbLine
 10
43.08365517241379
 20
7.339724137931037
 30
0.0
 11
41.43703448275862
 21
7.339724137931037
 31
0.0
  0
LINE
  5
511
330
16A
100
AcDbEntity
  8
ABF_Label
347
45
 62
     0
100
AcDbLine
 10
41.43703448275862
 20
7.339724137931037
 30
0.0
 11
41.43703448275862
 21
10.32641379310345
 31
0.0
  0
LINE
  5
512
330
16A
100
AcDbEntity
  8
ABF_Label
347
45
 62
     0
100
AcDbLine
 10
41.43703448275862
 20
10.32641379310345
 30
0.0
 11
32.97620689655172
 21
10.32641379310345
 31
0.0
  0
LINE
  5
513
330
16A
100
AcDbEntity
  8
ABF_Label
347
45
 62
     0
100
AcDbLine
 10
32.97620689655172
 20
10.32641379310345
 30
0.0
 11
32.97620689655172
 21
7.339724137931037
 31
0.0
  0
LINE
  5
514
330
16A
100
AcDbEntity
  8
ABF_Label
347
45
 62
     0
100
AcDbLine
 10
32.97620689655172
 20
7.339724137931037
 30
0.0
 11
31.32958620689655
 21
7.339724137931037
 31
0.0
  0
LINE
  5
515
330
16A
100
AcDbEntity
  8
ABF_Label
347
45
 62
     0
100
AcDbLine
 10
31.32958620689655
 20
7.339724137931037
 30
0.0
 11
31.32958620689655
 21
11.83289655172414
 31
0.0
  0
LINE
  5
516
330
16A
100
AcDbEntity
  8
ABF_Label
347
45
 62
     0
100
AcDbLine
 10
31.32958620689655
 20
11.83289655172414
 30
0.0
 11
32.03903448275862
 21
11.83289655172414
 31
0.0
  0
LINE
  5
517
330
16A
100
AcDbEntity
  8
ABF_Label
347
45
 62
     0
100
AcDbLine
 10
32.03903448275862
 20
11.83289655172414
 30
0.0
 11
33.87396551724137
 21
16.72458620689655
 31
0.0
  0
LINE
  5
518
330
16A
100
AcDbEntity
  8
ABF_Label
347
45
 62
     0
100
AcDbLine
 10
33.87396551724137
 20
16.72458620689655
 30
0.0
 11
34.57027586206895
 21
23.33296551724138
 31
0.0
  0
LINE
  5
519
330
16A
100
AcDbEntity
  8
ABF_Label
347
45
 62
     0
100
AcDbLine
 10
34.57027586206895
 20
23.33296551724138
 30
0.0
 11
41.84868965517241
 21
23.33296551724138
 31
0.0
  0
LINE
  5
51A
330
16A
100
AcDbEntity
  8
ABF_Label
347
45
 62
     0
100
AcDbLine
 10
41.84868965517241
 20
23.33296551724138
 30
0.0
 11
41.84868965517241
 21
11.83289655172414
 31
0.0
  0
LINE
  5
51B
330
16A
100
AcDbEntity
  8
ABF_Label
347
45
 62
     0
100
AcDbLine
 10
41.84868965517241
 20
11.83289655172414
 30
0.0
 11
43.08365517241379
 21
11.83289655172414
 31
0.0
  0
LINE
  5
51C
330
16A
100
AcDbEntity
  8
ABF_Label
347
45
 62
     0
100
AcDbLine
 10
43.08365517241379
 20
11.83289655172414
 30
0.0
 11
43.08365517241379
 21
7.339724137931037
 31
0.0
  0
LINE
  5
51D
330
16A
100
AcDbEntity
  8
ABF_Label
347
45
 62
     0
100
AcDbLine
 10
40.11448275862068
 20
11.83289655172414
 30
0.0
 11
40.11448275862068
 21
21.82648275862069
 31
0.0
  0
LINE
  5
51E
330
16A
100
AcDbEntity
  8
ABF_Label
347
45
 62
     0
100
AcDbLine
 10
40.11448275862068
 20
21.82648275862069
 30
0.0
 11
36.19937931034482
 21
21.82648275862069
 31
0.0
  0
LINE
  5
51F
330
16A
100
AcDbEntity
  8
ABF_Label
347
45
 62
     0
100
AcDbLine
 10
36.19937931034482
 20
21.82648275862069
 30
0.0
 11
35.41110344827585
 21
16.08958620689655
 31
0.0
  0
LINE
  5
520
330
16A
100
AcDbEntity
  8
ABF_Label
347
45
 62
     0
100
AcDbLine
 10
35.41110344827585
 20
16.08958620689655
 30
0.0
 11
33.71193103448275
 21
11.83289655172414
 31
0.0
  0
LINE
  5
521
330
16A
100
AcDbEntity
  8
ABF_Label
347
45
 62
     0
100
AcDbLine
 10
33.71193103448275
 20
11.83289655172414
 30
0.0
 11
40.11448275862068
 21
11.83289655172414
 31
0.0
  0
LINE
  5
522
330
16A
100
AcDbEntity
  8
ABF_Label
347
45
 62
     0
100
AcDbLine
 10
52.35027586206895
 20
10.29137931034483
 30
0.0
 11
50.70365517241378
 21
10.29137931034483
 31
0.0
  0
LINE
  5
523
330
16A
100
AcDbEntity
  8
ABF_Label
347
45
 62
     0
100
AcDbLine
 10
50.70365517241378
 20
10.29137931034483
 30
0.0
 11
50.70365517241378
 21
14.69696551724138
 31
0.0
  0
LINE
  5
524
330
16A
100
AcDbEntity
  8
ABF_Label
347
45
 62
     0
100
AcDbLine
 10
50.70365517241378
 20
14.69696551724138
 30
0.0
 11
46.27179310344828
 21
14.69696551724138
 31
0.0
  0
LINE
  5
525
330
16A
100
AcDbEntity
  8
ABF_Label
347
45
 62
     0
100
AcDbLine
 10
46.27179310344828
 20
14.69696551724138
 30
0.0
 11
46.27179310344828
 21
10.29137931034483
 31
0.0
  0
LINE
  5
526
330
16A
100
AcDbEntity
  8
ABF_Label
347
45
 62
     0
100
AcDbLine
 10
46.27179310344828
 20
10.29137931034483
 30
0.0
 11
44.62517241379311
 21
10.29137931034483
 31
0.0
  0
LINE
  5
527
330
16A
100
AcDbEntity
  8
ABF_Label
347
45
 62
     0
100
AcDbLine
 10
44.62517241379311
 20
10.29137931034483
 30
0.0
 11
44.62517241379311
 21
20.07475862068965
 31
0.0
  0
LINE
  5
528
330
16A
100
AcDbEntity
  8
ABF_Label
347
45
 62
     0
100
AcDbLine
 10
44.62517241379311
 20
20.07475862068965
 30
0.0
 11
46.27179310344828
 21
20.07475862068965
 31
0.0
  0
LINE
  5
529
330
16A
100
AcDbEntity
  8
ABF_Label
347
45
 62
     0
100
AcDbLine
 10
46.27179310344828
 20
20.07475862068965
 30
0.0
 11
46.27179310344828
 21
16.11586206896552
 31
0.0
  0
LINE
  5
52A
330
16A
100
AcDbEntity
  8
ABF_Label
347
45
 62
     0
100
AcDbLine
 10
46.27179310344828
 20
16.11586206896552
 30
0.0
 11
50.70365517241378
 21
16.11586206896552
 31
0.0
  0
LINE
  5
52B
330
16A
100
AcDbEntity
  8
ABF_Label
347
45
 62
     0
100
AcDbLine
 10
50.70365517241378
 20
16.11586206896552
 30
0.0
 11
50.70365517241378
 21
20.07475862068965
 31
0.0
  0
LINE
  5
52C
330
16A
100
AcDbEntity
  8
ABF_Label
347
45
 62
     0
100
AcDbLine
 10
50.70365517241378
 20
20.07475862068965
 30
0.0
 11
52.35027586206895
 21
20.07475862068965
 31
0.0
  0
LINE
  5
52D
330
16A
100
AcDbEntity
  8
ABF_Label
347
45
 62
     0
100
AcDbLine
 10
52.35027586206895
 20
20.07475862068965
 30
0.0
 11
52.35027586206895
 21
10.29137931034483
 31
0.0
  0
LINE
  5
52E
330
16A
100
AcDbEntity
  8
ABF_Label
347
45
 62
     0
100
AcDbLine
 10
62.77303448275861
 20
15.17868965517241
 30
0.0
 11
61.58186206896549
 21
11.36431034482759
 31
0.0
  0
LINE
  5
52F
330
16A
100
AcDbEntity
  8
ABF_Label
347
45
 62
     0
100
AcDbLine
 10
61.58186206896549
 20
11.36431034482759
 30
0.0
 11
58.41124137931033
 21
10.01986206896552
 31
0.0
  0
LINE
  5
530
330
16A
100
AcDbEntity
  8
ABF_Label
347
45
 62
     0
100
AcDbLine
 10
58.41124137931033
 20
10.01986206896552
 30
0.0
 11
55.20120689655172
 21
11.40810344827586
 31
0.0
  0
LINE
  5
531
330
16A
100
AcDbEntity
  8
ABF_Label
347
45
 62
     0
100
AcDbLine
 10
55.20120689655172
 20
11.40810344827586
 30
0.0
 11
54.03193103448276
 21
15.17868965517241
 31
0.0
  0
LINE
  5
532
330
16A
100
AcDbEntity
  8
ABF_Label
347
45
 62
     0
100
AcDbLine
 10
54.03193103448276
 20
15.17868965517241
 30
0.0
 11
55.23624137931033
 21
18.98868965517241
 31
0.0
  0
LINE
  5
533
330
16A
100
AcDbEntity
  8
ABF_Label
347
45
 62
     0
100
AcDbLine
 10
55.23624137931033
 20
18.98868965517241
 30
0.0
 11
58.41124137931033
 21
20.34627586206896
 31
0.0
  0
LINE
  5
534
330
16A
100
AcDbEntity
  8
ABF_Label
347
45
 62
     0
100
AcDbLine
 10
58.41124137931033
 20
20.34627586206896
 30
0.0
 11
61.58186206896549
 21
18.99306896551724
 31
0.0
  0
LINE
  5
535
330
16A
100
AcDbEntity
  8
ABF_Label
347
45
 62
     0
100
AcDbLine
 10
61.58186206896549
 20
18.99306896551724
 30
0.0
 11
62.77303448275861
 21
15.17868965517241
 31
0.0
  0
LINE
  5
536
330
16A
100
AcDbEntity
  8
ABF_Label
347
45
 62
     0
100
AcDbLine
 10
61.0738620689655
 20
15.17868965517241
 30
0.0
 11
60.38193103448274
 21
18.00334482758621
 31
0.0
  0
LINE
  5
537
330
16A
100
AcDbEntity
  8
ABF_Label
347
45
 62
     0
100
AcDbLine
 10
60.38193103448274
 20
18.00334482758621
 30
0.0
 11
58.41124137931033
 21
18.92737931034483
 31
0.0
  0
LINE
  5
538
330
16A
100
AcDbEntity
  8
ABF_Label
347
45
 62
     0
100
AcDbLine
 10
58.41124137931033
 20
18.92737931034483
 30
0.0
 11
56.42741379310345
 21
18.00334482758621
 31
0.0
  0
LINE
  5
539
330
16A
100
AcDbEntity
  8
ABF_Label
347
45
 62
     0
100
AcDbLine
 10
56.42741379310345
 20
18.00334482758621
 30
0.0
 11
55.73110344827585
 21
15.17868965517241
 31
0.0
  0
LINE
  5
53A
330
16A
100
AcDbEntity
  8
ABF_Label
347
45
 62
     0
100
AcDbLine
 10
55.73110344827585
 20
15.17868965517241
 30
0.0
 11
56.42741379310345
 21
12.38906896551724
 31
0.0
  0
LINE
  5
53B
330
16A
100
AcDbEntity
  8
ABF_Label
347
45
 62
     0
100
AcDbLine
 10
56.42741379310345
 20
12.38906896551724
 30
0.0
 11
58.41124137931033
 21
11.43875862068966
 31
0.0
  0
LINE
  5
53C
330
16A
100
AcDbEntity
  8
ABF_Label
347
45
 62
     0
100
AcDbLine
 10
58.41124137931033
 20
11.43875862068966
 30
0.0
 11
60.37755172413792
 21
12.37155172413793
 31
0.0
  0
LINE
  5
53D
330
16A
100
AcDbEntity
  8
ABF_Label
347
45
 62
     0
100
AcDbLine
 10
60.37755172413792
 20
12.37155172413793
 30
0.0
 11
61.0738620689655
 21
15.17868965517241
 31
0.0
  0
LINE
  5
53E
330
16A
100
AcDbEntity
  8
ABF_Label
347
45
 62
     0
100
AcDbLine
 10
11.60898198938368
 20
-10.57317554330826
 30
0.0
 11
13.00575780248642
 21
-13.716
 31
0.0
  0
LINE
  5
53F
330
16A
100
AcDbEntity
  8
ABF_Label
347
45
 62
     0
100
AcDbLine
 10
8.945599561691287
 20
-4.580415426254274
 30
0.0
 11
11.60898198938368
 21
-10.57317554330826
 31
0.0
  0
LINE
  5
540
330
16A
100
AcDbEntity
  8
ABF_Label
347
45
 62
     0
100
AcDbLine
 10
5.207446859836574
 20
-13.716
 30
0.0
 11
6.493446519136422
 21
-10.57317554330826
 31
0.0
  0
LINE
  5
541
330
16A
100
AcDbEntity
  8
ABF_Label
347
45
 62
     0
100
AcDbLine
 10
6.493446519136422
 20
-10.57317554330826
 30
0.0
 11
8.945599561691287
 21
-4.580415426254274
 31
0.0
  0
LINE
  5
542
330
16A
100
AcDbEntity
  8
ABF_Label
347
45
 62
     0
100
AcDbLine
 10
6.493446519136422
 20
-10.57317554330826
 30
0.0
 11
11.60898198938368
 21
-10.57317554330826
 31
0.0
  0
LINE
  5
543
330
16A
100
AcDbEntity
  8
ABF_Label
347
45
 62
     0
100
AcDbLine
 10
20.28646128892899
 20
-6.83563811397553
 30
0.0
 11
19.50937814950943
 21
-5.3839256105423
 31
0.0
  0
LINE
  5
544
330
16A
100
AcDbEntity
  8
ABF_Label
347
45
 62
     0
100
AcDbLine
 10
20.03659463644028
 20
-9.902114881038669
 30
0.0
 11
20.74415319204331
 21
-11.59471429800987
 31
0.0
  0
LINE
  5
545
330
16A
100
AcDbEntity
  8
ABF_Label
347
45
 62
     0
100
AcDbLine
 10
19.50937814950943
 20
-5.3839256105423
 30
0.0
 11
17.95535781621933
 21
-4.876400266647341
 31
0.0
  0
LINE
  5
546
330
16A
100
AcDbEntity
  8
ABF_Label
347
45
 62
     0
100
AcDbLine
 10
14.52975780248641
 20
-4.876400266647341
 30
0.0
 11
17.95535781621933
 21
-4.876400266647341
 31
0.0
  0
LINE
  5
547
330
16A
100
AcDbEntity
  8
ABF_Label
347
45
 62
     0
100
AcDbLine
 10
17.95535781621933
 20
-8.97890088415146
 30
0.0
 11
19.55097808122634
 21
-8.251021076202397
 31
0.0
  0
LINE
  5
548
330
16A
100
AcDbEntity
  8
ABF_Label
347
45
 62
     0
100
AcDbLine
 10
17.95535781621933
 20
-13.716
 30
0.0
 11
19.75897834539414
 21
-13.35673622018099
 31
0.0
  0
LINE
  5
549
330
16A
100
AcDbEntity
  8
ABF_Label
347
45
 62
     0
100
AcDbLine
 10
14.52975780248641
 20
-13.716
 30
0.0
 11
17.95535781621933
 21
-13.716
 31
0.0
  0
LINE
  5
54A
330
16A
100
AcDbEntity
  8
ABF_Label
347
45
 62
     0
100
AcDbLine
 10
14.52975780248641
 20
-8.97890088415146
 30
0.0
 11
14.52975780248641
 21
-13.716
 31
0.0
  0
LINE
  5
54B
330
16A
100
AcDbEntity
  8
ABF_Label
347
45
 62
     0
100
AcDbLine
 10
14.52975780248641
 20
-8.97890088415146
 30
0.0
 11
17.95535781621933
 21
-8.97890088415146
 31
0.0
  0
LINE
  5
54C
330
16A
100
AcDbEntity
  8
ABF_Label
347
45
 62
     0
100
AcDbLine
 10
14.52975780248641
 20
-4.876400266647341
 30
0.0
 11
14.52975780248641
 21
-8.97890088415146
 31
0.0
  0
LINE
  5
54D
330
16A
100
AcDbEntity
  8
ABF_Label
347
45
 62
     0
100
AcDbLine
 10
17.95535781621933
 20
-8.97890088415146
 30
0.0
 11
20.03659463644028
 21
-9.902114881038669
 31
0.0
  0
LINE
  5
54E
330
16A
100
AcDbEntity
  8
ABF_Label
347
45
 62
     0
100
AcDbLine
 10
20.74415319204331
 20
-11.59471429800987
 30
0.0
 11
19.75897834539414
 21
-13.35673622018099
 31
0.0
  0
LINE
  5
54F
330
16A
100
AcDbEntity
  8
ABF_Label
347
45
 62
     0
100
AcDbLine
 10
19.55097808122634
 20
-8.251021076202397
 30
0.0
 11
20.28646128892899
 21
-6.83563811397553
 31
0.0
  0
LINE
  5
550
330
16A
100
AcDbEntity
  8
ABF_Label
347
45
 62
     0
100
AcDbLine
 10
22.2681531920433
 20
-8.97454341030121
 30
0.0
 11
27.08615307474137
 21
-8.97454341030121
 31
0.0
  0
LINE
  5
551
330
16A
100
AcDbEntity
  8
ABF_Label
347
45
 62
     0
100
AcDbLine
 10
22.2681531920433
 20
-4.787599969863896
 30
0.0
 11
22.2681531920433
 21
-8.97454341030121
 31
0.0
  0
LINE
  5
552
330
16A
100
AcDbEntity
  8
ABF_Label
347
45
 62
     0
100
AcDbLine
 10
22.2681531920433
 20
-4.787599969863896
 30
0.0
 11
27.81255314016343
 21
-4.787599969863896
 31
0.0
  0
LINE
  5
553
330
16A
100
AcDbEntity
  8
ABF_Label
347
45
 62
     0
100
AcDbLine
 10
22.2681531920433
 20
-8.97454341030121
 30
0.0
 11
22.2681531920433
 21
-13.716
 31
0.0
  0
LINE
  5
554
330
16A
100
AcDbEntity
  8
ABF_Label
347
45
 62
     0
100
AcDbLine
 10
-43.53910344827586
 20
0.0
 30
0.0
 11
76.55910344827586
 21
0.0
 31
0.0
  0
POLYLINE
  5
555
330
16A
100
AcDbEntity
  8
ABF_Label
347
45
 62
     0
100
AcDb3dPolyline
 66
     1
 10
0.0
 20
0.0
 30
0.0
 70
     9
  0
VERTEX
  5
556
330
555
100
AcDbEntity
  8
ABF_Label
 62
     0
100
AcDbVertex
100
AcDb3dPolylineVertex
 10
-43.53910344827586
 20
0.0
 30
0.0
 70
    32
  0
VERTEX
  5
557
330
555
100
AcDbEntity
  8
ABF_Label
 62
     0
100
AcDbVertex
100
AcDb3dPolylineVertex
 10
-68.93910344827586
 20
-25.4
 30
0.0
 70
    32
  0
VERTEX
  5
558
330
555
100
AcDbEntity
  8
ABF_Label
 62
     0
100
AcDbVertex
100
AcDb3dPolylineVertex
 10
-94.33910344827586
 20
0.0
 30
0.0
 70
    32
  0
VERTEX
  5
559
330
555
100
AcDbEntity
  8
ABF_Label
 62
     0
100
AcDbVertex
100
AcDb3dPolylineVertex
 10
-68.93910344827586
 20
25.4
 30
0.0
 70
    32
  0
VERTEX
  5
55A
330
555
100
AcDbEntity
  8
ABF_Label
 62
     0
100
AcDbVertex
100
AcDb3dPolylineVertex
 10
-43.53910344827586
 20
0.0
 30
0.0
 70
    32
  0
SEQEND
  5
55B
330
555
100
AcDbEntity
  8
ABF_Label
347
45
 62
     0
  0
POLYLINE
  5
55C
330
16A
100
AcDbEntity
  8
ABF_Label
347
45
 62
     0
100
AcDb3dPolyline
 66
     1
 10
0.0
 20
0.0
 30
0.0
 70
     9
  0
VERTEX
  5
55D
330
55C
100
AcDbEntity
  8
ABF_Label
 62
     0
100
AcDbVertex
100
AcDb3dPolylineVertex
 10
76.55910344827586
 20
17.78
 30
0.0
 70
    32
  0
VERTEX
  5
55E
330
55C
100
AcDbEntity
  8
ABF_Label
 62
     0
100
AcDbVertex
100
AcDb3dPolylineVertex
 10
94.33910344827586
 20
0.0
 30
0.0
 70
    32
  0
VERTEX
  5
55F
330
55C
100
AcDbEntity
  8
ABF_Label
 62
     0
100
AcDbVertex
100
AcDb3dPolylineVertex
 10
76.55910344827586
 20
-17.78
 30
0.0
 70
    32
  0
VERTEX
  5
560
330
55C
100
AcDbEntity
  8
ABF_Label
 62
     0
100
AcDbVertex
100
AcDb3dPolylineVertex
 10
76.55910344827586
 20
17.78
 30
0.0
 70
    32
  0
SEQEND
  5
561
330
55C
100
AcDbEntity
  8
ABF_Label
347
45
 62
     0
  0
ENDBLK
  5
16C
330
16A
100
AcDbEntity
  8
0
100
AcDbBlockEnd
  0
BLOCK
  5
16E
330
16D
100
AcDbEntity
  8
0
100
AcDbBlockBegin
  2
Group141#1
 70
     0
 10
0.0
 20
0.0
 30
0.0
  3
Group141#1
  1

  0
LINE
  5
562
330
16D
100
AcDbEntity
  8
ABF_Label
347
45
 62
     0
100
AcDbLine
 10
-127.3124804654815
 20
-5.181862349404228
 30
0.0
 11
-115.054736557712
 21
12.6578802154859
 31
0.0
  0
LINE
  5
563
330
16D
100
AcDbEntity
  8
ABF_Label
347
45
 62
     0
100
AcDbLine
 10
-127.3124804654815
 20
-5.181862349404228
 30
0.0
 11
-115.054736557712
 21
-5.181862349404228
 31
0.0
  0
LINE
  5
564
330
16D
100
AcDbEntity
  8
ABF_Label
347
45
 62
     0
100
AcDbLine
 10
-115.054736557712
 20
12.6578802154859
 30
0.0
 11
-115.054736557712
 21
-5.181862349404228
 31
0.0
  0
LINE
  5
565
330
16D
100
AcDbEntity
  8
ABF_Label
347
45
 62
     0
100
AcDbLine
 10
-115.054736557712
 20
-5.181862349404228
 30
0.0
 11
-111.0183471207253
 21
-5.181862349404228
 31
0.0
  0
LINE
  5
566
330
16D
100
AcDbEntity
  8
ABF_Label
347
45
 62
     0
100
AcDbLine
 10
-115.054736557712
 20
-5.181862349404228
 30
0.0
 11
-115.054736557712
 21
-12.446
 31
0.0
  0
LINE
  5
567
330
16D
100
AcDbEntity
  8
ABF_Label
347
45
 62
     0
100
AcDbLine
 10
-72.51699999999998
 20
7.033172413793104
 30
0.0
 11
-77.07148275862068
 21
7.033172413793104
 31
0.0
  0
LINE
  5
568
330
16D
100
AcDbEntity
  8
ABF_Label
347
45
 62
     0
100
AcDbLine
 10
-77.07148275862068
 20
7.033172413793104
 30
0.0
 11
-77.07148275862068
 21
24.09496551724138
 31
0.0
  0
LINE
  5
569
330
16D
100
AcDbEntity
  8
ABF_Label
347
45
 62
     0
100
AcDbLine
 10
-77.07148275862068
 20
24.09496551724138
 30
0.0
 11
-72.51699999999998
 21
24.09496551724138
 31
0.0
  0
LINE
  5
56A
330
16D
100
AcDbEntity
  8
ABF_Label
347
45
 62
     0
100
AcDbLine
 10
-72.51699999999998
 20
24.09496551724138
 30
0.0
 11
-72.51699999999998
 21
22.84248275862069
 31
0.0
  0
LINE
  5
56B
330
16D
100
AcDbEntity
  8
ABF_Label
347
45
 62
     0
100
AcDbLine
 10
-72.51699999999998
 20
22.84248275862069
 30
0.0
 11
-75.53872413793101
 21
22.84248275862069
 31
0.0
  0
LINE
  5
56C
330
16D
100
AcDbEntity
  8
ABF_Label
347
45
 62
     0
100
AcDbLine
 10
-75.53872413793101
 20
22.84248275862069
 30
0.0
 11
-75.53872413793101
 21
8.285655172413794
 31
0.0
  0
LINE
  5
56D
330
16D
100
AcDbEntity
  8
ABF_Label
347
45
 62
     0
100
AcDbLine
 10
-75.53872413793101
 20
8.285655172413794
 30
0.0
 11
-72.51699999999998
 21
8.285655172413794
 31
0.0
  0
LINE
  5
56E
330
16D
100
AcDbEntity
  8
ABF_Label
347
45
 62
     0
100
AcDbLine
 10
-72.51699999999998
 20
8.285655172413794
 30
0.0
 11
-72.51699999999998
 21
7.033172413793104
 31
0.0
  0
LINE
  5
56F
330
16D
100
AcDbEntity
  8
ABF_Label
347
45
 62
     0
100
AcDbLine
 10
-71.74624137931032
 20
10.46655172413793
 30
0.0
 11
-67.34941379310344
 21
23.50813793103448
 31
0.0
  0
LINE
  5
570
330
16D
100
AcDbEntity
  8
ABF_Label
347
45
 62
     0
100
AcDbLine
 10
-67.34941379310344
 20
23.50813793103448
 30
0.0
 11
-65.21231034482756
 21
23.50813793103448
 31
0.0
  0
LINE
  5
571
330
16D
100
AcDbEntity
  8
ABF_Label
347
45
 62
     0
100
AcDbLine
 10
-65.21231034482756
 20
23.50813793103448
 30
0.0
 11
-60.81548275862067
 21
10.46655172413793
 31
0.0
  0
LINE
  5
572
330
16D
100
AcDbEntity
  8
ABF_Label
347
45
 62
     0
100
AcDbLine
 10
-60.81548275862067
 20
10.46655172413793
 30
0.0
 11
-62.6460344827586
 21
10.46655172413793
 31
0.0
  0
LINE
  5
573
330
16D
100
AcDbEntity
  8
ABF_Label
347
45
 62
     0
100
AcDbLine
 10
-62.6460344827586
 20
10.46655172413793
 30
0.0
 11
-63.82844827586205
 21
14.11013793103448
 31
0.0
  0
LINE
  5
574
330
16D
100
AcDbEntity
  8
ABF_Label
347
45
 62
     0
100
AcDbLine
 10
-63.82844827586205
 20
14.11013793103448
 30
0.0
 11
-68.81210344827583
 21
14.11013793103448
 31
0.0
  0
LINE
  5
575
330
16D
100
AcDbEntity
  8
ABF_Label
347
45
 62
     0
100
AcDbLine
 10
-68.81210344827583
 20
14.11013793103448
 30
0.0
 11
-69.99451724137928
 21
10.46655172413793
 31
0.0
  0
LINE
  5
576
330
16D
100
AcDbEntity
  8
ABF_Label
347
45
 62
     0
100
AcDbLine
 10
-69.99451724137928
 20
10.46655172413793
 30
0.0
 11
-71.74624137931032
 21
10.46655172413793
 31
0.0
  0
LINE
  5
577
330
16D
100
AcDbEntity
  8
ABF_Label
347
45
 62
     0
100
AcDbLine
 10
-64.31017241379308
 20
15.59034482758621
 30
0.0
 11
-66.32465517241378
 21
21.73889655172414
 31
0.0
  0
LINE
  5
578
330
16D
100
AcDbEntity
  8
ABF_Label
347
45
 62
     0
100
AcDbLine
 10
-66.32465517241378
 20
21.73889655172414
 30
0.0
 11
-68.33037931034481
 21
15.59034482758621
 31
0.0
  0
LINE
  5
579
330
16D
100
AcDbEntity
  8
ABF_Label
347
45
 62
     0
100
AcDbLine
 10
-68.33037931034481
 20
15.59034482758621
 30
0.0
 11
-64.31017241379308
 21
15.59034482758621
 31
0.0
  0
LINE
  5
57A
330
16D
100
AcDbEntity
  8
ABF_Label
347
45
 62
     0
100
AcDbLine
 10
-52.56486206896549
 20
10.46655172413793
 30
0.0
 11
-58.92362068965515
 21
10.46655172413793
 31
0.0
  0
LINE
  5
57B
330
16D
100
AcDbEntity
  8
ABF_Label
347
45
 62
     0
100
AcDbLine
 10
-58.92362068965515
 20
10.46655172413793
 30
0.0
 11
-58.92362068965515
 21
11.79786206896552
 31
0.0
  0
LINE
  5
57C
330
16D
100
AcDbEntity
  8
ABF_Label
347
45
 62
     0
100
AcDbLine
 10
-58.92362068965515
 20
11.79786206896552
 30
0.0
 11
-56.55879310344826
 21
11.79786206896552
 31
0.0
  0
LINE
  5
57D
330
16D
100
AcDbEntity
  8
ABF_Label
347
45
 62
     0
100
AcDbLine
 10
-56.55879310344826
 20
11.79786206896552
 30
0.0
 11
-56.55879310344826
 21
20.53896551724138
 31
0.0
  0
LINE
  5
57E
330
16D
100
AcDbEntity
  8
ABF_Label
347
45
 62
     0
100
AcDbLine
 10
-56.55879310344826
 20
20.53896551724138
 30
0.0
 11
-58.92362068965515
 21
20.53896551724138
 31
0.0
  0
LINE
  5
57F
330
16D
100
AcDbEntity
  8
ABF_Label
347
45
 62
     0
100
AcDbLine
 10
-58.92362068965515
 20
20.53896551724138
 30
0.0
 11
-58.92362068965515
 21
21.73013793103448
 31
0.0
  0
LINE
  5
580
330
16D
100
AcDbEntity
  8
ABF_Label
347
45
 62
     0
100
AcDbLine
 10
-58.92362068965515
 20
21.73013793103448
 30
0.0
 11
-56.94855172413792
 21
22.11113793103448
 31
0.0
  0
LINE
  5
581
330
16D
100
AcDbEntity
  8
ABF_Label
347
45
 62
     0
100
AcDbLine
 10
-56.94855172413792
 20
22.11113793103448
 30
0.0
 11
-56.23472413793101
 21
23.55193103448276
 31
0.0
  0
LINE
  5
582
330
16D
100
AcDbEntity
  8
ABF_Label
347
45
 62
     0
100
AcDbLine
 10
-56.23472413793101
 20
23.55193103448276
 30
0.0
 11
-54.87713793103447
 21
23.55193103448276
 31
0.0
  0
LINE
  5
583
330
16D
100
AcDbEntity
  8
ABF_Label
347
45
 62
     0
100
AcDbLine
 10
-54.87713793103447
 20
23.55193103448276
 30
0.0
 11
-54.87713793103447
 21
11.79786206896552
 31
0.0
  0
LINE
  5
584
330
16D
100
AcDbEntity
  8
ABF_Label
347
45
 62
     0
100
AcDbLine
 10
-54.87713793103447
 20
11.79786206896552
 30
0.0
 11
-52.56486206896549
 21
11.79786206896552
 31
0.0
  0
LINE
  5
585
330
16D
100
AcDbEntity
  8
ABF_Label
347
45
 62
     0
100
AcDbLine
 10
-52.56486206896549
 20
11.79786206896552
 30
0.0
 11
-52.56486206896549
 21
10.46655172413793
 31
0.0
  0
LINE
  5
586
330
16D
100
AcDbEntity
  8
ABF_Label
347
45
 62
     0
100
AcDbLine
 10
-45.69810344827585
 20
7.033172413793104
 30
0.0
 11
-50.25258620689654
 21
7.033172413793104
 31
0.0
  0
LINE
  5
587
330
16D
100
AcDbEntity
  8
ABF_Label
347
45
 62
     0
100
AcDbLine
 10
-50.25258620689654
 20
7.033172413793104
 30
0.0
 11
-50.25258620689654
 21
8.285655172413794
 31
0.0
  0
LINE
  5
588
330
16D
100
AcDbEntity
  8
ABF_Label
347
45
 62
     0
100
AcDbLine
 10
-50.25258620689654
 20
8.285655172413794
 30
0.0
 11
-47.23086206896549
 21
8.285655172413794
 31
0.0
  0
LINE
  5
589
330
16D
100
AcDbEntity
  8
ABF_Label
347
45
 62
     0
100
AcDbLine
 10
-47.23086206896549
 20
8.285655172413794
 30
0.0
 11
-47.23086206896549
 21
22.84248275862069
 31
0.0
  0
LINE
  5
58A
330
16D
100
AcDbEntity
  8
ABF_Label
347
45
 62
     0
100
AcDbLine
 10
-47.23086206896549
 20
22.84248275862069
 30
0.0
 11
-50.25258620689654
 21
22.84248275862069
 31
0.0
  0
LINE
  5
58B
330
16D
100
AcDbEntity
  8
ABF_Label
347
45
 62
     0
100
AcDbLine
 10
-50.25258620689654
 20
22.84248275862069
 30
0.0
 11
-50.25258620689654
 21
24.09496551724138
 31
0.0
  0
LINE
  5
58C
330
16D
100
AcDbEntity
  8
ABF_Label
347
45
 62
     0
100
AcDbLine
 10
-50.25258620689654
 20
24.09496551724138
 30
0.0
 11
-45.69810344827585
 21
24.09496551724138
 31
0.0
  0
LINE
  5
58D
330
16D
100
AcDbEntity
  8
ABF_Label
347
45
 62
     0
100
AcDbLine
 10
-45.69810344827585
 20
24.09496551724138
 30
0.0
 11
-45.69810344827585
 21
7.033172413793104
 31
0.0
  0
LINE
  5
58E
330
16D
100
AcDbEntity
  8
ABF_Label
347
45
 62
     0
100
AcDbLine
 10
-28.70637931034481
 20
7.838965517241379
 30
0.0
 11
-28.98665517241379
 21
7.838965517241379
 31
0.0
  0
LINE
  5
58F
330
16D
100
AcDbEntity
  8
ABF_Label
347
45
 62
     0
100
AcDbLine
 10
-38.77879310344827
 20
7.838965517241379
 30
0.0
 11
-38.77879310344827
 21
8.97758620689655
 31
0.0
  0
LINE
  5
590
330
16D
100
AcDbEntity
  8
ABF_Label
347
45
 62
     0
100
AcDbLine
 10
-38.77879310344827
 20
8.97758620689655
 30
0.0
 11
-28.98665517241379
 21
8.97758620689655
 31
0.0
  0
LINE
  5
591
330
16D
100
AcDbEntity
  8
ABF_Label
347
45
 62
     0
100
AcDbLine
 10
-28.70637931034481
 20
8.97758620689655
 30
0.0
 11
-28.70637931034481
 21
7.838965517241379
 31
0.0
  0
LINE
  5
592
330
16D
100
AcDbEntity
  8
ABF_Label
347
45
 62
     0
100
AcDbLine
 10
-28.98665517241379
 20
7.838965517241379
 30
0.0
 11
-38.77879310344827
 21
7.838965517241379
 31
0.0
  0
LINE
  5
593
330
16D
100
AcDbEntity
  8
ABF_Label
347
45
 62
     0
100
AcDbLine
 10
-18.91424137931033
 20
7.838965517241379
 30
0.0
 11
-28.98665517241379
 21
7.838965517241379
 31
0.0
  0
LINE
  5
594
330
16D
100
AcDbEntity
  8
ABF_Label
347
45
 62
     0
100
AcDbLine
 10
-28.98665517241379
 20
8.97758620689655
 30
0.0
 11
-28.70637931034481
 21
8.97758620689655
 31
0.0
  0
LINE
  5
595
330
16D
100
AcDbEntity
  8
ABF_Label
347
45
 62
     0
100
AcDbLine
 10
-28.98665517241379
 20
7.838965517241379
 30
0.0
 11
-28.98665517241379
 21
8.97758620689655
 31
0.0
  0
LINE
  5
596
330
16D
100
AcDbEntity
  8
ABF_Label
347
45
 62
     0
100
AcDbLine
 10
-28.98665517241379
 20
8.97758620689655
 30
0.0
 11
-18.91424137931033
 21
8.97758620689655
 31
0.0
  0
LINE
  5
597
330
16D
100
AcDbEntity
  8
ABF_Label
347
45
 62
     0
100
AcDbLine
 10
-18.91424137931033
 20
8.97758620689655
 30
0.0
 11
-18.91424137931033
 21
7.838965517241379
 31
0.0
  0
LINE
  5
598
330
16D
100
AcDbEntity
  8
ABF_Label
347
45
 62
     0
100
AcDbLine
 10
-8.263758620689634
 20
10.46655172413793
 30
0.0
 11
-9.997965517241377
 21
10.46655172413793
 31
0.0
  0
LINE
  5
599
330
16D
100
AcDbEntity
  8
ABF_Label
347
45
 62
     0
100
AcDbLine
 10
-9.997965517241377
 20
10.46655172413793
 30
0.0
 11
-9.997965517241377
 21
21.96662068965517
 31
0.0
  0
LINE
  5
59A
330
16D
100
AcDbEntity
  8
ABF_Label
347
45
 62
     0
100
AcDbLine
 10
-9.997965517241377
 20
21.96662068965517
 30
0.0
 11
-15.99762068965516
 21
21.96662068965517
 31
0.0
  0
LINE
  5
59B
330
16D
100
AcDbEntity
  8
ABF_Label
347
45
 62
     0
100
AcDbLine
 10
-15.99762068965516
 20
21.96662068965517
 30
0.0
 11
-15.99762068965516
 21
10.46655172413793
 31
0.0
  0
LINE
  5
59C
330
16D
100
AcDbEntity
  8
ABF_Label
347
45
 62
     0
100
AcDbLine
 10
-15.99762068965516
 20
10.46655172413793
 30
0.0
 11
-17.73182758620688
 21
10.46655172413793
 31
0.0
  0
LINE
  5
59D
330
16D
100
AcDbEntity
  8
ABF_Label
347
45
 62
     0
100
AcDbLine
 10
-17.73182758620688
 20
10.46655172413793
 30
0.0
 11
-17.73182758620688
 21
23.50813793103448
 31
0.0
  0
LINE
  5
59E
330
16D
100
AcDbEntity
  8
ABF_Label
347
45
 62
     0
100
AcDbLine
 10
-17.73182758620688
 20
23.50813793103448
 30
0.0
 11
-8.263758620689634
 21
23.50813793103448
 31
0.0
  0
LINE
  5
59F
330
16D
100
AcDbEntity
  8
ABF_Label
347
45
 62
     0
100
AcDbLine
 10
-8.263758620689634
 20
23.50813793103448
 30
0.0
 11
-8.263758620689634
 21
10.46655172413793
 31
0.0
  0
LINE
  5
5A0
330
16D
100
AcDbEntity
  8
ABF_Label
347
45
 62
     0
100
AcDbLine
 10
2.456793103448302
 20
15.61662068965517
 30
0.0
 11
1.287517241379323
 21
11.72341379310345
 31
0.0
  0
LINE
  5
5A1
330
16D
100
AcDbEntity
  8
ABF_Label
347
45
 62
     0
100
AcDbLine
 10
1.287517241379323
 20
11.72341379310345
 30
0.0
 11
-1.668517241379293
 21
10.27386206896552
 31
0.0
  0
LINE
  5
5A2
330
16D
100
AcDbEntity
  8
ABF_Label
347
45
 62
     0
100
AcDbLine
 10
-1.668517241379293
 20
10.27386206896552
 30
0.0
 11
-2.956034482758616
 21
10.44027586206897
 31
0.0
  0
LINE
  5
5A3
330
16D
100
AcDbEntity
  8
ABF_Label
347
45
 62
     0
100
AcDbLine
 10
-2.956034482758616
 20
10.44027586206897
 30
0.0
 11
-4.103413793103452
 21
10.95703448275862
 31
0.0
  0
LINE
  5
5A4
330
16D
100
AcDbEntity
  8
ABF_Label
347
45
 62
     0
100
AcDbLine
 10
-4.103413793103452
 20
10.95703448275862
 30
0.0
 11
-4.103413793103452
 21
6.858
 31
0.0
  0
LINE
  5
5A5
330
16D
100
AcDbEntity
  8
ABF_Label
347
45
 62
     0
100
AcDbLine
 10
-4.103413793103452
 20
6.858
 30
0.0
 11
-5.750034482758601
 21
6.858
 31
0.0
  0
LINE
  5
5A6
330
16D
100
AcDbEntity
  8
ABF_Label
347
45
 62
     0
100
AcDbLine
 10
-5.750034482758601
 20
6.858
 30
0.0
 11
-5.750034482758601
 21
20.24993103448276
 31
0.0
  0
LINE
  5
5A7
330
16D
100
AcDbEntity
  8
ABF_Label
347
45
 62
     0
100
AcDbLine
 10
-5.750034482758601
 20
20.24993103448276
 30
0.0
 11
-4.103413793103452
 21
20.24993103448276
 31
0.0
  0
LINE
  5
5A8
330
16D
100
AcDbEntity
  8
ABF_Label
347
45
 62
     0
100
AcDbLine
 10
-4.103413793103452
 20
20.24993103448276
 30
0.0
 11
-4.103413793103452
 21
19.2251724137931
 31
0.0
  0
LINE
  5
5A9
330
16D
100
AcDbEntity
  8
ABF_Label
347
45
 62
     0
100
AcDbLine
 10
-4.103413793103452
 20
19.2251724137931
 30
0.0
 11
-2.741448275862069
 21
20.14920689655172
 31
0.0
  0
LINE
  5
5AA
330
16D
100
AcDbEntity
  8
ABF_Label
347
45
 62
     0
100
AcDbLine
 10
-2.741448275862069
 20
20.14920689655172
 30
0.0
 11
-1.107965517241365
 21
20.52144827586207
 31
0.0
  0
LINE
  5
5AB
330
16D
100
AcDbEntity
  8
ABF_Label
347
45
 62
     0
100
AcDbLine
 10
-1.107965517241365
 20
20.52144827586207
 30
0.0
 11
1.51524137931036
 21
19.19013793103448
 31
0.0
  0
LINE
  5
5AC
330
16D
100
AcDbEntity
  8
ABF_Label
347
45
 62
     0
100
AcDbLine
 10
1.51524137931036
 20
19.19013793103448
 30
0.0
 11
2.456793103448302
 21
15.61662068965517
 31
0.0
  0
LINE
  5
5AD
330
16D
100
AcDbEntity
  8
ABF_Label
347
45
 62
     0
100
AcDbLine
 10
0.7576206896551912
 20
15.43268965517242
 30
0.0
 11
0.2233448275862216
 21
18.02962068965517
 31
0.0
  0
LINE
  5
5AE
330
16D
100
AcDbEntity
  8
ABF_Label
347
45
 62
     0
100
AcDbLine
 10
0.2233448275862216
 20
18.02962068965517
 30
0.0
 11
-1.5108620689655
 21
18.95365517241379
 31
0.0
  0
LINE
  5
5AF
330
16D
100
AcDbEntity
  8
ABF_Label
347
45
 62
     0
100
AcDbLine
 10
-1.5108620689655
 20
18.95365517241379
 30
0.0
 11
-2.864068965517229
 21
18.64272413793103
 31
0.0
  0
LINE
  5
5B0
330
16D
100
AcDbEntity
  8
ABF_Label
347
45
 62
     0
100
AcDbLine
 10
-2.864068965517229
 20
18.64272413793103
 30
0.0
 11
-4.103413793103452
 21
17.84131034482758
 31
0.0
  0
LINE
  5
5B1
330
16D
100
AcDbEntity
  8
ABF_Label
347
45
 62
     0
100
AcDbLine
 10
-4.103413793103452
 20
17.84131034482758
 30
0.0
 11
-4.103413793103452
 21
12.29710344827586
 31
0.0
  0
LINE
  5
5B2
330
16D
100
AcDbEntity
  8
ABF_Label
347
45
 62
     0
100
AcDbLine
 10
-4.103413793103452
 20
12.29710344827586
 30
0.0
 11
-2.995448275862064
 21
11.86793103448276
 31
0.0
  0
LINE
  5
5B3
330
16D
100
AcDbEntity
  8
ABF_Label
347
45
 62
     0
100
AcDbLine
 10
-2.995448275862064
 20
11.86793103448276
 30
0.0
 11
-1.940034482758592
 21
11.75406896551724
 31
0.0
  0
LINE
  5
5B4
330
16D
100
AcDbEntity
  8
ABF_Label
347
45
 62
     0
100
AcDbLine
 10
-1.940034482758592
 20
11.75406896551724
 30
0.0
 11
0.0481724137931234
 21
12.69124137931035
 31
0.0
  0
LINE
  5
5B5
330
16D
100
AcDbEntity
  8
ABF_Label
347
45
 62
     0
100
AcDbLine
 10
0.0481724137931234
 20
12.69124137931035
 30
0.0
 11
0.7576206896551912
 21
15.43268965517242
 31
0.0
  0
LINE
  5
5B6
330
16D
100
AcDbEntity
  8
ABF_Label
347
45
 62
     0
100
AcDbLine
 10
9.630103448275877
 20
12.8751724137931
 30
0.0
 11
9.630103448275877
 21
15.59034482758621
 31
0.0
  0
LINE
  5
5B7
330
16D
100
AcDbEntity
  8
ABF_Label
347
45
 62
     0
100
AcDbLine
 10
9.630103448275877
 20
15.59034482758621
 30
0.0
 11
8.145517241379313
 21
15.4458275862069
 31
0.0
  0
LINE
  5
5B8
330
16D
100
AcDbEntity
  8
ABF_Label
347
45
 62
     0
100
AcDbLine
 10
8.145517241379313
 20
15.4458275862069
 30
0.0
 11
6.695965517241404
 21
15.18744827586207
 31
0.0
  0
LINE
  5
5B9
330
16D
100
AcDbEntity
  8
ABF_Label
347
45
 62
     0
100
AcDbLine
 10
6.695965517241404
 20
15.18744827586207
 30
0.0
 11
5.609896551724159
 21
14.56996551724138
 31
0.0
  0
LINE
  5
5BA
330
16D
100
AcDbEntity
  8
ABF_Label
347
45
 62
     0
100
AcDbLine
 10
5.609896551724159
 20
14.56996551724138
 30
0.0
 11
5.180724137931043
 21
13.40944827586207
 31
0.0
  0
LINE
  5
5BB
330
16D
100
AcDbEntity
  8
ABF_Label
347
45
 62
     0
100
AcDbLine
 10
5.180724137931043
 20
13.40944827586207
 30
0.0
 11
5.653689655172422
 21
12.13944827586207
 31
0.0
  0
LINE
  5
5BC
330
16D
100
AcDbEntity
  8
ABF_Label
347
45
 62
     0
100
AcDbLine
 10
5.653689655172422
 20
12.13944827586207
 30
0.0
 11
7.037551724137924
 21
11.71027586206897
 31
0.0
  0
LINE
  5
5BD
330
16D
100
AcDbEntity
  8
ABF_Label
347
45
 62
     0
100
AcDbLine
 10
7.037551724137924
 20
11.71027586206897
 30
0.0
 11
8.44768965517243
 21
12.04748275862069
 31
0.0
  0
LINE
  5
5BE
330
16D
100
AcDbEntity
  8
ABF_Label
347
45
 62
     0
100
AcDbLine
 10
8.44768965517243
 20
12.04748275862069
 30
0.0
 11
9.630103448275877
 21
12.8751724137931
 31
0.0
  0
LINE
  5
5BF
330
16D
100
AcDbEntity
  8
ABF_Label
347
45
 62
     0
100
AcDbLine
 10
9.630103448275877
 20
11.50882758620689
 30
0.0
 11
9.091448275862069
 21
11.09279310344828
 31
0.0
  0
LINE
  5
5C0
330
16D
100
AcDbEntity
  8
ABF_Label
347
45
 62
     0
100
AcDbLine
 10
9.091448275862069
 20
11.09279310344828
 30
0.0
 11
8.438931034482755
 21
10.668
 31
0.0
  0
LINE
  5
5C1
330
16D
100
AcDbEntity
  8
ABF_Label
347
45
 62
     0
100
AcDbLine
 10
8.438931034482755
 20
10.668
 30
0.0
 11
7.593724137931037
 21
10.31765517241379
 31
0.0
  0
LINE
  5
5C2
330
16D
100
AcDbEntity
  8
ABF_Label
347
45
 62
     0
100
AcDbLine
 10
7.593724137931037
 20
10.31765517241379
 30
0.0
 11
6.450724137931039
 21
10.19503448275862
 31
0.0
  0
LINE
  5
5C3
330
16D
100
AcDbEntity
  8
ABF_Label
347
45
 62
     0
100
AcDbLine
 10
6.450724137931039
 20
10.19503448275862
 30
0.0
 11
5.303344827586203
 21
10.42275862068966
 31
0.0
  0
LINE
  5
5C4
330
16D
100
AcDbEntity
  8
ABF_Label
347
45
 62
     0
100
AcDbLine
 10
5.303344827586203
 20
10.42275862068966
 30
0.0
 11
4.348655172413816
 21
11.06213793103448
 31
0.0
  0
LINE
  5
5C5
330
16D
100
AcDbEntity
  8
ABF_Label
347
45
 62
     0
100
AcDbLine
 10
4.348655172413816
 20
11.06213793103448
 30
0.0
 11
3.718034482758622
 21
12.05624137931034
 31
0.0
  0
LINE
  5
5C6
330
16D
100
AcDbEntity
  8
ABF_Label
347
45
 62
     0
100
AcDbLine
 10
3.718034482758622
 20
12.05624137931034
 30
0.0
 11
3.481551724137933
 21
13.30434482758621
 31
0.0
  0
LINE
  5
5C7
330
16D
100
AcDbEntity
  8
ABF_Label
347
45
 62
     0
100
AcDbLine
 10
3.481551724137933
 20
13.30434482758621
 30
0.0
 11
3.910724137931048
 21
15.0341724137931
 31
0.0
  0
LINE
  5
5C8
330
16D
100
AcDbEntity
  8
ABF_Label
347
45
 62
     0
100
AcDbLine
 10
3.910724137931048
 20
15.0341724137931
 30
0.0
 11
5.268310344827593
 21
16.16841379310345
 31
0.0
  0
LINE
  5
5C9
330
16D
100
AcDbEntity
  8
ABF_Label
347
45
 62
     0
100
AcDbLine
 10
5.268310344827593
 20
16.16841379310345
 30
0.0
 11
7.212724137931045
 21
16.68955172413793
 31
0.0
  0
LINE
  5
5CA
330
16D
100
AcDbEntity
  8
ABF_Label
347
45
 62
     0
100
AcDbLine
 10
7.212724137931045
 20
16.68955172413793
 30
0.0
 11
9.630103448275877
 21
16.90413793103448
 31
0.0
  0
LINE
  5
5CB
330
16D
100
AcDbEntity
  8
ABF_Label
347
45
 62
     0
100
AcDbLine
 10
9.630103448275877
 20
16.90413793103448
 30
0.0
 11
9.630103448275877
 21
17.21944827586207
 31
0.0
  0
LINE
  5
5CC
330
16D
100
AcDbEntity
  8
ABF_Label
347
45
 62
     0
100
AcDbLine
 10
9.630103448275877
 20
17.21944827586207
 30
0.0
 11
9.454931034482778
 21
18.15224137931034
 31
0.0
  0
LINE
  5
5CD
330
16D
100
AcDbEntity
  8
ABF_Label
347
45
 62
     0
100
AcDbLine
 10
9.454931034482778
 20
18.15224137931034
 30
0.0
 11
8.964448275862095
 21
18.69965517241379
 31
0.0
  0
LINE
  5
5CE
330
16D
100
AcDbEntity
  8
ABF_Label
347
45
 62
     0
100
AcDbLine
 10
8.964448275862095
 20
18.69965517241379
 30
0.0
 11
8.193689655172436
 21
18.96679310344827
 31
0.0
  0
LINE
  5
5CF
330
16D
100
AcDbEntity
  8
ABF_Label
347
45
 62
     0
100
AcDbLine
 10
8.193689655172436
 20
18.96679310344827
 30
0.0
 11
7.256517241379308
 21
19.03248275862069
 31
0.0
  0
LINE
  5
5D0
330
16D
100
AcDbEntity
  8
ABF_Label
347
45
 62
     0
100
AcDbLine
 10
7.256517241379308
 20
19.03248275862069
 30
0.0
 11
5.916448275862069
 21
18.86168965517241
 31
0.0
  0
LINE
  5
5D1
330
16D
100
AcDbEntity
  8
ABF_Label
347
45
 62
     0
100
AcDbLine
 10
5.916448275862069
 20
18.86168965517241
 30
0.0
 11
4.374931034482752
 21
18.3668275862069
 31
0.0
  0
LINE
  5
5D2
330
16D
100
AcDbEntity
  8
ABF_Label
347
45
 62
     0
100
AcDbLine
 10
4.374931034482752
 20
18.3668275862069
 30
0.0
 11
4.278586206896573
 21
18.3668275862069
 31
0.0
  0
LINE
  5
5D3
330
16D
100
AcDbEntity
  8
ABF_Label
347
45
 62
     0
100
AcDbLine
 10
4.278586206896573
 20
18.3668275862069
 30
0.0
 11
4.278586206896573
 21
20.03972413793103
 31
0.0
  0
LINE
  5
5D4
330
16D
100
AcDbEntity
  8
ABF_Label
347
45
 62
     0
100
AcDbLine
 10
4.278586206896573
 20
20.03972413793103
 30
0.0
 11
5.583620689655178
 21
20.32875862068965
 31
0.0
  0
LINE
  5
5D5
330
16D
100
AcDbEntity
  8
ABF_Label
347
45
 62
     0
100
AcDbLine
 10
5.583620689655178
 20
20.32875862068965
 30
0.0
 11
7.265275862068984
 21
20.48641379310344
 31
0.0
  0
LINE
  5
5D6
330
16D
100
AcDbEntity
  8
ABF_Label
347
45
 62
     0
100
AcDbLine
 10
7.265275862068984
 20
20.48641379310344
 30
0.0
 11
8.964448275862095
 21
20.32875862068965
 31
0.0
  0
LINE
  5
5D7
330
16D
100
AcDbEntity
  8
ABF_Label
347
45
 62
     0
100
AcDbLine
 10
8.964448275862095
 20
20.32875862068965
 30
0.0
 11
10.20817241379311
 21
19.75944827586207
 31
0.0
  0
LINE
  5
5D8
330
16D
100
AcDbEntity
  8
ABF_Label
347
45
 62
     0
100
AcDbLine
 10
10.20817241379311
 20
19.75944827586207
 30
0.0
 11
11.00520689655173
 21
18.7171724137931
 31
0.0
  0
LINE
  5
5D9
330
16D
100
AcDbEntity
  8
ABF_Label
347
45
 62
     0
100
AcDbLine
 10
11.00520689655173
 20
18.7171724137931
 30
0.0
 11
11.2679655172414
 21
17.15813793103449
 31
0.0
  0
LINE
  5
5DA
330
16D
100
AcDbEntity
  8
ABF_Label
347
45
 62
     0
100
AcDbLine
 10
11.2679655172414
 20
17.15813793103449
 30
0.0
 11
11.2679655172414
 21
10.46655172413793
 31
0.0
  0
LINE
  5
5DB
330
16D
100
AcDbEntity
  8
ABF_Label
347
45
 62
     0
100
AcDbLine
 10
11.2679655172414
 20
10.46655172413793
 30
0.0
 11
9.630103448275877
 21
10.46655172413793
 31
0.0
  0
LINE
  5
5DC
330
16D
100
AcDbEntity
  8
ABF_Label
347
45
 62
     0
100
AcDbLine
 10
9.630103448275877
 20
10.46655172413793
 30
0.0
 11
9.630103448275877
 21
11.50882758620689
 31
0.0
  0
LINE
  5
5DD
330
16D
100
AcDbEntity
  8
ABF_Label
347
45
 62
     0
100
AcDbLine
 10
21.25279310344826
 20
13.42696551724138
 30
0.0
 11
20.98127586206896
 21
12.17010344827586
 31
0.0
  0
LINE
  5
5DE
330
16D
100
AcDbEntity
  8
ABF_Label
347
45
 62
     0
100
AcDbLine
 10
20.98127586206896
 20
12.17010344827586
 30
0.0
 11
20.23679310344828
 21
11.2548275862069
 31
0.0
  0
LINE
  5
5DF
330
16D
100
AcDbEntity
  8
ABF_Label
347
45
 62
     0
100
AcDbLine
 10
20.23679310344828
 20
11.2548275862069
 30
0.0
 11
18.98868965517241
 21
10.62858620689655
 31
0.0
  0
LINE
  5
5E0
330
16D
100
AcDbEntity
  8
ABF_Label
347
45
 62
     0
100
AcDbLine
 10
18.98868965517241
 20
10.62858620689655
 30
0.0
 11
17.42527586206897
 21
10.46655172413793
 31
0.0
  0
LINE
  5
5E1
330
16D
100
AcDbEntity
  8
ABF_Label
347
45
 62
     0
100
AcDbLine
 10
17.42527586206897
 20
10.46655172413793
 30
0.0
 11
13.58024137931035
 21
10.46655172413793
 31
0.0
  0
LINE
  5
5E2
330
16D
100
AcDbEntity
  8
ABF_Label
347
45
 62
     0
100
AcDbLine
 10
13.58024137931035
 20
10.46655172413793
 30
0.0
 11
13.58024137931035
 21
20.24993103448276
 31
0.0
  0
LINE
  5
5E3
330
16D
100
AcDbEntity
  8
ABF_Label
347
45
 62
     0
100
AcDbLine
 10
13.58024137931035
 20
20.24993103448276
 30
0.0
 11
17.17127586206895
 21
20.24993103448276
 31
0.0
  0
LINE
  5
5E4
330
16D
100
AcDbEntity
  8
ABF_Label
347
45
 62
     0
100
AcDbLine
 10
17.17127586206895
 20
20.24993103448276
 30
0.0
 11
18.7478275862069
 21
20.18424137931034
 31
0.0
  0
LINE
  5
5E5
330
16D
100
AcDbEntity
  8
ABF_Label
347
45
 62
     0
100
AcDbLine
 10
18.7478275862069
 20
20.18424137931034
 30
0.0
 11
19.73755172413795
 21
19.84703448275862
 31
0.0
  0
LINE
  5
5E6
330
16D
100
AcDbEntity
  8
ABF_Label
347
45
 62
     0
100
AcDbLine
 10
19.73755172413795
 20
19.84703448275862
 30
0.0
 11
20.49955172413795
 21
19.10255172413792
 31
0.0
  0
LINE
  5
5E7
330
16D
100
AcDbEntity
  8
ABF_Label
347
45
 62
     0
100
AcDbLine
 10
20.49955172413795
 20
19.10255172413792
 30
0.0
 11
20.74479310344827
 21
17.99896551724138
 31
0.0
  0
LINE
  5
5E8
330
16D
100
AcDbEntity
  8
ABF_Label
347
45
 62
     0
100
AcDbLine
 10
20.74479310344827
 20
17.99896551724138
 30
0.0
 11
20.35941379310346
 21
16.74210344827586
 31
0.0
  0
LINE
  5
5E9
330
16D
100
AcDbEntity
  8
ABF_Label
347
45
 62
     0
100
AcDbLine
 10
20.35941379310346
 20
16.74210344827586
 30
0.0
 11
19.33465517241381
 21
15.87937931034483
 31
0.0
  0
LINE
  5
5EA
330
16D
100
AcDbEntity
  8
ABF_Label
347
45
 62
     0
100
AcDbLine
 10
19.33465517241381
 20
15.87937931034483
 30
0.0
 11
19.37844827586207
 21
15.81806896551724
 31
0.0
  0
LINE
  5
5EB
330
16D
100
AcDbEntity
  8
ABF_Label
347
45
 62
     0
100
AcDbLine
 10
19.37844827586207
 20
15.81806896551724
 30
0.0
 11
20.7141379310345
 21
15.00351724137931
 31
0.0
  0
LINE
  5
5EC
330
16D
100
AcDbEntity
  8
ABF_Label
347
45
 62
     0
100
AcDbLine
 10
20.7141379310345
 20
15.00351724137931
 30
0.0
 11
21.25279310344826
 21
13.42696551724138
 31
0.0
  0
LINE
  5
5ED
330
16D
100
AcDbEntity
  8
ABF_Label
347
45
 62
     0
100
AcDbLine
 10
19.05437931034484
 20
17.74496551724138
 30
0.0
 11
18.94489655172417
 21
18.32303448275862
 31
0.0
  0
LINE
  5
5EE
330
16D
100
AcDbEntity
  8
ABF_Label
347
45
 62
     0
100
AcDbLine
 10
18.94489655172417
 20
18.32303448275862
 30
0.0
 11
18.56389655172415
 21
18.70841379310344
 31
0.0
  0
LINE
  5
5EF
330
16D
100
AcDbEntity
  8
ABF_Label
347
45
 62
     0
100
AcDbLine
 10
18.56389655172415
 20
18.70841379310344
 30
0.0
 11
17.8588275862069
 21
18.90548275862069
 31
0.0
  0
LINE
  5
5F0
330
16D
100
AcDbEntity
  8
ABF_Label
347
45
 62
     0
100
AcDbLine
 10
17.8588275862069
 20
18.90548275862069
 30
0.0
 11
16.77713793103449
 21
18.93613793103448
 31
0.0
  0
LINE
  5
5F1
330
16D
100
AcDbEntity
  8
ABF_Label
347
45
 62
     0
100
AcDbLine
 10
16.77713793103449
 20
18.93613793103448
 30
0.0
 11
15.20934482758622
 21
18.93613793103448
 31
0.0
  0
LINE
  5
5F2
330
16D
100
AcDbEntity
  8
ABF_Label
347
45
 62
     0
100
AcDbLine
 10
15.20934482758622
 20
18.93613793103448
 30
0.0
 11
15.20934482758622
 21
16.256
 31
0.0
  0
LINE
  5
5F3
330
16D
100
AcDbEntity
  8
ABF_Label
347
45
 62
     0
100
AcDbLine
 10
15.20934482758622
 20
16.256
 30
0.0
 11
17.10120689655173
 21
16.256
 31
0.0
  0
LINE
  5
5F4
330
16D
100
AcDbEntity
  8
ABF_Label
347
45
 62
     0
100
AcDbLine
 10
17.10120689655173
 20
16.256
 30
0.0
 11
17.95955172413794
 21
16.31293103448276
 31
0.0
  0
LINE
  5
5F5
330
16D
100
AcDbEntity
  8
ABF_Label
347
45
 62
     0
100
AcDbLine
 10
17.95955172413794
 20
16.31293103448276
 30
0.0
 11
18.52010344827587
 21
16.55379310344828
 31
0.0
  0
LINE
  5
5F6
330
16D
100
AcDbEntity
  8
ABF_Label
347
45
 62
     0
100
AcDbLine
 10
18.52010344827587
 20
16.55379310344828
 30
0.0
 11
18.93175862068965
 21
17.02675862068966
 31
0.0
  0
LINE
  5
5F7
330
16D
100
AcDbEntity
  8
ABF_Label
347
45
 62
     0
100
AcDbLine
 10
18.93175862068965
 20
17.02675862068966
 30
0.0
 11
19.05437931034484
 21
17.74496551724138
 31
0.0
  0
LINE
  5
5F8
330
16D
100
AcDbEntity
  8
ABF_Label
347
45
 62
     0
100
AcDbLine
 10
19.55362068965519
 20
13.41820689655172
 30
0.0
 11
19.40910344827587
 21
14.21962068965517
 31
0.0
  0
LINE
  5
5F9
330
16D
100
AcDbEntity
  8
ABF_Label
347
45
 62
     0
100
AcDbLine
 10
19.40910344827587
 20
14.21962068965517
 30
0.0
 11
18.77410344827586
 21
14.75827586206896
 31
0.0
  0
LINE
  5
5FA
330
16D
100
AcDbEntity
  8
ABF_Label
347
45
 62
     0
100
AcDbLine
 10
18.77410344827586
 20
14.75827586206896
 30
0.0
 11
18.11720689655175
 21
14.94220689655172
 31
0.0
  0
LINE
  5
5FB
330
16D
100
AcDbEntity
  8
ABF_Label
347
45
 62
     0
100
AcDbLine
 10
18.11720689655175
 20
14.94220689655172
 30
0.0
 11
17.14500000000002
 21
14.97724137931034
 31
0.0
  0
LINE
  5
5FC
330
16D
100
AcDbEntity
  8
ABF_Label
347
45
 62
     0
100
AcDbLine
 10
17.14500000000002
 20
14.97724137931034
 30
0.0
 11
15.20934482758622
 21
14.97724137931034
 31
0.0
  0
LINE
  5
5FD
330
16D
100
AcDbEntity
  8
ABF_Label
347
45
 62
     0
100
AcDbLine
 10
15.20934482758622
 20
14.97724137931034
 30
0.0
 11
15.20934482758622
 21
11.78034482758621
 31
0.0
  0
LINE
  5
5FE
330
16D
100
AcDbEntity
  8
ABF_Label
347
45
 62
     0
100
AcDbLine
 10
15.20934482758622
 20
11.78034482758621
 30
0.0
 11
16.63700000000003
 21
11.78034482758621
 31
0.0
  0
LINE
  5
5FF
330
16D
100
AcDbEntity
  8
ABF_Label
347
45
 62
     0
100
AcDbLine
 10
16.63700000000003
 20
11.78034482758621
 30
0.0
 11
18.01210344827588
 21
11.85041379310345
 31
0.0
  0
LINE
  5
600
330
16D
100
AcDbEntity
  8
ABF_Label
347
45
 62
     0
100
AcDbLine
 10
18.01210344827588
 20
11.85041379310345
 30
0.0
 11
18.85293103448276
 21
12.13068965517241
 31
0.0
  0
LINE
  5
601
330
16D
100
AcDbEntity
  8
ABF_Label
347
45
 62
     0
100
AcDbLine
 10
18.85293103448276
 20
12.13068965517241
 30
0.0
 11
19.38720689655173
 21
12.65620689655172
 31
0.0
  0
LINE
  5
602
330
16D
100
AcDbEntity
  8
ABF_Label
347
45
 62
     0
100
AcDbLine
 10
19.38720689655173
 20
12.65620689655172
 30
0.0
 11
19.55362068965519
 21
13.41820689655172
 31
0.0
  0
LINE
  5
603
330
16D
100
AcDbEntity
  8
ABF_Label
347
45
 62
     0
100
AcDbLine
 10
28.45237931034486
 20
12.8751724137931
 30
0.0
 11
28.45237931034486
 21
15.59034482758621
 31
0.0
  0
LINE
  5
604
330
16D
100
AcDbEntity
  8
ABF_Label
347
45
 62
     0
100
AcDbLine
 10
28.45237931034486
 20
15.59034482758621
 30
0.0
 11
26.9677931034483
 21
15.4458275862069
 31
0.0
  0
LINE
  5
605
330
16D
100
AcDbEntity
  8
ABF_Label
347
45
 62
     0
100
AcDbLine
 10
26.9677931034483
 20
15.4458275862069
 30
0.0
 11
25.51824137931034
 21
15.18744827586207
 31
0.0
  0
LINE
  5
606
330
16D
100
AcDbEntity
  8
ABF_Label
347
45
 62
     0
100
AcDbLine
 10
25.51824137931034
 20
15.18744827586207
 30
0.0
 11
24.4321724137931
 21
14.56996551724138
 31
0.0
  0
LINE
  5
607
330
16D
100
AcDbEntity
  8
ABF_Label
347
45
 62
     0
100
AcDbLine
 10
24.4321724137931
 20
14.56996551724138
 30
0.0
 11
24.00300000000001
 21
13.40944827586207
 31
0.0
  0
LINE
  5
608
330
16D
100
AcDbEntity
  8
ABF_Label
347
45
 62
     0
100
AcDbLine
 10
24.00300000000001
 20
13.40944827586207
 30
0.0
 11
24.47596551724138
 21
12.13944827586207
 31
0.0
  0
LINE
  5
609
330
16D
100
AcDbEntity
  8
ABF_Label
347
45
 62
     0
100
AcDbLine
 10
24.47596551724138
 20
12.13944827586207
 30
0.0
 11
25.85982758620691
 21
11.71027586206897
 31
0.0
  0
LINE
  5
60A
330
16D
100
AcDbEntity
  8
ABF_Label
347
45
 62
     0
100
AcDbLine
 10
25.85982758620691
 20
11.71027586206897
 30
0.0
 11
27.26996551724137
 21
12.04748275862069
 31
0.0
  0
LINE
  5
60B
330
16D
100
AcDbEntity
  8
ABF_Label
347
45
 62
     0
100
AcDbLine
 10
27.26996551724137
 20
12.04748275862069
 30
0.0
 11
28.45237931034486
 21
12.8751724137931
 31
0.0
  0
LINE
  5
60C
330
16D
100
AcDbEntity
  8
ABF_Label
347
45
 62
     0
100
AcDbLine
 10
28.45237931034486
 20
11.50882758620689
 30
0.0
 11
27.91372413793106
 21
11.09279310344828
 31
0.0
  0
LINE
  5
60D
330
16D
100
AcDbEntity
  8
ABF_Label
347
45
 62
     0
100
AcDbLine
 10
27.91372413793106
 20
11.09279310344828
 30
0.0
 11
27.26120689655174
 21
10.668
 31
0.0
  0
LINE
  5
60E
330
16D
100
AcDbEntity
  8
ABF_Label
347
45
 62
     0
100
AcDbLine
 10
27.26120689655174
 20
10.668
 30
0.0
 11
26.41600000000002
 21
10.31765517241379
 31
0.0
  0
LINE
  5
60F
330
16D
100
AcDbEntity
  8
ABF_Label
347
45
 62
     0
100
AcDbLine
 10
26.41600000000002
 20
10.31765517241379
 30
0.0
 11
25.27300000000002
 21
10.19503448275862
 31
0.0
  0
LINE
  5
610
330
16D
100
AcDbEntity
  8
ABF_Label
347
45
 62
     0
100
AcDbLine
 10
25.27300000000002
 20
10.19503448275862
 30
0.0
 11
24.12562068965519
 21
10.42275862068966
 31
0.0
  0
LINE
  5
611
330
16D
100
AcDbEntity
  8
ABF_Label
347
45
 62
     0
100
AcDbLine
 10
24.12562068965519
 20
10.42275862068966
 30
0.0
 11
23.17093103448276
 21
11.06213793103448
 31
0.0
  0
LINE
  5
612
330
16D
100
AcDbEntity
  8
ABF_Label
347
45
 62
     0
100
AcDbLine
 10
23.17093103448276
 20
11.06213793103448
 30
0.0
 11
22.54031034482758
 21
12.05624137931034
 31
0.0
  0
LINE
  5
613
330
16D
100
AcDbEntity
  8
ABF_Label
347
45
 62
     0
100
AcDbLine
 10
22.54031034482758
 20
12.05624137931034
 30
0.0
 11
22.3038275862069
 21
13.30434482758621
 31
0.0
  0
LINE
  5
614
330
16D
100
AcDbEntity
  8
ABF_Label
347
45
 62
     0
100
AcDbLine
 10
22.3038275862069
 20
13.30434482758621
 30
0.0
 11
22.73299999999999
 21
15.0341724137931
 31
0.0
  0
LINE
  5
615
330
16D
100
AcDbEntity
  8
ABF_Label
347
45
 62
     0
100
AcDbLine
 10
22.73299999999999
 20
15.0341724137931
 30
0.0
 11
24.09058620689658
 21
16.16841379310345
 31
0.0
  0
LINE
  5
616
330
16D
100
AcDbEntity
  8
ABF_Label
347
45
 62
     0
100
AcDbLine
 10
24.09058620689658
 20
16.16841379310345
 30
0.0
 11
26.03500000000001
 21
16.68955172413793
 31
0.0
  0
LINE
  5
617
330
16D
100
AcDbEntity
  8
ABF_Label
347
45
 62
     0
100
AcDbLine
 10
26.03500000000001
 20
16.68955172413793
 30
0.0
 11
28.45237931034486
 21
16.90413793103448
 31
0.0
  0
LINE
  5
618
330
16D
100
AcDbEntity
  8
ABF_Label
347
45
 62
     0
100
AcDbLine
 10
28.45237931034486
 20
16.90413793103448
 30
0.0
 11
28.45237931034486
 21
17.21944827586207
 31
0.0
  0
LINE
  5
619
330
16D
100
AcDbEntity
  8
ABF_Label
347
45
 62
     0
100
AcDbLine
 10
28.45237931034486
 20
17.21944827586207
 30
0.0
 11
28.27720689655172
 21
18.15224137931034
 31
0.0
  0
LINE
  5
61A
330
16D
100
AcDbEntity
  8
ABF_Label
347
45
 62
     0
100
AcDbLine
 10
28.27720689655172
 20
18.15224137931034
 30
0.0
 11
27.78672413793104
 21
18.69965517241379
 31
0.0
  0
LINE
  5
61B
330
16D
100
AcDbEntity
  8
ABF_Label
347
45
 62
     0
100
AcDbLine
 10
27.78672413793104
 20
18.69965517241379
 30
0.0
 11
27.01596551724138
 21
18.96679310344827
 31
0.0
  0
LINE
  5
61C
330
16D
100
AcDbEntity
  8
ABF_Label
347
45
 62
     0
100
AcDbLine
 10
27.01596551724138
 20
18.96679310344827
 30
0.0
 11
26.07879310344829
 21
19.03248275862069
 31
0.0
  0
LINE
  5
61D
330
16D
100
AcDbEntity
  8
ABF_Label
347
45
 62
     0
100
AcDbLine
 10
26.07879310344829
 20
19.03248275862069
 30
0.0
 11
24.73872413793105
 21
18.86168965517241
 31
0.0
  0
LINE
  5
61E
330
16D
100
AcDbEntity
  8
ABF_Label
347
45
 62
     0
100
AcDbLine
 10
24.73872413793105
 20
18.86168965517241
 30
0.0
 11
23.19720689655174
 21
18.3668275862069
 31
0.0
  0
LINE
  5
61F
330
16D
100
AcDbEntity
  8
ABF_Label
347
45
 62
     0
100
AcDbLine
 10
23.19720689655174
 20
18.3668275862069
 30
0.0
 11
23.10086206896553
 21
18.3668275862069
 31
0.0
  0
LINE
  5
620
330
16D
100
AcDbEntity
  8
ABF_Label
347
45
 62
     0
100
AcDbLine
 10
23.10086206896553
 20
18.3668275862069
 30
0.0
 11
23.10086206896553
 21
20.03972413793103
 31
0.0
  0
LINE
  5
621
330
16D
100
AcDbEntity
  8
ABF_Label
347
45
 62
     0
100
AcDbLine
 10
23.10086206896553
 20
20.03972413793103
 30
0.0
 11
24.40589655172416
 21
20.32875862068965
 31
0.0
  0
LINE
  5
622
330
16D
100
AcDbEntity
  8
ABF_Label
347
45
 62
     0
100
AcDbLine
 10
24.40589655172416
 20
20.32875862068965
 30
0.0
 11
26.08755172413792
 21
20.48641379310344
 31
0.0
  0
LINE
  5
623
330
16D
100
AcDbEntity
  8
ABF_Label
347
45
 62
     0
100
AcDbLine
 10
26.08755172413792
 20
20.48641379310344
 30
0.0
 11
27.78672413793104
 21
20.32875862068965
 31
0.0
  0
LINE
  5
624
330
16D
100
AcDbEntity
  8
ABF_Label
347
45
 62
     0
100
AcDbLine
 10
27.78672413793104
 20
20.32875862068965
 30
0.0
 11
29.03044827586207
 21
19.75944827586207
 31
0.0
  0
LINE
  5
625
330
16D
100
AcDbEntity
  8
ABF_Label
347
45
 62
     0
100
AcDbLine
 10
29.03044827586207
 20
19.75944827586207
 30
0.0
 11
29.82748275862071
 21
18.7171724137931
 31
0.0
  0
LINE
  5
626
330
16D
100
AcDbEntity
  8
ABF_Label
347
45
 62
     0
100
AcDbLine
 10
29.82748275862071
 20
18.7171724137931
 30
0.0
 11
30.09024137931033
 21
17.15813793103449
 31
0.0
  0
LINE
  5
627
330
16D
100
AcDbEntity
  8
ABF_Label
347
45
 62
     0
100
AcDbLine
 10
30.09024137931033
 20
17.15813793103449
 30
0.0
 11
30.09024137931033
 21
10.46655172413793
 31
0.0
  0
LINE
  5
628
330
16D
100
AcDbEntity
  8
ABF_Label
347
45
 62
     0
100
AcDbLine
 10
30.09024137931033
 20
10.46655172413793
 30
0.0
 11
28.45237931034486
 21
10.46655172413793
 31
0.0
  0
LINE
  5
629
330
16D
100
AcDbEntity
  8
ABF_Label
347
45
 62
     0
100
AcDbLine
 10
28.45237931034486
 20
10.46655172413793
 30
0.0
 11
28.45237931034486
 21
11.50882758620689
 31
0.0
  0
LINE
  5
62A
330
16D
100
AcDbEntity
  8
ABF_Label
347
45
 62
     0
100
AcDbLine
 10
44.94486206896552
 20
18.80475862068966
 30
0.0
 11
45.82948275862068
 21
17.33768965517242
 31
0.0
  0
LINE
  5
62B
330
16D
100
AcDbEntity
  8
ABF_Label
347
45
 62
     0
100
AcDbLine
 10
45.82948275862068
 20
17.33768965517242
 30
0.0
 11
46.14479310344831
 21
15.27503448275862
 31
0.0
  0
LINE
  5
62C
330
16D
100
AcDbEntity
  8
ABF_Label
347
45
 62
     0
100
AcDbLine
 10
46.14479310344831
 20
15.27503448275862
 30
0.0
 11
45.78568965517245
 21
13.18610344827586
 31
0.0
  0
LINE
  5
62D
330
16D
100
AcDbEntity
  8
ABF_Label
347
45
 62
     0
100
AcDbLine
 10
45.78568965517245
 20
13.18610344827586
 30
0.0
 11
44.81348275862071
 21
11.57013793103448
 31
0.0
  0
LINE
  5
62E
330
16D
100
AcDbEntity
  8
ABF_Label
347
45
 62
     0
100
AcDbLine
 10
44.81348275862071
 20
11.57013793103448
 30
0.0
 11
43.41648275862072
 21
10.541
 31
0.0
  0
LINE
  5
62F
330
16D
100
AcDbEntity
  8
ABF_Label
347
45
 62
     0
100
AcDbLine
 10
43.41648275862072
 20
10.541
 30
0.0
 11
41.74796551724138
 21
10.19503448275862
 31
0.0
  0
LINE
  5
630
330
16D
100
AcDbEntity
  8
ABF_Label
347
45
 62
     0
100
AcDbLine
 10
41.74796551724138
 20
10.19503448275862
 30
0.0
 11
40.06193103448278
 21
10.51472413793103
 31
0.0
  0
LINE
  5
631
330
16D
100
AcDbEntity
  8
ABF_Label
347
45
 62
     0
100
AcDbLine
 10
40.06193103448278
 20
10.51472413793103
 30
0.0
 11
38.75251724137931
 21
11.50006896551724
 31
0.0
  0
LINE
  5
632
330
16D
100
AcDbEntity
  8
ABF_Label
347
45
 62
     0
100
AcDbLine
 10
38.75251724137931
 20
11.50006896551724
 30
0.0
 11
37.74089655172417
 21
13.58462068965517
 31
0.0
  0
LINE
  5
633
330
16D
100
AcDbEntity
  8
ABF_Label
347
45
 62
     0
100
AcDbLine
 10
37.74089655172417
 20
13.58462068965517
 30
0.0
 11
37.40368965517244
 21
16.6851724137931
 31
0.0
  0
LINE
  5
634
330
16D
100
AcDbEntity
  8
ABF_Label
347
45
 62
     0
100
AcDbLine
 10
37.40368965517244
 20
16.6851724137931
 30
0.0
 11
37.46062068965519
 21
18.02086206896552
 31
0.0
  0
LINE
  5
635
330
16D
100
AcDbEntity
  8
ABF_Label
347
45
 62
     0
100
AcDbLine
 10
37.46062068965519
 20
18.02086206896552
 30
0.0
 11
37.71024137931035
 21
19.64558620689655
 31
0.0
  0
LINE
  5
636
330
16D
100
AcDbEntity
  8
ABF_Label
347
45
 62
     0
100
AcDbLine
 10
37.71024137931035
 20
19.64558620689655
 30
0.0
 11
38.18320689655173
 21
21.209
 31
0.0
  0
LINE
  5
637
330
16D
100
AcDbEntity
  8
ABF_Label
347
45
 62
     0
100
AcDbLine
 10
38.18320689655173
 20
21.209
 30
0.0
 11
38.96272413793102
 21
22.43082758620689
 31
0.0
  0
LINE
  5
638
330
16D
100
AcDbEntity
  8
ABF_Label
347
45
 62
     0
100
AcDbLine
 10
38.96272413793102
 20
22.43082758620689
 30
0.0
 11
40.58744827586207
 21
23.4643448275862
 31
0.0
  0
LINE
  5
639
330
16D
100
AcDbEntity
  8
ABF_Label
347
45
 62
     0
100
AcDbLine
 10
40.58744827586207
 20
23.4643448275862
 30
0.0
 11
43.24568965517241
 21
23.99862068965517
 31
0.0
  0
LINE
  5
63A
330
16D
100
AcDbEntity
  8
ABF_Label
347
45
 62
     0
100
AcDbLine
 10
43.24568965517241
 20
23.99862068965517
 30
0.0
 11
44.50255172413792
 21
24.09934482758621
 31
0.0
  0
LINE
  5
63B
330
16D
100
AcDbEntity
  8
ABF_Label
347
45
 62
     0
100
AcDbLine
 10
44.50255172413792
 20
24.09934482758621
 30
0.0
 11
45.52293103448277
 21
24.17379310344827
 31
0.0
  0
LINE
  5
63C
330
16D
100
AcDbEntity
  8
ABF_Label
347
45
 62
     0
100
AcDbLine
 10
45.52293103448277
 20
24.17379310344827
 30
0.0
 11
45.52293103448277
 21
22.65855172413793
 31
0.0
  0
LINE
  5
63D
330
16D
100
AcDbEntity
  8
ABF_Label
347
45
 62
     0
100
AcDbLine
 10
45.52293103448277
 20
22.65855172413793
 30
0.0
 11
44.55072413793103
 21
22.59286206896551
 31
0.0
  0
LINE
  5
63E
330
16D
100
AcDbEntity
  8
ABF_Label
347
45
 62
     0
100
AcDbLine
 10
44.55072413793103
 20
22.59286206896551
 30
0.0
 11
43.36831034482759
 21
22.50089655172414
 31
0.0
  0
LINE
  5
63F
330
16D
100
AcDbEntity
  8
ABF_Label
347
45
 62
     0
100
AcDbLine
 10
43.36831034482759
 20
22.50089655172414
 30
0.0
 11
41.52024137931036
 21
22.18996551724138
 31
0.0
  0
LINE
  5
640
330
16D
100
AcDbEntity
  8
ABF_Label
347
45
 62
     0
100
AcDbLine
 10
41.52024137931036
 20
22.18996551724138
 30
0.0
 11
40.06631034482757
 21
21.44110344827586
 31
0.0
  0
LINE
  5
641
330
16D
100
AcDbEntity
  8
ABF_Label
347
45
 62
     0
100
AcDbLine
 10
40.06631034482757
 20
21.44110344827586
 30
0.0
 11
39.47948275862068
 21
20.36379310344827
 31
0.0
  0
LINE
  5
642
330
16D
100
AcDbEntity
  8
ABF_Label
347
45
 62
     0
100
AcDbLine
 10
39.47948275862068
 20
20.36379310344827
 30
0.0
 11
39.17293103448277
 21
18.80475862068966
 31
0.0
  0
LINE
  5
643
330
16D
100
AcDbEntity
  8
ABF_Label
347
45
 62
     0
100
AcDbLine
 10
39.17293103448277
 20
18.80475862068966
 30
0.0
 11
40.56117241379309
 21
19.58865517241379
 31
0.0
  0
LINE
  5
644
330
16D
100
AcDbEntity
  8
ABF_Label
347
45
 62
     0
100
AcDbLine
 10
40.56117241379309
 20
19.58865517241379
 30
0.0
 11
42.15962068965516
 21
19.90834482758621
 31
0.0
  0
LINE
  5
645
330
16D
100
AcDbEntity
  8
ABF_Label
347
45
 62
     0
100
AcDbLine
 10
42.15962068965516
 20
19.90834482758621
 30
0.0
 11
43.6748620689655
 21
19.64120689655172
 31
0.0
  0
LINE
  5
646
330
16D
100
AcDbEntity
  8
ABF_Label
347
45
 62
     0
100
AcDbLine
 10
43.6748620689655
 20
19.64120689655172
 30
0.0
 11
44.94486206896552
 21
18.80475862068966
 31
0.0
  0
LINE
  5
647
330
16D
100
AcDbEntity
  8
ABF_Label
347
45
 62
     0
100
AcDbLine
 10
44.47189655172414
 20
15.17868965517241
 30
0.0
 11
43.77120689655175
 21
17.56979310344827
 31
0.0
  0
LINE
  5
648
330
16D
100
AcDbEntity
  8
ABF_Label
347
45
 62
     0
100
AcDbLine
 10
43.77120689655175
 20
17.56979310344827
 30
0.0
 11
41.77424137931035
 21
18.40186206896552
 31
0.0
  0
LINE
  5
649
330
16D
100
AcDbEntity
  8
ABF_Label
347
45
 62
     0
100
AcDbLine
 10
41.77424137931035
 20
18.40186206896552
 30
0.0
 11
40.39913793103451
 21
18.16537931034483
 31
0.0
  0
LINE
  5
64A
330
16D
100
AcDbEntity
  8
ABF_Label
347
45
 62
     0
100
AcDbLine
 10
40.39913793103451
 20
18.16537931034483
 30
0.0
 11
39.14665517241379
 21
17.53475862068965
 31
0.0
  0
LINE
  5
64B
330
16D
100
AcDbEntity
  8
ABF_Label
347
45
 62
     0
100
AcDbLine
 10
39.14665517241379
 20
17.53475862068965
 30
0.0
 11
39.11162068965518
 21
17.01362068965517
 31
0.0
  0
LINE
  5
64C
330
16D
100
AcDbEntity
  8
ABF_Label
347
45
 62
     0
100
AcDbLine
 10
39.11162068965518
 20
17.01362068965517
 30
0.0
 11
39.09410344827588
 21
16.46620689655172
 31
0.0
  0
LINE
  5
64D
330
16D
100
AcDbEntity
  8
ABF_Label
347
45
 62
     0
100
AcDbLine
 10
39.09410344827588
 20
16.46620689655172
 30
0.0
 11
39.3393448275862
 21
13.98751724137931
 31
0.0
  0
LINE
  5
64E
330
16D
100
AcDbEntity
  8
ABF_Label
347
45
 62
     0
100
AcDbLine
 10
39.3393448275862
 20
13.98751724137931
 30
0.0
 11
40.02251724137933
 21
12.48979310344827
 31
0.0
  0
LINE
  5
64F
330
16D
100
AcDbEntity
  8
ABF_Label
347
45
 62
     0
100
AcDbLine
 10
40.02251724137933
 20
12.48979310344827
 30
0.0
 11
40.85458620689653
 21
11.811
 31
0.0
  0
LINE
  5
650
330
16D
100
AcDbEntity
  8
ABF_Label
347
45
 62
     0
100
AcDbLine
 10
40.85458620689653
 20
11.811
 30
0.0
 11
41.80927586206897
 21
11.62268965517241
 31
0.0
  0
LINE
  5
651
330
16D
100
AcDbEntity
  8
ABF_Label
347
45
 62
     0
100
AcDbLine
 10
41.80927586206897
 20
11.62268965517241
 30
0.0
 11
43.77120689655175
 21
12.57737931034483
 31
0.0
  0
LINE
  5
652
330
16D
100
AcDbEntity
  8
ABF_Label
347
45
 62
     0
100
AcDbLine
 10
43.77120689655175
 20
12.57737931034483
 30
0.0
 11
44.47189655172414
 21
15.17868965517241
 31
0.0
  0
LINE
  5
653
330
16D
100
AcDbEntity
  8
ABF_Label
347
45
 62
     0
100
AcDbLine
 10
55.91941379310343
 20
15.35386206896552
 30
0.0
 11
54.72824137931035
 21
11.53948275862069
 31
0.0
  0
LINE
  5
654
330
16D
100
AcDbEntity
  8
ABF_Label
347
45
 62
     0
100
AcDbLine
 10
54.72824137931035
 20
11.53948275862069
 30
0.0
 11
51.55762068965519
 21
10.19503448275862
 31
0.0
  0
LINE
  5
655
330
16D
100
AcDbEntity
  8
ABF_Label
347
45
 62
     0
100
AcDbLine
 10
51.55762068965519
 20
10.19503448275862
 30
0.0
 11
48.34758620689653
 21
11.58327586206896
 31
0.0
  0
LINE
  5
656
330
16D
100
AcDbEntity
  8
ABF_Label
347
45
 62
     0
100
AcDbLine
 10
48.34758620689653
 20
11.58327586206896
 30
0.0
 11
47.1783103448276
 21
15.35386206896552
 31
0.0
  0
LINE
  5
657
330
16D
100
AcDbEntity
  8
ABF_Label
347
45
 62
     0
100
AcDbLine
 10
47.1783103448276
 20
15.35386206896552
 30
0.0
 11
48.38262068965519
 21
19.16386206896552
 31
0.0
  0
LINE
  5
658
330
16D
100
AcDbEntity
  8
ABF_Label
347
45
 62
     0
100
AcDbLine
 10
48.38262068965519
 20
19.16386206896552
 30
0.0
 11
51.55762068965519
 21
20.52144827586207
 31
0.0
  0
LINE
  5
659
330
16D
100
AcDbEntity
  8
ABF_Label
347
45
 62
     0
100
AcDbLine
 10
51.55762068965519
 20
20.52144827586207
 30
0.0
 11
54.72824137931035
 21
19.16824137931034
 31
0.0
  0
LINE
  5
65A
330
16D
100
AcDbEntity
  8
ABF_Label
347
45
 62
     0
100
AcDbLine
 10
54.72824137931035
 20
19.16824137931034
 30
0.0
 11
55.91941379310343
 21
15.35386206896552
 31
0.0
  0
LINE
  5
65B
330
16D
100
AcDbEntity
  8
ABF_Label
347
45
 62
     0
100
AcDbLine
 10
54.22024137931036
 20
15.35386206896552
 30
0.0
 11
53.5283103448276
 21
18.17851724137931
 31
0.0
  0
LINE
  5
65C
330
16D
100
AcDbEntity
  8
ABF_Label
347
45
 62
     0
100
AcDbLine
 10
53.5283103448276
 20
18.17851724137931
 30
0.0
 11
51.55762068965519
 21
19.10255172413792
 31
0.0
  0
LINE
  5
65D
330
16D
100
AcDbEntity
  8
ABF_Label
347
45
 62
     0
100
AcDbLine
 10
51.55762068965519
 20
19.10255172413792
 30
0.0
 11
49.57379310344831
 21
18.17851724137931
 31
0.0
  0
LINE
  5
65E
330
16D
100
AcDbEntity
  8
ABF_Label
347
45
 62
     0
100
AcDbLine
 10
49.57379310344831
 20
18.17851724137931
 30
0.0
 11
48.87748275862071
 21
15.35386206896552
 31
0.0
  0
LINE
  5
65F
330
16D
100
AcDbEntity
  8
ABF_Label
347
45
 62
     0
100
AcDbLine
 10
48.87748275862071
 20
15.35386206896552
 30
0.0
 11
49.57379310344831
 21
12.56424137931034
 31
0.0
  0
LINE
  5
660
330
16D
100
AcDbEntity
  8
ABF_Label
347
45
 62
     0
100
AcDbLine
 10
49.57379310344831
 20
12.56424137931034
 30
0.0
 11
51.55762068965519
 21
11.61393103448276
 31
0.0
  0
LINE
  5
661
330
16D
100
AcDbEntity
  8
ABF_Label
347
45
 62
     0
100
AcDbLine
 10
51.55762068965519
 20
11.61393103448276
 30
0.0
 11
53.52393103448276
 21
12.54672413793103
 31
0.0
  0
LINE
  5
662
330
16D
100
AcDbEntity
  8
ABF_Label
347
45
 62
     0
100
AcDbLine
 10
53.52393103448276
 20
12.54672413793103
 30
0.0
 11
54.22024137931036
 21
15.35386206896552
 31
0.0
  0
LINE
  5
663
330
16D
100
AcDbEntity
  8
ABF_Label
347
45
 62
     0
100
AcDbLine
 10
65.48382758620691
 20
10.46655172413793
 30
0.0
 11
63.43431034482757
 21
10.46655172413793
 31
0.0
  0
LINE
  5
664
330
16D
100
AcDbEntity
  8
ABF_Label
347
45
 62
     0
100
AcDbLine
 10
63.43431034482757
 20
10.46655172413793
 30
0.0
 11
60.07975862068967
 21
14.97724137931034
 31
0.0
  0
LINE
  5
665
330
16D
100
AcDbEntity
  8
ABF_Label
347
45
 62
     0
100
AcDbLine
 10
60.07975862068967
 20
14.97724137931034
 30
0.0
 11
59.25644827586206
 21
14.97724137931034
 31
0.0
  0
LINE
  5
666
330
16D
100
AcDbEntity
  8
ABF_Label
347
45
 62
     0
100
AcDbLine
 10
59.25644827586206
 20
14.97724137931034
 30
0.0
 11
59.25644827586206
 21
10.46655172413793
 31
0.0
  0
LINE
  5
667
330
16D
100
AcDbEntity
  8
ABF_Label
347
45
 62
     0
100
AcDbLine
 10
59.25644827586206
 20
10.46655172413793
 30
0.0
 11
57.6098275862069
 21
10.46655172413793
 31
0.0
  0
LINE
  5
668
330
16D
100
AcDbEntity
  8
ABF_Label
347
45
 62
     0
100
AcDbLine
 10
57.6098275862069
 20
10.46655172413793
 30
0.0
 11
57.6098275862069
 21
20.24993103448276
 31
0.0
  0
LINE
  5
669
330
16D
100
AcDbEntity
  8
ABF_Label
347
45
 62
     0
100
AcDbLine
 10
57.6098275862069
 20
20.24993103448276
 30
0.0
 11
59.25644827586206
 21
20.24993103448276
 31
0.0
  0
LINE
  5
66A
330
16D
100
AcDbEntity
  8
ABF_Label
347
45
 62
     0
100
AcDbLine
 10
59.25644827586206
 20
20.24993103448276
 30
0.0
 11
59.25644827586206
 21
15.99324137931034
 31
0.0
  0
LINE
  5
66B
330
16D
100
AcDbEntity
  8
ABF_Label
347
45
 62
     0
100
AcDbLine
 10
59.25644827586206
 20
15.99324137931034
 30
0.0
 11
60.34689655172414
 21
16.26037931034483
 31
0.0
  0
LINE
  5
66C
330
16D
100
AcDbEntity
  8
ABF_Label
347
45
 62
     0
100
AcDbLine
 10
60.34689655172414
 20
16.26037931034483
 30
0.0
 11
61.11327586206896
 21
17.26324137931034
 31
0.0
  0
LINE
  5
66D
330
16D
100
AcDbEntity
  8
ABF_Label
347
45
 62
     0
100
AcDbLine
 10
61.11327586206896
 20
17.26324137931034
 30
0.0
 11
61.32786206896551
 21
17.77124137931035
 31
0.0
  0
LINE
  5
66E
330
16D
100
AcDbEntity
  8
ABF_Label
347
45
 62
     0
100
AcDbLine
 10
61.32786206896551
 20
17.77124137931035
 30
0.0
 11
61.51617241379312
 21
18.27924137931035
 31
0.0
  0
LINE
  5
66F
330
16D
100
AcDbEntity
  8
ABF_Label
347
45
 62
     0
100
AcDbLine
 10
61.51617241379312
 20
18.27924137931035
 30
0.0
 11
62.58472413793105
 21
19.80324137931034
 31
0.0
  0
LINE
  5
670
330
16D
100
AcDbEntity
  8
ABF_Label
347
45
 62
     0
100
AcDbLine
 10
62.58472413793105
 20
19.80324137931034
 30
0.0
 11
64.36272413793107
 21
20.24993103448276
 31
0.0
  0
LINE
  5
671
330
16D
100
AcDbEntity
  8
ABF_Label
347
45
 62
     0
100
AcDbLine
 10
64.36272413793107
 20
20.24993103448276
 30
0.0
 11
64.80941379310346
 21
20.24993103448276
 31
0.0
  0
LINE
  5
672
330
16D
100
AcDbEntity
  8
ABF_Label
347
45
 62
     0
100
AcDbLine
 10
64.80941379310346
 20
20.24993103448276
 30
0.0
 11
64.80941379310346
 21
18.83103448275862
 31
0.0
  0
LINE
  5
673
330
16D
100
AcDbEntity
  8
ABF_Label
347
45
 62
     0
100
AcDbLine
 10
64.80941379310346
 20
18.83103448275862
 30
0.0
 11
64.43279310344829
 21
18.83103448275862
 31
0.0
  0
LINE
  5
674
330
16D
100
AcDbEntity
  8
ABF_Label
347
45
 62
     0
100
AcDbLine
 10
64.43279310344829
 20
18.83103448275862
 30
0.0
 11
63.39489655172417
 21
18.54637931034483
 31
0.0
  0
LINE
  5
675
330
16D
100
AcDbEntity
  8
ABF_Label
347
45
 62
     0
100
AcDbLine
 10
63.39489655172417
 20
18.54637931034483
 30
0.0
 11
62.81244827586207
 21
17.50848275862069
 31
0.0
  0
LINE
  5
676
330
16D
100
AcDbEntity
  8
ABF_Label
347
45
 62
     0
100
AcDbLine
 10
62.81244827586207
 20
17.50848275862069
 30
0.0
 11
62.23437931034486
 21
16.32168965517241
 31
0.0
  0
LINE
  5
677
330
16D
100
AcDbEntity
  8
ABF_Label
347
45
 62
     0
100
AcDbLine
 10
62.23437931034486
 20
16.32168965517241
 30
0.0
 11
61.49865517241381
 21
15.66917241379311
 31
0.0
  0
LINE
  5
678
330
16D
100
AcDbEntity
  8
ABF_Label
347
45
 62
     0
100
AcDbLine
 10
61.49865517241381
 20
15.66917241379311
 30
0.0
 11
65.48382758620691
 21
10.46655172413793
 31
0.0
  0
LINE
  5
679
330
16D
100
AcDbEntity
  8
ABF_Label
347
45
 62
     0
100
AcDbLine
 10
74.5927931034483
 20
15.35386206896552
 30
0.0
 11
73.40162068965518
 21
11.53948275862069
 31
0.0
  0
LINE
  5
67A
330
16D
100
AcDbEntity
  8
ABF_Label
347
45
 62
     0
100
AcDbLine
 10
73.40162068965518
 20
11.53948275862069
 30
0.0
 11
70.23100000000001
 21
10.19503448275862
 31
0.0
  0
LINE
  5
67B
330
16D
100
AcDbEntity
  8
ABF_Label
347
45
 62
     0
100
AcDbLine
 10
70.23100000000001
 20
10.19503448275862
 30
0.0
 11
67.0209655172414
 21
11.58327586206896
 31
0.0
  0
LINE
  5
67C
330
16D
100
AcDbEntity
  8
ABF_Label
347
45
 62
     0
100
AcDbLine
 10
67.0209655172414
 20
11.58327586206896
 30
0.0
 11
65.85168965517242
 21
15.35386206896552
 31
0.0
  0
LINE
  5
67D
330
16D
100
AcDbEntity
  8
ABF_Label
347
45
 62
     0
100
AcDbLine
 10
65.85168965517242
 20
15.35386206896552
 30
0.0
 11
67.05600000000001
 21
19.16386206896552
 31
0.0
  0
LINE
  5
67E
330
16D
100
AcDbEntity
  8
ABF_Label
347
45
 62
     0
100
AcDbLine
 10
67.05600000000001
 20
19.16386206896552
 30
0.0
 11
70.23100000000001
 21
20.52144827586207
 31
0.0
  0
LINE
  5
67F
330
16D
100
AcDbEntity
  8
ABF_Label
347
45
 62
     0
100
AcDbLine
 10
70.23100000000001
 20
20.52144827586207
 30
0.0
 11
73.40162068965518
 21
19.16824137931034
 31
0.0
  0
LINE
  5
680
330
16D
100
AcDbEntity
  8
ABF_Label
347
45
 62
     0
100
AcDbLine
 10
73.40162068965518
 20
19.16824137931034
 30
0.0
 11
74.5927931034483
 21
15.35386206896552
 31
0.0
  0
LINE
  5
681
330
16D
100
AcDbEntity
  8
ABF_Label
347
45
 62
     0
100
AcDbLine
 10
72.89362068965518
 20
15.35386206896552
 30
0.0
 11
72.20168965517242
 21
18.17851724137931
 31
0.0
  0
LINE
  5
682
330
16D
100
AcDbEntity
  8
ABF_Label
347
45
 62
     0
100
AcDbLine
 10
72.20168965517242
 20
18.17851724137931
 30
0.0
 11
70.23100000000001
 21
19.10255172413792
 31
0.0
  0
LINE
  5
683
330
16D
100
AcDbEntity
  8
ABF_Label
347
45
 62
     0
100
AcDbLine
 10
70.23100000000001
 20
19.10255172413792
 30
0.0
 11
68.24717241379314
 21
18.17851724137931
 31
0.0
  0
LINE
  5
684
330
16D
100
AcDbEntity
  8
ABF_Label
347
45
 62
     0
100
AcDbLine
 10
68.24717241379314
 20
18.17851724137931
 30
0.0
 11
67.55086206896553
 21
15.35386206896552
 31
0.0
  0
LINE
  5
685
330
16D
100
AcDbEntity
  8
ABF_Label
347
45
 62
     0
100
AcDbLine
 10
67.55086206896553
 20
15.35386206896552
 30
0.0
 11
68.24717241379314
 21
12.56424137931034
 31
0.0
  0
LINE
  5
686
330
16D
100
AcDbEntity
  8
ABF_Label
347
45
 62
     0
100
AcDbLine
 10
68.24717241379314
 20
12.56424137931034
 30
0.0
 11
70.23100000000001
 21
11.61393103448276
 31
0.0
  0
LINE
  5
687
330
16D
100
AcDbEntity
  8
ABF_Label
347
45
 62
     0
100
AcDbLine
 10
70.23100000000001
 20
11.61393103448276
 30
0.0
 11
72.19731034482759
 21
12.54672413793103
 31
0.0
  0
LINE
  5
688
330
16D
100
AcDbEntity
  8
ABF_Label
347
45
 62
     0
100
AcDbLine
 10
72.19731034482759
 20
12.54672413793103
 30
0.0
 11
72.89362068965518
 21
15.35386206896552
 31
0.0
  0
LINE
  5
689
330
16D
100
AcDbEntity
  8
ABF_Label
347
45
 62
     0
100
AcDbLine
 10
83.95575862068966
 20
13.42696551724138
 30
0.0
 11
83.68424137931036
 21
12.17010344827586
 31
0.0
  0
LINE
  5
68A
330
16D
100
AcDbEntity
  8
ABF_Label
347
45
 62
     0
100
AcDbLine
 10
83.68424137931036
 20
12.17010344827586
 30
0.0
 11
82.93975862068969
 21
11.2548275862069
 31
0.0
  0
LINE
  5
68B
330
16D
100
AcDbEntity
  8
ABF_Label
347
45
 62
     0
100
AcDbLine
 10
82.93975862068969
 20
11.2548275862069
 30
0.0
 11
81.6916551724138
 21
10.62858620689655
 31
0.0
  0
LINE
  5
68C
330
16D
100
AcDbEntity
  8
ABF_Label
347
45
 62
     0
100
AcDbLine
 10
81.6916551724138
 20
10.62858620689655
 30
0.0
 11
80.12824137931035
 21
10.46655172413793
 31
0.0
  0
LINE
  5
68D
330
16D
100
AcDbEntity
  8
ABF_Label
347
45
 62
     0
100
AcDbLine
 10
80.12824137931035
 20
10.46655172413793
 30
0.0
 11
76.28320689655173
 21
10.46655172413793
 31
0.0
  0
LINE
  5
68E
330
16D
100
AcDbEntity
  8
ABF_Label
347
45
 62
     0
100
AcDbLine
 10
76.28320689655173
 20
10.46655172413793
 30
0.0
 11
76.28320689655173
 21
20.24993103448276
 31
0.0
  0
LINE
  5
68F
330
16D
100
AcDbEntity
  8
ABF_Label
347
45
 62
     0
100
AcDbLine
 10
76.28320689655173
 20
20.24993103448276
 30
0.0
 11
79.87424137931035
 21
20.24993103448276
 31
0.0
  0
LINE
  5
690
330
16D
100
AcDbEntity
  8
ABF_Label
347
45
 62
     0
100
AcDbLine
 10
79.87424137931035
 20
20.24993103448276
 30
0.0
 11
81.45079310344828
 21
20.18424137931034
 31
0.0
  0
LINE
  5
691
330
16D
100
AcDbEntity
  8
ABF_Label
347
45
 62
     0
100
AcDbLine
 10
81.45079310344828
 20
20.18424137931034
 30
0.0
 11
82.44051724137933
 21
19.84703448275862
 31
0.0
  0
LINE
  5
692
330
16D
100
AcDbEntity
  8
ABF_Label
347
45
 62
     0
100
AcDbLine
 10
82.44051724137933
 20
19.84703448275862
 30
0.0
 11
83.20251724137931
 21
19.10255172413792
 31
0.0
  0
LINE
  5
693
330
16D
100
AcDbEntity
  8
ABF_Label
347
45
 62
     0
100
AcDbLine
 10
83.20251724137931
 20
19.10255172413792
 30
0.0
 11
83.44775862068967
 21
17.99896551724138
 31
0.0
  0
LINE
  5
694
330
16D
100
AcDbEntity
  8
ABF_Label
347
45
 62
     0
100
AcDbLine
 10
83.44775862068967
 20
17.99896551724138
 30
0.0
 11
83.06237931034482
 21
16.74210344827586
 31
0.0
  0
LINE
  5
695
330
16D
100
AcDbEntity
  8
ABF_Label
347
45
 62
     0
100
AcDbLine
 10
83.06237931034482
 20
16.74210344827586
 30
0.0
 11
82.03762068965517
 21
15.87937931034483
 31
0.0
  0
LINE
  5
696
330
16D
100
AcDbEntity
  8
ABF_Label
347
45
 62
     0
100
AcDbLine
 10
82.03762068965517
 20
15.87937931034483
 30
0.0
 11
82.08141379310345
 21
15.81806896551724
 31
0.0
  0
LINE
  5
697
330
16D
100
AcDbEntity
  8
ABF_Label
347
45
 62
     0
100
AcDbLine
 10
82.08141379310345
 20
15.81806896551724
 30
0.0
 11
83.41710344827585
 21
15.00351724137931
 31
0.0
  0
LINE
  5
698
330
16D
100
AcDbEntity
  8
ABF_Label
347
45
 62
     0
100
AcDbLine
 10
83.41710344827585
 20
15.00351724137931
 30
0.0
 11
83.95575862068966
 21
13.42696551724138
 31
0.0
  0
LINE
  5
699
330
16D
100
AcDbEntity
  8
ABF_Label
347
45
 62
     0
100
AcDbLine
 10
81.75734482758624
 20
17.74496551724138
 30
0.0
 11
81.64786206896552
 21
18.32303448275862
 31
0.0
  0
LINE
  5
69A
330
16D
100
AcDbEntity
  8
ABF_Label
347
45
 62
     0
100
AcDbLine
 10
81.64786206896552
 20
18.32303448275862
 30
0.0
 11
81.26686206896551
 21
18.70841379310344
 31
0.0
  0
LINE
  5
69B
330
16D
100
AcDbEntity
  8
ABF_Label
347
45
 62
     0
100
AcDbLine
 10
81.26686206896551
 20
18.70841379310344
 30
0.0
 11
80.56179310344828
 21
18.90548275862069
 31
0.0
  0
LINE
  5
69C
330
16D
100
AcDbEntity
  8
ABF_Label
347
45
 62
     0
100
AcDbLine
 10
80.56179310344828
 20
18.90548275862069
 30
0.0
 11
79.48010344827587
 21
18.93613793103448
 31
0.0
  0
LINE
  5
69D
330
16D
100
AcDbEntity
  8
ABF_Label
347
45
 62
     0
100
AcDbLine
 10
79.48010344827587
 20
18.93613793103448
 30
0.0
 11
77.91231034482762
 21
18.93613793103448
 31
0.0
  0
LINE
  5
69E
330
16D
100
AcDbEntity
  8
ABF_Label
347
45
 62
     0
100
AcDbLine
 10
77.91231034482762
 20
18.93613793103448
 30
0.0
 11
77.91231034482762
 21
16.256
 31
0.0
  0
LINE
  5
69F
330
16D
100
AcDbEntity
  8
ABF_Label
347
45
 62
     0
100
AcDbLine
 10
77.91231034482762
 20
16.256
 30
0.0
 11
79.80417241379314
 21
16.256
 31
0.0
  0
LINE
  5
6A0
330
16D
100
AcDbEntity
  8
ABF_Label
347
45
 62
     0
100
AcDbLine
 10
79.80417241379314
 20
16.256
 30
0.0
 11
80.66251724137932
 21
16.31293103448276
 31
0.0
  0
LINE
  5
6A1
330
16D
100
AcDbEntity
  8
ABF_Label
347
45
 62
     0
100
AcDbLine
 10
80.66251724137932
 20
16.31293103448276
 30
0.0
 11
81.22306896551727
 21
16.55379310344828
 31
0.0
  0
LINE
  5
6A2
330
16D
100
AcDbEntity
  8
ABF_Label
347
45
 62
     0
100
AcDbLine
 10
81.22306896551727
 20
16.55379310344828
 30
0.0
 11
81.63472413793106
 21
17.02675862068966
 31
0.0
  0
LINE
  5
6A3
330
16D
100
AcDbEntity
  8
ABF_Label
347
45
 62
     0
100
AcDbLine
 10
81.63472413793106
 20
17.02675862068966
 30
0.0
 11
81.75734482758624
 21
17.74496551724138
 31
0.0
  0
LINE
  5
6A4
330
16D
100
AcDbEntity
  8
ABF_Label
347
45
 62
     0
100
AcDbLine
 10
82.25658620689656
 20
13.41820689655172
 30
0.0
 11
82.11206896551727
 21
14.21962068965517
 31
0.0
  0
LINE
  5
6A5
330
16D
100
AcDbEntity
  8
ABF_Label
347
45
 62
     0
100
AcDbLine
 10
82.11206896551727
 20
14.21962068965517
 30
0.0
 11
81.47706896551722
 21
14.75827586206896
 31
0.0
  0
LINE
  5
6A6
330
16D
100
AcDbEntity
  8
ABF_Label
347
45
 62
     0
100
AcDbLine
 10
81.47706896551722
 20
14.75827586206896
 30
0.0
 11
80.82017241379312
 21
14.94220689655172
 31
0.0
  0
LINE
  5
6A7
330
16D
100
AcDbEntity
  8
ABF_Label
347
45
 62
     0
100
AcDbLine
 10
80.82017241379312
 20
14.94220689655172
 30
0.0
 11
79.84796551724138
 21
14.97724137931034
 31
0.0
  0
LINE
  5
6A8
330
16D
100
AcDbEntity
  8
ABF_Label
347
45
 62
     0
100
AcDbLine
 10
79.84796551724138
 20
14.97724137931034
 30
0.0
 11
77.91231034482762
 21
14.97724137931034
 31
0.0
  0
LINE
  5
6A9
330
16D
100
AcDbEntity
  8
ABF_Label
347
45
 62
     0
100
AcDbLine
 10
77.91231034482762
 20
14.97724137931034
 30
0.0
 11
77.91231034482762
 21
11.78034482758621
 31
0.0
  0
LINE
  5
6AA
330
16D
100
AcDbEntity
  8
ABF_Label
347
45
 62
     0
100
AcDbLine
 10
77.91231034482762
 20
11.78034482758621
 30
0.0
 11
79.33996551724138
 21
11.78034482758621
 31
0.0
  0
LINE
  5
6AB
330
16D
100
AcDbEntity
  8
ABF_Label
347
45
 62
     0
100
AcDbLine
 10
79.33996551724138
 20
11.78034482758621
 30
0.0
 11
80.71506896551723
 21
11.85041379310345
 31
0.0
  0
LINE
  5
6AC
330
16D
100
AcDbEntity
  8
ABF_Label
347
45
 62
     0
100
AcDbLine
 10
80.71506896551723
 20
11.85041379310345
 30
0.0
 11
81.55589655172416
 21
12.13068965517241
 31
0.0
  0
LINE
  5
6AD
330
16D
100
AcDbEntity
  8
ABF_Label
347
45
 62
     0
100
AcDbLine
 10
81.55589655172416
 20
12.13068965517241
 30
0.0
 11
82.09017241379313
 21
12.65620689655172
 31
0.0
  0
LINE
  5
6AE
330
16D
100
AcDbEntity
  8
ABF_Label
347
45
 62
     0
100
AcDbLine
 10
82.09017241379313
 20
12.65620689655172
 30
0.0
 11
82.25658620689656
 21
13.41820689655172
 31
0.0
  0
LINE
  5
6AF
330
16D
100
AcDbEntity
  8
ABF_Label
347
45
 62
     0
100
AcDbLine
 10
93.41506896551724
 20
10.46655172413793
 30
0.0
 11
91.7859655172414
 21
10.46655172413793
 31
0.0
  0
LINE
  5
6B0
330
16D
100
AcDbEntity
  8
ABF_Label
347
45
 62
     0
100
AcDbLine
 10
91.7859655172414
 20
10.46655172413793
 30
0.0
 11
91.7859655172414
 21
17.76248275862069
 31
0.0
  0
LINE
  5
6B1
330
16D
100
AcDbEntity
  8
ABF_Label
347
45
 62
     0
100
AcDbLine
 10
91.7859655172414
 20
17.76248275862069
 30
0.0
 11
87.17893103448279
 21
10.46655172413793
 31
0.0
  0
LINE
  5
6B2
330
16D
100
AcDbEntity
  8
ABF_Label
347
45
 62
     0
100
AcDbLine
 10
87.17893103448279
 20
10.46655172413793
 30
0.0
 11
85.68996551724139
 21
10.46655172413793
 31
0.0
  0
LINE
  5
6B3
330
16D
100
AcDbEntity
  8
ABF_Label
347
45
 62
     0
100
AcDbLine
 10
85.68996551724139
 20
10.46655172413793
 30
0.0
 11
85.68996551724139
 21
20.24993103448276
 31
0.0
  0
LINE
  5
6B4
330
16D
100
AcDbEntity
  8
ABF_Label
347
45
 62
     0
100
AcDbLine
 10
85.68996551724139
 20
20.24993103448276
 30
0.0
 11
87.31906896551727
 21
20.24993103448276
 31
0.0
  0
LINE
  5
6B5
330
16D
100
AcDbEntity
  8
ABF_Label
347
45
 62
     0
100
AcDbLine
 10
87.31906896551727
 20
20.24993103448276
 30
0.0
 11
87.31906896551727
 21
13.06786206896552
 31
0.0
  0
LINE
  5
6B6
330
16D
100
AcDbEntity
  8
ABF_Label
347
45
 62
     0
100
AcDbLine
 10
87.31906896551727
 20
13.06786206896552
 30
0.0
 11
91.87355172413797
 21
20.24993103448276
 31
0.0
  0
LINE
  5
6B7
330
16D
100
AcDbEntity
  8
ABF_Label
347
45
 62
     0
100
AcDbLine
 10
91.87355172413797
 20
20.24993103448276
 30
0.0
 11
93.41506896551724
 21
20.24993103448276
 31
0.0
  0
LINE
  5
6B8
330
16D
100
AcDbEntity
  8
ABF_Label
347
45
 62
     0
100
AcDbLine
 10
93.41506896551724
 20
20.24993103448276
 30
0.0
 11
93.41506896551724
 21
10.46655172413793
 31
0.0
  0
LINE
  5
6B9
330
16D
100
AcDbEntity
  8
ABF_Label
347
45
 62
     0
100
AcDbLine
 10
103.5225172413793
 20
10.46655172413793
 30
0.0
 11
101.8758965517241
 21
10.46655172413793
 31
0.0
  0
LINE
  5
6BA
330
16D
100
AcDbEntity
  8
ABF_Label
347
45
 62
     0
100
AcDbLine
 10
101.8758965517241
 20
10.46655172413793
 30
0.0
 11
101.8758965517241
 21
14.87213793103448
 31
0.0
  0
LINE
  5
6BB
330
16D
100
AcDbEntity
  8
ABF_Label
347
45
 62
     0
100
AcDbLine
 10
101.8758965517241
 20
14.87213793103448
 30
0.0
 11
97.44403448275862
 21
14.87213793103448
 31
0.0
  0
LINE
  5
6BC
330
16D
100
AcDbEntity
  8
ABF_Label
347
45
 62
     0
100
AcDbLine
 10
97.44403448275862
 20
14.87213793103448
 30
0.0
 11
97.44403448275862
 21
10.46655172413793
 31
0.0
  0
LINE
  5
6BD
330
16D
100
AcDbEntity
  8
ABF_Label
347
45
 62
     0
100
AcDbLine
 10
97.44403448275862
 20
10.46655172413793
 30
0.0
 11
95.79741379310343
 21
10.46655172413793
 31
0.0
  0
LINE
  5
6BE
330
16D
100
AcDbEntity
  8
ABF_Label
347
45
 62
     0
100
AcDbLine
 10
95.79741379310343
 20
10.46655172413793
 30
0.0
 11
95.79741379310343
 21
20.24993103448276
 31
0.0
  0
LINE
  5
6BF
330
16D
100
AcDbEntity
  8
ABF_Label
347
45
 62
     0
100
AcDbLine
 10
95.79741379310343
 20
20.24993103448276
 30
0.0
 11
97.44403448275862
 21
20.24993103448276
 31
0.0
  0
LINE
  5
6C0
330
16D
100
AcDbEntity
  8
ABF_Label
347
45
 62
     0
100
AcDbLine
 10
97.44403448275862
 20
20.24993103448276
 30
0.0
 11
97.44403448275862
 21
16.29103448275862
 31
0.0
  0
LINE
  5
6C1
330
16D
100
AcDbEntity
  8
ABF_Label
347
45
 62
     0
100
AcDbLine
 10
97.44403448275862
 20
16.29103448275862
 30
0.0
 11
101.8758965517241
 21
16.29103448275862
 31
0.0
  0
LINE
  5
6C2
330
16D
100
AcDbEntity
  8
ABF_Label
347
45
 62
     0
100
AcDbLine
 10
101.8758965517241
 20
16.29103448275862
 30
0.0
 11
101.8758965517241
 21
20.24993103448276
 31
0.0
  0
LINE
  5
6C3
330
16D
100
AcDbEntity
  8
ABF_Label
347
45
 62
     0
100
AcDbLine
 10
101.8758965517241
 20
20.24993103448276
 30
0.0
 11
103.5225172413793
 21
20.24993103448276
 31
0.0
  0
LINE
  5
6C4
330
16D
100
AcDbEntity
  8
ABF_Label
347
45
 62
     0
100
AcDbLine
 10
103.5225172413793
 20
20.24993103448276
 30
0.0
 11
103.5225172413793
 21
10.46655172413793
 31
0.0
  0
LINE
  5
6C5
330
16D
100
AcDbEntity
  8
ABF_Label
347
45
 62
     0
100
AcDbLine
 10
111.3614827586207
 20
12.8751724137931
 30
0.0
 11
111.3614827586207
 21
15.59034482758621
 31
0.0
  0
LINE
  5
6C6
330
16D
100
AcDbEntity
  8
ABF_Label
347
45
 62
     0
100
AcDbLine
 10
111.3614827586207
 20
15.59034482758621
 30
0.0
 11
109.8768965517241
 21
15.4458275862069
 31
0.0
  0
LINE
  5
6C7
330
16D
100
AcDbEntity
  8
ABF_Label
347
45
 62
     0
100
AcDbLine
 10
109.8768965517241
 20
15.4458275862069
 30
0.0
 11
108.4273448275862
 21
15.18744827586207
 31
0.0
  0
LINE
  5
6C8
330
16D
100
AcDbEntity
  8
ABF_Label
347
45
 62
     0
100
AcDbLine
 10
108.4273448275862
 20
15.18744827586207
 30
0.0
 11
107.341275862069
 21
14.56996551724138
 31
0.0
  0
LINE
  5
6C9
330
16D
100
AcDbEntity
  8
ABF_Label
347
45
 62
     0
100
AcDbLine
 10
107.341275862069
 20
14.56996551724138
 30
0.0
 11
106.9121034482759
 21
13.40944827586207
 31
0.0
  0
LINE
  5
6CA
330
16D
100
AcDbEntity
  8
ABF_Label
347
45
 62
     0
100
AcDbLine
 10
106.9121034482759
 20
13.40944827586207
 30
0.0
 11
107.3850689655172
 21
12.13944827586207
 31
0.0
  0
LINE
  5
6CB
330
16D
100
AcDbEntity
  8
ABF_Label
347
45
 62
     0
100
AcDbLine
 10
107.3850689655172
 20
12.13944827586207
 30
0.0
 11
108.7689310344828
 21
11.71027586206897
 31
0.0
  0
LINE
  5
6CC
330
16D
100
AcDbEntity
  8
ABF_Label
347
45
 62
     0
100
AcDbLine
 10
108.7689310344828
 20
11.71027586206897
 30
0.0
 11
110.1790689655172
 21
12.04748275862069
 31
0.0
  0
LINE
  5
6CD
330
16D
100
AcDbEntity
  8
ABF_Label
347
45
 62
     0
100
AcDbLine
 10
110.1790689655172
 20
12.04748275862069
 30
0.0
 11
111.3614827586207
 21
12.8751724137931
 31
0.0
  0
LINE
  5
6CE
330
16D
100
AcDbEntity
  8
ABF_Label
347
45
 62
     0
100
AcDbLine
 10
111.3614827586207
 20
11.50882758620689
 30
0.0
 11
110.8228275862069
 21
11.09279310344828
 31
0.0
  0
LINE
  5
6CF
330
16D
100
AcDbEntity
  8
ABF_Label
347
45
 62
     0
100
AcDbLine
 10
110.8228275862069
 20
11.09279310344828
 30
0.0
 11
110.1703103448276
 21
10.668
 31
0.0
  0
LINE
  5
6D0
330
16D
100
AcDbEntity
  8
ABF_Label
347
45
 62
     0
100
AcDbLine
 10
110.1703103448276
 20
10.668
 30
0.0
 11
109.3251034482758
 21
10.31765517241379
 31
0.0
  0
LINE
  5
6D1
330
16D
100
AcDbEntity
  8
ABF_Label
347
45
 62
     0
100
AcDbLine
 10
109.3251034482758
 20
10.31765517241379
 30
0.0
 11
108.1821034482758
 21
10.19503448275862
 31
0.0
  0
LINE
  5
6D2
330
16D
100
AcDbEntity
  8
ABF_Label
347
45
 62
     0
100
AcDbLine
 10
108.1821034482758
 20
10.19503448275862
 30
0.0
 11
107.034724137931
 21
10.42275862068966
 31
0.0
  0
LINE
  5
6D3
330
16D
100
AcDbEntity
  8
ABF_Label
347
45
 62
     0
100
AcDbLine
 10
107.034724137931
 20
10.42275862068966
 30
0.0
 11
106.0800344827586
 21
11.06213793103448
 31
0.0
  0
LINE
  5
6D4
330
16D
100
AcDbEntity
  8
ABF_Label
347
45
 62
     0
100
AcDbLine
 10
106.0800344827586
 20
11.06213793103448
 30
0.0
 11
105.4494137931034
 21
12.05624137931034
 31
0.0
  0
LINE
  5
6D5
330
16D
100
AcDbEntity
  8
ABF_Label
347
45
 62
     0
100
AcDbLine
 10
105.4494137931034
 20
12.05624137931034
 30
0.0
 11
105.2129310344828
 21
13.30434482758621
 31
0.0
  0
LINE
  5
6D6
330
16D
100
AcDbEntity
  8
ABF_Label
347
45
 62
     0
100
AcDbLine
 10
105.2129310344828
 20
13.30434482758621
 30
0.0
 11
105.6421034482759
 21
15.0341724137931
 31
0.0
  0
LINE
  5
6D7
330
16D
100
AcDbEntity
  8
ABF_Label
347
45
 62
     0
100
AcDbLine
 10
105.6421034482759
 20
15.0341724137931
 30
0.0
 11
106.9996896551724
 21
16.16841379310345
 31
0.0
  0
LINE
  5
6D8
330
16D
100
AcDbEntity
  8
ABF_Label
347
45
 62
     0
100
AcDbLine
 10
106.9996896551724
 20
16.16841379310345
 30
0.0
 11
108.9441034482759
 21
16.68955172413793
 31
0.0
  0
LINE
  5
6D9
330
16D
100
AcDbEntity
  8
ABF_Label
347
45
 62
     0
100
AcDbLine
 10
108.9441034482759
 20
16.68955172413793
 30
0.0
 11
111.3614827586207
 21
16.90413793103448
 31
0.0
  0
LINE
  5
6DA
330
16D
100
AcDbEntity
  8
ABF_Label
347
45
 62
     0
100
AcDbLine
 10
111.3614827586207
 20
16.90413793103448
 30
0.0
 11
111.3614827586207
 21
17.21944827586207
 31
0.0
  0
LINE
  5
6DB
330
16D
100
AcDbEntity
  8
ABF_Label
347
45
 62
     0
100
AcDbLine
 10
111.3614827586207
 20
17.21944827586207
 30
0.0
 11
111.1863103448276
 21
18.15224137931034
 31
0.0
  0
LINE
  5
6DC
330
16D
100
AcDbEntity
  8
ABF_Label
347
45
 62
     0
100
AcDbLine
 10
111.1863103448276
 20
18.15224137931034
 30
0.0
 11
110.6958275862069
 21
18.69965517241379
 31
0.0
  0
LINE
  5
6DD
330
16D
100
AcDbEntity
  8
ABF_Label
347
45
 62
     0
100
AcDbLine
 10
110.6958275862069
 20
18.69965517241379
 30
0.0
 11
109.9250689655172
 21
18.96679310344827
 31
0.0
  0
LINE
  5
6DE
330
16D
100
AcDbEntity
  8
ABF_Label
347
45
 62
     0
100
AcDbLine
 10
109.9250689655172
 20
18.96679310344827
 30
0.0
 11
108.9878965517241
 21
19.03248275862069
 31
0.0
  0
LINE
  5
6DF
330
16D
100
AcDbEntity
  8
ABF_Label
347
45
 62
     0
100
AcDbLine
 10
108.9878965517241
 20
19.03248275862069
 30
0.0
 11
107.6478275862069
 21
18.86168965517241
 31
0.0
  0
LINE
  5
6E0
330
16D
100
AcDbEntity
  8
ABF_Label
347
45
 62
     0
100
AcDbLine
 10
107.6478275862069
 20
18.86168965517241
 30
0.0
 11
106.1063103448276
 21
18.3668275862069
 31
0.0
  0
LINE
  5
6E1
330
16D
100
AcDbEntity
  8
ABF_Label
347
45
 62
     0
100
AcDbLine
 10
106.1063103448276
 20
18.3668275862069
 30
0.0
 11
106.0099655172414
 21
18.3668275862069
 31
0.0
  0
LINE
  5
6E2
330
16D
100
AcDbEntity
  8
ABF_Label
347
45
 62
     0
100
AcDbLine
 10
106.0099655172414
 20
18.3668275862069
 30
0.0
 11
106.0099655172414
 21
20.03972413793103
 31
0.0
  0
LINE
  5
6E3
330
16D
100
AcDbEntity
  8
ABF_Label
347
45
 62
     0
100
AcDbLine
 10
106.0099655172414
 20
20.03972413793103
 30
0.0
 11
107.315
 21
20.32875862068965
 31
0.0
  0
LINE
  5
6E4
330
16D
100
AcDbEntity
  8
ABF_Label
347
45
 62
     0
100
AcDbLine
 10
107.315
 20
20.32875862068965
 30
0.0
 11
108.9966551724138
 21
20.48641379310344
 31
0.0
  0
LINE
  5
6E5
330
16D
100
AcDbEntity
  8
ABF_Label
347
45
 62
     0
100
AcDbLine
 10
108.9966551724138
 20
20.48641379310344
 30
0.0
 11
110.6958275862069
 21
20.32875862068965
 31
0.0
  0
LINE
  5
6E6
330
16D
100
AcDbEntity
  8
ABF_Label
347
45
 62
     0
100
AcDbLine
 10
110.6958275862069
 20
20.32875862068965
 30
0.0
 11
111.9395517241379
 21
19.75944827586207
 31
0.0
  0
LINE
  5
6E7
330
16D
100
AcDbEntity
  8
ABF_Label
347
45
 62
     0
100
AcDbLine
 10
111.9395517241379
 20
19.75944827586207
 30
0.0
 11
112.7365862068966
 21
18.7171724137931
 31
0.0
  0
LINE
  5
6E8
330
16D
100
AcDbEntity
  8
ABF_Label
347
45
 62
     0
100
AcDbLine
 10
112.7365862068966
 20
18.7171724137931
 30
0.0
 11
112.9993448275862
 21
17.15813793103449
 31
0.0
  0
LINE
  5
6E9
330
16D
100
AcDbEntity
  8
ABF_Label
347
45
 62
     0
100
AcDbLine
 10
112.9993448275862
 20
17.15813793103449
 30
0.0
 11
112.9993448275862
 21
10.46655172413793
 31
0.0
  0
LINE
  5
6EA
330
16D
100
AcDbEntity
  8
ABF_Label
347
45
 62
     0
100
AcDbLine
 10
112.9993448275862
 20
10.46655172413793
 30
0.0
 11
111.3614827586207
 21
10.46655172413793
 31
0.0
  0
LINE
  5
6EB
330
16D
100
AcDbEntity
  8
ABF_Label
347
45
 62
     0
100
AcDbLine
 10
111.3614827586207
 20
10.46655172413793
 30
0.0
 11
111.3614827586207
 21
11.50882758620689
 31
0.0
  0
LINE
  5
6EC
330
16D
100
AcDbEntity
  8
ABF_Label
347
45
 62
     0
100
AcDbLine
 10
11.60898198938369
 20
-10.57317554330826
 30
0.0
 11
13.00575780248641
 21
-13.716
 31
0.0
  0
LINE
  5
6ED
330
16D
100
AcDbEntity
  8
ABF_Label
347
45
 62
     0
100
AcDbLine
 10
8.945599561691276
 20
-4.580415426254274
 30
0.0
 11
11.60898198938369
 21
-10.57317554330826
 31
0.0
  0
LINE
  5
6EE
330
16D
100
AcDbEntity
  8
ABF_Label
347
45
 62
     0
100
AcDbLine
 10
5.207446859836574
 20
-13.716
 30
0.0
 11
6.493446519136434
 21
-10.57317554330826
 31
0.0
  0
LINE
  5
6EF
330
16D
100
AcDbEntity
  8
ABF_Label
347
45
 62
     0
100
AcDbLine
 10
6.493446519136434
 20
-10.57317554330826
 30
0.0
 11
8.945599561691276
 21
-4.580415426254274
 31
0.0
  0
LINE
  5
6F0
330
16D
100
AcDbEntity
  8
ABF_Label
347
45
 62
     0
100
AcDbLine
 10
6.493446519136434
 20
-10.57317554330826
 30
0.0
 11
11.60898198938369
 21
-10.57317554330826
 31
0.0
  0
LINE
  5
6F1
330
16D
100
AcDbEntity
  8
ABF_Label
347
45
 62
     0
100
AcDbLine
 10
20.28646128892898
 20
-6.83563811397553
 30
0.0
 11
19.50937814950944
 21
-5.3839256105423
 31
0.0
  0
LINE
  5
6F2
330
16D
100
AcDbEntity
  8
ABF_Label
347
45
 62
     0
100
AcDbLine
 10
20.03659463644027
 20
-9.902114881038669
 30
0.0
 11
20.74415319204332
 21
-11.59471429800987
 31
0.0
  0
LINE
  5
6F3
330
16D
100
AcDbEntity
  8
ABF_Label
347
45
 62
     0
100
AcDbLine
 10
19.50937814950944
 20
-5.3839256105423
 30
0.0
 11
17.95535781621934
 21
-4.876400266647341
 31
0.0
  0
LINE
  5
6F4
330
16D
100
AcDbEntity
  8
ABF_Label
347
45
 62
     0
100
AcDbLine
 10
14.52975780248642
 20
-4.876400266647341
 30
0.0
 11
17.95535781621934
 21
-4.876400266647341
 31
0.0
  0
LINE
  5
6F5
330
16D
100
AcDbEntity
  8
ABF_Label
347
45
 62
     0
100
AcDbLine
 10
17.95535781621934
 20
-8.97890088415146
 30
0.0
 11
19.55097808122635
 21
-8.251021076202397
 31
0.0
  0
LINE
  5
6F6
330
16D
100
AcDbEntity
  8
ABF_Label
347
45
 62
     0
100
AcDbLine
 10
17.95535781621934
 20
-13.716
 30
0.0
 11
19.75897834539415
 21
-13.35673622018099
 31
0.0
  0
LINE
  5
6F7
330
16D
100
AcDbEntity
  8
ABF_Label
347
45
 62
     0
100
AcDbLine
 10
14.52975780248642
 20
-13.716
 30
0.0
 11
17.95535781621934
 21
-13.716
 31
0.0
  0
LINE
  5
6F8
330
16D
100
AcDbEntity
  8
ABF_Label
347
45
 62
     0
100
AcDbLine
 10
14.52975780248642
 20
-8.97890088415146
 30
0.0
 11
14.52975780248642
 21
-13.716
 31
0.0
  0
LINE
  5
6F9
330
16D
100
AcDbEntity
  8
ABF_Label
347
45
 62
     0
100
AcDbLine
 10
14.52975780248642
 20
-8.97890088415146
 30
0.0
 11
17.95535781621934
 21
-8.97890088415146
 31
0.0
  0
LINE
  5
6FA
330
16D
100
AcDbEntity
  8
ABF_Label
347
45
 62
     0
100
AcDbLine
 10
14.52975780248642
 20
-4.876400266647341
 30
0.0
 11
14.52975780248642
 21
-8.97890088415146
 31
0.0
  0
LINE
  5
6FB
330
16D
100
AcDbEntity
  8
ABF_Label
347
45
 62
     0
100
AcDbLine
 10
17.95535781621934
 20
-8.97890088415146
 30
0.0
 11
20.03659463644027
 21
-9.902114881038669
 31
0.0
  0
LINE
  5
6FC
330
16D
100
AcDbEntity
  8
ABF_Label
347
45
 62
     0
100
AcDbLine
 10
20.74415319204332
 20
-11.59471429800987
 30
0.0
 11
19.75897834539415
 21
-13.35673622018099
 31
0.0
  0
LINE
  5
6FD
330
16D
100
AcDbEntity
  8
ABF_Label
347
45
 62
     0
100
AcDbLine
 10
19.55097808122635
 20
-8.251021076202397
 30
0.0
 11
20.28646128892898
 21
-6.83563811397553
 31
0.0
  0
LINE
  5
6FE
330
16D
100
AcDbEntity
  8
ABF_Label
347
45
 62
     0
100
AcDbLine
 10
22.26815319204331
 20
-8.97454341030121
 30
0.0
 11
27.08615307474136
 21
-8.97454341030121
 31
0.0
  0
LINE
  5
6FF
330
16D
100
AcDbEntity
  8
ABF_Label
347
45
 62
     0
100
AcDbLine
 10
22.26815319204331
 20
-4.787599969863896
 30
0.0
 11
22.26815319204331
 21
-8.97454341030121
 31
0.0
  0
LINE
  5
700
330
16D
100
AcDbEntity
  8
ABF_Label
347
45
 62
     0
100
AcDbLine
 10
22.26815319204331
 20
-4.787599969863896
 30
0.0
 11
27.81255314016342
 21
-4.787599969863896
 31
0.0
  0
LINE
  5
701
330
16D
100
AcDbEntity
  8
ABF_Label
347
45
 62
     0
100
AcDbLine
 10
22.26815319204331
 20
-8.97454341030121
 30
0.0
 11
22.26815319204331
 21
-13.716
 31
0.0
  0
LINE
  5
702
330
16D
100
AcDbEntity
  8
ABF_Label
347
45
 62
     0
100
AcDbLine
 10
-93.76541379310343
 20
0.0
 30
0.0
 11
126.7854137931034
 21
0.0
 31
0.0
  0
POLYLINE
  5
703
330
16D
100
AcDbEntity
  8
ABF_Label
347
45
 62
     0
100
AcDb3dPolyline
 66
     1
 10
0.0
 20
0.0
 30
0.0
 70
     9
  0
VERTEX
  5
704
330
703
100
AcDbEntity
  8
ABF_Label
 62
     0
100
AcDbVertex
100
AcDb3dPolylineVertex
 10
-93.76541379310343
 20
0.0
 30
0.0
 70
    32
  0
VERTEX
  5
705
330
703
100
AcDbEntity
  8
ABF_Label
 62
     0
100
AcDbVertex
100
AcDb3dPolylineVertex
 10
-119.1654137931034
 20
-25.4
 30
0.0
 70
    32
  0
VERTEX
  5
706
330
703
100
AcDbEntity
  8
ABF_Label
 62
     0
100
AcDbVertex
100
AcDb3dPolylineVertex
 10
-144.5654137931034
 20
0.0
 30
0.0
 70
    32
  0
VERTEX
  5
707
330
703
100
AcDbEntity
  8
ABF_Label
 62
     0
100
AcDbVertex
100
AcDb3dPolylineVertex
 10
-119.1654137931034
 20
25.4
 30
0.0
 70
    32
  0
VERTEX
  5
708
330
703
100
AcDbEntity
  8
ABF_Label
 62
     0
100
AcDbVertex
100
AcDb3dPolylineVertex
 10
-93.76541379310343
 20
0.0
 30
0.0
 70
    32
  0
SEQEND
  5
709
330
703
100
AcDbEntity
  8
ABF_Label
347
45
 62
     0
  0
POLYLINE
  5
70A
330
16D
100
AcDbEntity
  8
ABF_Label
347
45
 62
     0
100
AcDb3dPolyline
 66
     1
 10
0.0
 20
0.0
 30
0.0
 70
     9
  0
VERTEX
  5
70B
330
70A
100
AcDbEntity
  8
ABF_Label
 62
     0
100
AcDbVertex
100
AcDb3dPolylineVertex
 10
126.7854137931034
 20
17.78
 30
0.0
 70
    32
  0
VERTEX
  5
70C
330
70A
100
AcDbEntity
  8
ABF_Label
 62
     0
100
AcDbVertex
100
AcDb3dPolylineVertex
 10
144.5654137931034
 20
0.0
 30
0.0
 70
    32
  0
VERTEX
  5
70D
330
70A
100
AcDbEntity
  8
ABF_Label
 62
     0
100
AcDbVertex
100
AcDb3dPolylineVertex
 10
126.7854137931034
 20
-17.78
 30
0.0
 70
    32
  0
VERTEX
  5
70E
330
70A
100
AcDbEntity
  8
ABF_Label
 62
     0
100
AcDbVertex
100
AcDb3dPolylineVertex
 10
126.7854137931034
 20
17.78
 30
0.0
 70
    32
  0
SEQEND
  5
70F
330
70A
100
AcDbEntity
  8
ABF_Label
347
45
 62
     0
  0
ENDBLK
  5
16F
330
16D
100
AcDbEntity
  8
0
100
AcDbBlockEnd
  0
BLOCK
  5
171
330
170
100
AcDbEntity
  8
0
100
AcDbBlockBegin
  2
Group143#1
 70
     0
 10
0.0
 20
0.0
 30
0.0
  3
Group143#1
  1

  0
LINE
  5
710
330
170
100
AcDbEntity
  8
ABF_Label
347
45
 62
     0
100
AcDbLine
 10
-96.98739024277003
 20
-10.70052852765719
 30
0.0
 11
-98.84038288870259
 21
-7.043742437521615
 31
0.0
  0
LINE
  5
711
330
170
100
AcDbEntity
  8
ABF_Label
347
45
 62
     0
100
AcDbLine
 10
-91.90992048288852
 20
3.635855173640782
 30
0.0
 11
-86.39040613491142
 21
1.225487875911927
 31
0.0
  0
LINE
  5
712
330
170
100
AcDbEntity
  8
ABF_Label
347
45
 62
     0
100
AcDbLine
 10
-92.23259837056668
 20
-12.446
 30
0.0
 11
-86.39040613491142
 21
-9.537160305605992
 31
0.0
  0
LINE
  5
713
330
170
100
AcDbEntity
  8
ABF_Label
347
45
 62
     0
100
AcDbLine
 10
-92.23259837056668
 20
-12.446
 30
0.0
 11
-96.98739024277003
 21
-10.70052852765719
 31
0.0
  0
LINE
  5
714
330
170
100
AcDbEntity
  8
ABF_Label
347
45
 62
     0
100
AcDbLine
 10
-85.58458637408552
 20
12.6531324432691
 30
0.0
 11
-96.4636753177524
 21
12.6531324432691
 31
0.0
  0
LINE
  5
715
330
170
100
AcDbEntity
  8
ABF_Label
347
45
 62
     0
100
AcDbLine
 10
-98.51800163375474
 20
1.225487875911927
 30
0.0
 11
-91.90992048288852
 21
3.635855173640782
 31
0.0
  0
LINE
  5
716
330
170
100
AcDbEntity
  8
ABF_Label
347
45
 62
     0
100
AcDbLine
 10
-84.61768607681464
 20
-4.05167083424992
 30
0.0
 11
-86.39040613491142
 21
-9.537160305605992
 31
0.0
  0
LINE
  5
717
330
170
100
AcDbEntity
  8
ABF_Label
347
45
 62
     0
100
AcDbLine
 10
-86.39040613491142
 20
1.225487875911927
 30
0.0
 11
-84.61768607681464
 21
-4.05167083424992
 31
0.0
  0
LINE
  5
718
330
170
100
AcDbEntity
  8
ABF_Label
347
45
 62
     0
100
AcDbLine
 10
-96.4636753177524
 20
12.6531324432691
 30
0.0
 11
-98.51800163375474
 21
1.225487875911927
 31
0.0
  0
LINE
  5
719
330
170
100
AcDbEntity
  8
ABF_Label
347
45
 62
     0
100
AcDbLine
 10
-45.08062068965517
 20
7.033172413793104
 30
0.0
 11
-49.63510344827586
 21
7.033172413793104
 31
0.0
  0
LINE
  5
71A
330
170
100
AcDbEntity
  8
ABF_Label
347
45
 62
     0
100
AcDbLine
 10
-49.63510344827586
 20
7.033172413793104
 30
0.0
 11
-49.63510344827586
 21
24.09496551724138
 31
0.0
  0
LINE
  5
71B
330
170
100
AcDbEntity
  8
ABF_Label
347
45
 62
     0
100
AcDbLine
 10
-49.63510344827586
 20
24.09496551724138
 30
0.0
 11
-45.08062068965517
 21
24.09496551724138
 31
0.0
  0
LINE
  5
71C
330
170
100
AcDbEntity
  8
ABF_Label
347
45
 62
     0
100
AcDbLine
 10
-45.08062068965517
 20
24.09496551724138
 30
0.0
 11
-45.08062068965517
 21
22.84248275862069
 31
0.0
  0
LINE
  5
71D
330
170
100
AcDbEntity
  8
ABF_Label
347
45
 62
     0
100
AcDbLine
 10
-45.08062068965517
 20
22.84248275862069
 30
0.0
 11
-48.1023448275862
 21
22.84248275862069
 31
0.0
  0
LINE
  5
71E
330
170
100
AcDbEntity
  8
ABF_Label
347
45
 62
     0
100
AcDbLine
 10
-48.1023448275862
 20
22.84248275862069
 30
0.0
 11
-48.1023448275862
 21
8.285655172413794
 31
0.0
  0
LINE
  5
71F
330
170
100
AcDbEntity
  8
ABF_Label
347
45
 62
     0
100
AcDbLine
 10
-48.1023448275862
 20
8.285655172413794
 30
0.0
 11
-45.08062068965517
 21
8.285655172413794
 31
0.0
  0
LINE
  5
720
330
170
100
AcDbEntity
  8
ABF_Label
347
45
 62
     0
100
AcDbLine
 10
-45.08062068965517
 20
8.285655172413794
 30
0.0
 11
-45.08062068965517
 21
7.033172413793104
 31
0.0
  0
LINE
  5
721
330
170
100
AcDbEntity
  8
ABF_Label
347
45
 62
     0
100
AcDbLine
 10
-44.30986206896551
 20
10.46655172413793
 30
0.0
 11
-39.91303448275862
 21
23.50813793103448
 31
0.0
  0
LINE
  5
722
330
170
100
AcDbEntity
  8
ABF_Label
347
45
 62
     0
100
AcDbLine
 10
-39.91303448275862
 20
23.50813793103448
 30
0.0
 11
-37.77593103448275
 21
23.50813793103448
 31
0.0
  0
LINE
  5
723
330
170
100
AcDbEntity
  8
ABF_Label
347
45
 62
     0
100
AcDbLine
 10
-37.77593103448275
 20
23.50813793103448
 30
0.0
 11
-33.37910344827586
 21
10.46655172413793
 31
0.0
  0
LINE
  5
724
330
170
100
AcDbEntity
  8
ABF_Label
347
45
 62
     0
100
AcDbLine
 10
-33.37910344827586
 20
10.46655172413793
 30
0.0
 11
-35.20965517241379
 21
10.46655172413793
 31
0.0
  0
LINE
  5
725
330
170
100
AcDbEntity
  8
ABF_Label
347
45
 62
     0
100
AcDbLine
 10
-35.20965517241379
 20
10.46655172413793
 30
0.0
 11
-36.39206896551723
 21
14.11013793103448
 31
0.0
  0
LINE
  5
726
330
170
100
AcDbEntity
  8
ABF_Label
347
45
 62
     0
100
AcDbLine
 10
-36.39206896551723
 20
14.11013793103448
 30
0.0
 11
-41.37572413793102
 21
14.11013793103448
 31
0.0
  0
LINE
  5
727
330
170
100
AcDbEntity
  8
ABF_Label
347
45
 62
     0
100
AcDbLine
 10
-41.37572413793102
 20
14.11013793103448
 30
0.0
 11
-42.55813793103447
 21
10.46655172413793
 31
0.0
  0
LINE
  5
728
330
170
100
AcDbEntity
  8
ABF_Label
347
45
 62
     0
100
AcDbLine
 10
-42.55813793103447
 20
10.46655172413793
 30
0.0
 11
-44.30986206896551
 21
10.46655172413793
 31
0.0
  0
LINE
  5
729
330
170
100
AcDbEntity
  8
ABF_Label
347
45
 62
     0
100
AcDbLine
 10
-36.87379310344826
 20
15.59034482758621
 30
0.0
 11
-38.88827586206896
 21
21.73889655172414
 31
0.0
  0
LINE
  5
72A
330
170
100
AcDbEntity
  8
ABF_Label
347
45
 62
     0
100
AcDbLine
 10
-38.88827586206896
 20
21.73889655172414
 30
0.0
 11
-40.89399999999999
 21
15.59034482758621
 31
0.0
  0
LINE
  5
72B
330
170
100
AcDbEntity
  8
ABF_Label
347
45
 62
     0
100
AcDbLine
 10
-40.89399999999999
 20
15.59034482758621
 30
0.0
 11
-36.87379310344826
 21
15.59034482758621
 31
0.0
  0
LINE
  5
72C
330
170
100
AcDbEntity
  8
ABF_Label
347
45
 62
     0
100
AcDbLine
 10
-25.12848275862068
 20
10.46655172413793
 30
0.0
 11
-31.48724137931034
 21
10.46655172413793
 31
0.0
  0
LINE
  5
72D
330
170
100
AcDbEntity
  8
ABF_Label
347
45
 62
     0
100
AcDbLine
 10
-31.48724137931034
 20
10.46655172413793
 30
0.0
 11
-31.48724137931034
 21
11.79786206896552
 31
0.0
  0
LINE
  5
72E
330
170
100
AcDbEntity
  8
ABF_Label
347
45
 62
     0
100
AcDbLine
 10
-31.48724137931034
 20
11.79786206896552
 30
0.0
 11
-29.12241379310345
 21
11.79786206896552
 31
0.0
  0
LINE
  5
72F
330
170
100
AcDbEntity
  8
ABF_Label
347
45
 62
     0
100
AcDbLine
 10
-29.12241379310345
 20
11.79786206896552
 30
0.0
 11
-29.12241379310345
 21
20.53896551724138
 31
0.0
  0
LINE
  5
730
330
170
100
AcDbEntity
  8
ABF_Label
347
45
 62
     0
100
AcDbLine
 10
-29.12241379310345
 20
20.53896551724138
 30
0.0
 11
-31.48724137931034
 21
20.53896551724138
 31
0.0
  0
LINE
  5
731
330
170
100
AcDbEntity
  8
ABF_Label
347
45
 62
     0
100
AcDbLine
 10
-31.48724137931034
 20
20.53896551724138
 30
0.0
 11
-31.48724137931034
 21
21.73013793103448
 31
0.0
  0
LINE
  5
732
330
170
100
AcDbEntity
  8
ABF_Label
347
45
 62
     0
100
AcDbLine
 10
-31.48724137931034
 20
21.73013793103448
 30
0.0
 11
-29.5121724137931
 21
22.11113793103448
 31
0.0
  0
LINE
  5
733
330
170
100
AcDbEntity
  8
ABF_Label
347
45
 62
     0
100
AcDbLine
 10
-29.5121724137931
 20
22.11113793103448
 30
0.0
 11
-28.7983448275862
 21
23.55193103448276
 31
0.0
  0
LINE
  5
734
330
170
100
AcDbEntity
  8
ABF_Label
347
45
 62
     0
100
AcDbLine
 10
-28.7983448275862
 20
23.55193103448276
 30
0.0
 11
-27.44075862068965
 21
23.55193103448276
 31
0.0
  0
LINE
  5
735
330
170
100
AcDbEntity
  8
ABF_Label
347
45
 62
     0
100
AcDbLine
 10
-27.44075862068965
 20
23.55193103448276
 30
0.0
 11
-27.44075862068965
 21
11.79786206896552
 31
0.0
  0
LINE
  5
736
330
170
100
AcDbEntity
  8
ABF_Label
347
45
 62
     0
100
AcDbLine
 10
-27.44075862068965
 20
11.79786206896552
 30
0.0
 11
-25.12848275862068
 21
11.79786206896552
 31
0.0
  0
LINE
  5
737
330
170
100
AcDbEntity
  8
ABF_Label
347
45
 62
     0
100
AcDbLine
 10
-25.12848275862068
 20
11.79786206896552
 30
0.0
 11
-25.12848275862068
 21
10.46655172413793
 31
0.0
  0
LINE
  5
738
330
170
100
AcDbEntity
  8
ABF_Label
347
45
 62
     0
100
AcDbLine
 10
-18.26172413793104
 20
7.033172413793104
 30
0.0
 11
-22.81620689655172
 21
7.033172413793104
 31
0.0
  0
LINE
  5
739
330
170
100
AcDbEntity
  8
ABF_Label
347
45
 62
     0
100
AcDbLine
 10
-22.81620689655172
 20
7.033172413793104
 30
0.0
 11
-22.81620689655172
 21
8.285655172413794
 31
0.0
  0
LINE
  5
73A
330
170
100
AcDbEntity
  8
ABF_Label
347
45
 62
     0
100
AcDbLine
 10
-22.81620689655172
 20
8.285655172413794
 30
0.0
 11
-19.79448275862068
 21
8.285655172413794
 31
0.0
  0
LINE
  5
73B
330
170
100
AcDbEntity
  8
ABF_Label
347
45
 62
     0
100
AcDbLine
 10
-19.79448275862068
 20
8.285655172413794
 30
0.0
 11
-19.79448275862068
 21
22.84248275862069
 31
0.0
  0
LINE
  5
73C
330
170
100
AcDbEntity
  8
ABF_Label
347
45
 62
     0
100
AcDbLine
 10
-19.79448275862068
 20
22.84248275862069
 30
0.0
 11
-22.81620689655172
 21
22.84248275862069
 31
0.0
  0
LINE
  5
73D
330
170
100
AcDbEntity
  8
ABF_Label
347
45
 62
     0
100
AcDbLine
 10
-22.81620689655172
 20
22.84248275862069
 30
0.0
 11
-22.81620689655172
 21
24.09496551724138
 31
0.0
  0
LINE
  5
73E
330
170
100
AcDbEntity
  8
ABF_Label
347
45
 62
     0
100
AcDbLine
 10
-22.81620689655172
 20
24.09496551724138
 30
0.0
 11
-18.26172413793104
 21
24.09496551724138
 31
0.0
  0
LINE
  5
73F
330
170
100
AcDbEntity
  8
ABF_Label
347
45
 62
     0
100
AcDbLine
 10
-18.26172413793104
 20
24.09496551724138
 30
0.0
 11
-18.26172413793104
 21
7.033172413793104
 31
0.0
  0
LINE
  5
740
330
170
100
AcDbEntity
  8
ABF_Label
347
45
 62
     0
100
AcDbLine
 10
-1.269999999999995
 20
7.838965517241379
 30
0.0
 11
-1.550275862068971
 21
7.838965517241379
 31
0.0
  0
LINE
  5
741
330
170
100
AcDbEntity
  8
ABF_Label
347
45
 62
     0
100
AcDbLine
 10
-11.34241379310346
 20
7.838965517241379
 30
0.0
 11
-11.34241379310346
 21
8.97758620689655
 31
0.0
  0
LINE
  5
742
330
170
100
AcDbEntity
  8
ABF_Label
347
45
 62
     0
100
AcDbLine
 10
-11.34241379310346
 20
8.97758620689655
 30
0.0
 11
-1.550275862068971
 21
8.97758620689655
 31
0.0
  0
LINE
  5
743
330
170
100
AcDbEntity
  8
ABF_Label
347
45
 62
     0
100
AcDbLine
 10
-1.269999999999995
 20
8.97758620689655
 30
0.0
 11
-1.269999999999995
 21
7.838965517241379
 31
0.0
  0
LINE
  5
744
330
170
100
AcDbEntity
  8
ABF_Label
347
45
 62
     0
100
AcDbLine
 10
-1.550275862068971
 20
7.838965517241379
 30
0.0
 11
-11.34241379310346
 21
7.838965517241379
 31
0.0
  0
LINE
  5
745
330
170
100
AcDbEntity
  8
ABF_Label
347
45
 62
     0
100
AcDbLine
 10
8.52213793103449
 20
7.838965517241379
 30
0.0
 11
-1.550275862068971
 21
7.838965517241379
 31
0.0
  0
LINE
  5
746
330
170
100
AcDbEntity
  8
ABF_Label
347
45
 62
     0
100
AcDbLine
 10
-1.550275862068971
 20
8.97758620689655
 30
0.0
 11
-1.269999999999995
 21
8.97758620689655
 31
0.0
  0
LINE
  5
747
330
170
100
AcDbEntity
  8
ABF_Label
347
45
 62
     0
100
AcDbLine
 10
-1.550275862068971
 20
7.838965517241379
 30
0.0
 11
-1.550275862068971
 21
8.97758620689655
 31
0.0
  0
LINE
  5
748
330
170
100
AcDbEntity
  8
ABF_Label
347
45
 62
     0
100
AcDbLine
 10
-1.550275862068971
 20
8.97758620689655
 30
0.0
 11
8.52213793103449
 21
8.97758620689655
 31
0.0
  0
LINE
  5
749
330
170
100
AcDbEntity
  8
ABF_Label
347
45
 62
     0
100
AcDbLine
 10
8.52213793103449
 20
8.97758620689655
 30
0.0
 11
8.52213793103449
 21
7.838965517241379
 31
0.0
  0
LINE
  5
74A
330
170
100
AcDbEntity
  8
ABF_Label
347
45
 62
     0
100
AcDbLine
 10
20.29372413793104
 20
7.51489655172414
 30
0.0
 11
18.64710344827586
 21
7.51489655172414
 31
0.0
  0
LINE
  5
74B
330
170
100
AcDbEntity
  8
ABF_Label
347
45
 62
     0
100
AcDbLine
 10
18.64710344827586
 20
7.51489655172414
 30
0.0
 11
18.64710344827586
 21
10.50158620689655
 31
0.0
  0
LINE
  5
74C
330
170
100
AcDbEntity
  8
ABF_Label
347
45
 62
     0
100
AcDbLine
 10
18.64710344827586
 20
10.50158620689655
 30
0.0
 11
10.18627586206897
 21
10.50158620689655
 31
0.0
  0
LINE
  5
74D
330
170
100
AcDbEntity
  8
ABF_Label
347
45
 62
     0
100
AcDbLine
 10
10.18627586206897
 20
10.50158620689655
 30
0.0
 11
10.18627586206897
 21
7.51489655172414
 31
0.0
  0
LINE
  5
74E
330
170
100
AcDbEntity
  8
ABF_Label
347
45
 62
     0
100
AcDbLine
 10
10.18627586206897
 20
7.51489655172414
 30
0.0
 11
8.539655172413795
 21
7.51489655172414
 31
0.0
  0
LINE
  5
74F
330
170
100
AcDbEntity
  8
ABF_Label
347
45
 62
     0
100
AcDbLine
 10
8.539655172413795
 20
7.51489655172414
 30
0.0
 11
8.539655172413795
 21
12.00806896551724
 31
0.0
  0
LINE
  5
750
330
170
100
AcDbEntity
  8
ABF_Label
347
45
 62
     0
100
AcDbLine
 10
8.539655172413795
 20
12.00806896551724
 30
0.0
 11
9.249103448275863
 21
12.00806896551724
 31
0.0
  0
LINE
  5
751
330
170
100
AcDbEntity
  8
ABF_Label
347
45
 62
     0
100
AcDbLine
 10
9.249103448275863
 20
12.00806896551724
 30
0.0
 11
11.08403448275862
 21
16.89975862068965
 31
0.0
  0
LINE
  5
752
330
170
100
AcDbEntity
  8
ABF_Label
347
45
 62
     0
100
AcDbLine
 10
11.08403448275862
 20
16.89975862068965
 30
0.0
 11
11.7803448275862
 21
23.50813793103448
 31
0.0
  0
LINE
  5
753
330
170
100
AcDbEntity
  8
ABF_Label
347
45
 62
     0
100
AcDbLine
 10
11.7803448275862
 20
23.50813793103448
 30
0.0
 11
19.05875862068965
 21
23.50813793103448
 31
0.0
  0
LINE
  5
754
330
170
100
AcDbEntity
  8
ABF_Label
347
45
 62
     0
100
AcDbLine
 10
19.05875862068965
 20
23.50813793103448
 30
0.0
 11
19.05875862068965
 21
12.00806896551724
 31
0.0
  0
LINE
  5
755
330
170
100
AcDbEntity
  8
ABF_Label
347
45
 62
     0
100
AcDbLine
 10
19.05875862068965
 20
12.00806896551724
 30
0.0
 11
20.29372413793104
 21
12.00806896551724
 31
0.0
  0
LINE
  5
756
330
170
100
AcDbEntity
  8
ABF_Label
347
45
 62
     0
100
AcDbLine
 10
20.29372413793104
 20
12.00806896551724
 30
0.0
 11
20.29372413793104
 21
7.51489655172414
 31
0.0
  0
LINE
  5
757
330
170
100
AcDbEntity
  8
ABF_Label
347
45
 62
     0
100
AcDbLine
 10
17.32455172413793
 20
12.00806896551724
 30
0.0
 11
17.32455172413793
 21
22.00165517241379
 31
0.0
  0
LINE
  5
758
330
170
100
AcDbEntity
  8
ABF_Label
347
45
 62
     0
100
AcDbLine
 10
17.32455172413793
 20
22.00165517241379
 30
0.0
 11
13.40944827586207
 21
22.00165517241379
 31
0.0
  0
LINE
  5
759
330
170
100
AcDbEntity
  8
ABF_Label
347
45
 62
     0
100
AcDbLine
 10
13.40944827586207
 20
22.00165517241379
 30
0.0
 11
12.6211724137931
 21
16.26475862068965
 31
0.0
  0
LINE
  5
75A
330
170
100
AcDbEntity
  8
ABF_Label
347
45
 62
     0
100
AcDbLine
 10
12.6211724137931
 20
16.26475862068965
 30
0.0
 11
10.92199999999999
 21
12.00806896551724
 31
0.0
  0
LINE
  5
75B
330
170
100
AcDbEntity
  8
ABF_Label
347
45
 62
     0
100
AcDbLine
 10
10.92199999999999
 20
12.00806896551724
 30
0.0
 11
17.32455172413793
 21
12.00806896551724
 31
0.0
  0
LINE
  5
75C
330
170
100
AcDbEntity
  8
ABF_Label
347
45
 62
     0
100
AcDbLine
 10
29.50779310344826
 20
13.42696551724138
 30
0.0
 11
29.23627586206896
 21
12.17010344827586
 31
0.0
  0
LINE
  5
75D
330
170
100
AcDbEntity
  8
ABF_Label
347
45
 62
     0
100
AcDbLine
 10
29.23627586206896
 20
12.17010344827586
 30
0.0
 11
28.49179310344826
 21
11.2548275862069
 31
0.0
  0
LINE
  5
75E
330
170
100
AcDbEntity
  8
ABF_Label
347
45
 62
     0
100
AcDbLine
 10
28.49179310344826
 20
11.2548275862069
 30
0.0
 11
27.24368965517241
 21
10.62858620689655
 31
0.0
  0
LINE
  5
75F
330
170
100
AcDbEntity
  8
ABF_Label
347
45
 62
     0
100
AcDbLine
 10
27.24368965517241
 20
10.62858620689655
 30
0.0
 11
25.68027586206897
 21
10.46655172413793
 31
0.0
  0
LINE
  5
760
330
170
100
AcDbEntity
  8
ABF_Label
347
45
 62
     0
100
AcDbLine
 10
25.68027586206897
 20
10.46655172413793
 30
0.0
 11
21.83524137931035
 21
10.46655172413793
 31
0.0
  0
LINE
  5
761
330
170
100
AcDbEntity
  8
ABF_Label
347
45
 62
     0
100
AcDbLine
 10
21.83524137931035
 20
10.46655172413793
 30
0.0
 11
21.83524137931035
 21
20.24993103448276
 31
0.0
  0
LINE
  5
762
330
170
100
AcDbEntity
  8
ABF_Label
347
45
 62
     0
100
AcDbLine
 10
21.83524137931035
 20
20.24993103448276
 30
0.0
 11
25.42627586206896
 21
20.24993103448276
 31
0.0
  0
LINE
  5
763
330
170
100
AcDbEntity
  8
ABF_Label
347
45
 62
     0
100
AcDbLine
 10
25.42627586206896
 20
20.24993103448276
 30
0.0
 11
27.00282758620688
 21
20.18424137931034
 31
0.0
  0
LINE
  5
764
330
170
100
AcDbEntity
  8
ABF_Label
347
45
 62
     0
100
AcDbLine
 10
27.00282758620688
 20
20.18424137931034
 30
0.0
 11
27.99255172413793
 21
19.84703448275862
 31
0.0
  0
LINE
  5
765
330
170
100
AcDbEntity
  8
ABF_Label
347
45
 62
     0
100
AcDbLine
 10
27.99255172413793
 20
19.84703448275862
 30
0.0
 11
28.75455172413793
 21
19.10255172413792
 31
0.0
  0
LINE
  5
766
330
170
100
AcDbEntity
  8
ABF_Label
347
45
 62
     0
100
AcDbLine
 10
28.75455172413793
 20
19.10255172413792
 30
0.0
 11
28.99979310344828
 21
17.99896551724138
 31
0.0
  0
LINE
  5
767
330
170
100
AcDbEntity
  8
ABF_Label
347
45
 62
     0
100
AcDbLine
 10
28.99979310344828
 20
17.99896551724138
 30
0.0
 11
28.61441379310345
 21
16.74210344827586
 31
0.0
  0
LINE
  5
768
330
170
100
AcDbEntity
  8
ABF_Label
347
45
 62
     0
100
AcDbLine
 10
28.61441379310345
 20
16.74210344827586
 30
0.0
 11
27.58965517241379
 21
15.87937931034483
 31
0.0
  0
LINE
  5
769
330
170
100
AcDbEntity
  8
ABF_Label
347
45
 62
     0
100
AcDbLine
 10
27.58965517241379
 20
15.87937931034483
 30
0.0
 11
27.63344827586208
 21
15.81806896551724
 31
0.0
  0
LINE
  5
76A
330
170
100
AcDbEntity
  8
ABF_Label
347
45
 62
     0
100
AcDbLine
 10
27.63344827586208
 20
15.81806896551724
 30
0.0
 11
28.96913793103448
 21
15.00351724137931
 31
0.0
  0
LINE
  5
76B
330
170
100
AcDbEntity
  8
ABF_Label
347
45
 62
     0
100
AcDbLine
 10
28.96913793103448
 20
15.00351724137931
 30
0.0
 11
29.50779310344826
 21
13.42696551724138
 31
0.0
  0
LINE
  5
76C
330
170
100
AcDbEntity
  8
ABF_Label
347
45
 62
     0
100
AcDbLine
 10
27.30937931034482
 20
17.74496551724138
 30
0.0
 11
27.19989655172413
 21
18.32303448275862
 31
0.0
  0
LINE
  5
76D
330
170
100
AcDbEntity
  8
ABF_Label
347
45
 62
     0
100
AcDbLine
 10
27.19989655172413
 20
18.32303448275862
 30
0.0
 11
26.81889655172413
 21
18.70841379310344
 31
0.0
  0
LINE
  5
76E
330
170
100
AcDbEntity
  8
ABF_Label
347
45
 62
     0
100
AcDbLine
 10
26.81889655172413
 20
18.70841379310344
 30
0.0
 11
26.11382758620688
 21
18.90548275862069
 31
0.0
  0
LINE
  5
76F
330
170
100
AcDbEntity
  8
ABF_Label
347
45
 62
     0
100
AcDbLine
 10
26.11382758620688
 20
18.90548275862069
 30
0.0
 11
25.03213793103447
 21
18.93613793103448
 31
0.0
  0
LINE
  5
770
330
170
100
AcDbEntity
  8
ABF_Label
347
45
 62
     0
100
AcDbLine
 10
25.03213793103447
 20
18.93613793103448
 30
0.0
 11
23.4643448275862
 21
18.93613793103448
 31
0.0
  0
LINE
  5
771
330
170
100
AcDbEntity
  8
ABF_Label
347
45
 62
     0
100
AcDbLine
 10
23.4643448275862
 20
18.93613793103448
 30
0.0
 11
23.4643448275862
 21
16.256
 31
0.0
  0
LINE
  5
772
330
170
100
AcDbEntity
  8
ABF_Label
347
45
 62
     0
100
AcDbLine
 10
23.4643448275862
 20
16.256
 30
0.0
 11
25.35620689655171
 21
16.256
 31
0.0
  0
LINE
  5
773
330
170
100
AcDbEntity
  8
ABF_Label
347
45
 62
     0
100
AcDbLine
 10
25.35620689655171
 20
16.256
 30
0.0
 11
26.21455172413792
 21
16.31293103448276
 31
0.0
  0
LINE
  5
774
330
170
100
AcDbEntity
  8
ABF_Label
347
45
 62
     0
100
AcDbLine
 10
26.21455172413792
 20
16.31293103448276
 30
0.0
 11
26.77510344827587
 21
16.55379310344828
 31
0.0
  0
LINE
  5
775
330
170
100
AcDbEntity
  8
ABF_Label
347
45
 62
     0
100
AcDbLine
 10
26.77510344827587
 20
16.55379310344828
 30
0.0
 11
27.18675862068966
 21
17.02675862068966
 31
0.0
  0
LINE
  5
776
330
170
100
AcDbEntity
  8
ABF_Label
347
45
 62
     0
100
AcDbLine
 10
27.18675862068966
 20
17.02675862068966
 30
0.0
 11
27.30937931034482
 21
17.74496551724138
 31
0.0
  0
LINE
  5
777
330
170
100
AcDbEntity
  8
ABF_Label
347
45
 62
     0
100
AcDbLine
 10
27.80862068965518
 20
13.41820689655172
 30
0.0
 11
27.66410344827585
 21
14.21962068965517
 31
0.0
  0
LINE
  5
778
330
170
100
AcDbEntity
  8
ABF_Label
347
45
 62
     0
100
AcDbLine
 10
27.66410344827585
 20
14.21962068965517
 30
0.0
 11
27.02910344827587
 21
14.75827586206896
 31
0.0
  0
LINE
  5
779
330
170
100
AcDbEntity
  8
ABF_Label
347
45
 62
     0
100
AcDbLine
 10
27.02910344827587
 20
14.75827586206896
 30
0.0
 11
26.37220689655171
 21
14.94220689655172
 31
0.0
  0
LINE
  5
77A
330
170
100
AcDbEntity
  8
ABF_Label
347
45
 62
     0
100
AcDbLine
 10
26.37220689655171
 20
14.94220689655172
 30
0.0
 11
25.4
 21
14.97724137931034
 31
0.0
  0
LINE
  5
77B
330
170
100
AcDbEntity
  8
ABF_Label
347
45
 62
     0
100
AcDbLine
 10
25.4
 20
14.97724137931034
 30
0.0
 11
23.4643448275862
 21
14.97724137931034
 31
0.0
  0
LINE
  5
77C
330
170
100
AcDbEntity
  8
ABF_Label
347
45
 62
     0
100
AcDbLine
 10
23.4643448275862
 20
14.97724137931034
 30
0.0
 11
23.4643448275862
 21
11.78034482758621
 31
0.0
  0
LINE
  5
77D
330
170
100
AcDbEntity
  8
ABF_Label
347
45
 62
     0
100
AcDbLine
 10
23.4643448275862
 20
11.78034482758621
 30
0.0
 11
24.89199999999999
 21
11.78034482758621
 31
0.0
  0
LINE
  5
77E
330
170
100
AcDbEntity
  8
ABF_Label
347
45
 62
     0
100
AcDbLine
 10
24.89199999999999
 20
11.78034482758621
 30
0.0
 11
26.26710344827586
 21
11.85041379310345
 31
0.0
  0
LINE
  5
77F
330
170
100
AcDbEntity
  8
ABF_Label
347
45
 62
     0
100
AcDbLine
 10
26.26710344827586
 20
11.85041379310345
 30
0.0
 11
27.10793103448276
 21
12.13068965517241
 31
0.0
  0
LINE
  5
780
330
170
100
AcDbEntity
  8
ABF_Label
347
45
 62
     0
100
AcDbLine
 10
27.10793103448276
 20
12.13068965517241
 30
0.0
 11
27.64220689655173
 21
12.65620689655172
 31
0.0
  0
LINE
  5
781
330
170
100
AcDbEntity
  8
ABF_Label
347
45
 62
     0
100
AcDbLine
 10
27.64220689655173
 20
12.65620689655172
 30
0.0
 11
27.80862068965518
 21
13.41820689655172
 31
0.0
  0
LINE
  5
782
330
170
100
AcDbEntity
  8
ABF_Label
347
45
 62
     0
100
AcDbLine
 10
35.48993103448277
 20
10.23882758620689
 30
0.0
 11
31.85948275862069
 21
11.557
 31
0.0
  0
LINE
  5
783
330
170
100
AcDbEntity
  8
ABF_Label
347
45
 62
     0
100
AcDbLine
 10
31.85948275862069
 20
11.557
 30
0.0
 11
30.56758620689655
 21
15.30131034482759
 31
0.0
  0
LINE
  5
784
330
170
100
AcDbEntity
  8
ABF_Label
347
45
 62
     0
100
AcDbLine
 10
30.56758620689655
 20
15.30131034482759
 30
0.0
 11
31.82006896551724
 21
19.10693103448276
 31
0.0
  0
LINE
  5
785
330
170
100
AcDbEntity
  8
ABF_Label
347
45
 62
     0
100
AcDbLine
 10
31.82006896551724
 20
19.10693103448276
 30
0.0
 11
35.09579310344828
 21
20.52144827586207
 31
0.0
  0
LINE
  5
786
330
170
100
AcDbEntity
  8
ABF_Label
347
45
 62
     0
100
AcDbLine
 10
35.09579310344828
 20
20.52144827586207
 30
0.0
 11
36.70737931034482
 21
20.25868965517241
 31
0.0
  0
LINE
  5
787
330
170
100
AcDbEntity
  8
ABF_Label
347
45
 62
     0
100
AcDbLine
 10
36.70737931034482
 20
20.25868965517241
 30
0.0
 11
37.93358620689655
 21
19.43537931034483
 31
0.0
  0
LINE
  5
788
330
170
100
AcDbEntity
  8
ABF_Label
347
45
 62
     0
100
AcDbLine
 10
37.93358620689655
 20
19.43537931034483
 30
0.0
 11
38.73937931034482
 21
18.06465517241379
 31
0.0
  0
LINE
  5
789
330
170
100
AcDbEntity
  8
ABF_Label
347
45
 62
     0
100
AcDbLine
 10
38.73937931034482
 20
18.06465517241379
 30
0.0
 11
39.0196551724138
 21
16.0808275862069
 31
0.0
  0
LINE
  5
78A
330
170
100
AcDbEntity
  8
ABF_Label
347
45
 62
     0
100
AcDbLine
 10
39.0196551724138
 20
16.0808275862069
 30
0.0
 11
39.0196551724138
 21
15.18744827586207
 31
0.0
  0
LINE
  5
78B
330
170
100
AcDbEntity
  8
ABF_Label
347
45
 62
     0
100
AcDbLine
 10
39.0196551724138
 20
15.18744827586207
 30
0.0
 11
32.24048275862071
 21
15.18744827586207
 31
0.0
  0
LINE
  5
78C
330
170
100
AcDbEntity
  8
ABF_Label
347
45
 62
     0
100
AcDbLine
 10
32.24048275862071
 20
15.18744827586207
 30
0.0
 11
33.09882758620689
 21
12.57737931034483
 31
0.0
  0
LINE
  5
78D
330
170
100
AcDbEntity
  8
ABF_Label
347
45
 62
     0
100
AcDbLine
 10
33.09882758620689
 20
12.57737931034483
 30
0.0
 11
35.47241379310346
 21
11.67524137931035
 31
0.0
  0
LINE
  5
78E
330
170
100
AcDbEntity
  8
ABF_Label
347
45
 62
     0
100
AcDbLine
 10
35.47241379310346
 20
11.67524137931035
 30
0.0
 11
36.53658620689656
 21
11.79786206896552
 31
0.0
  0
LINE
  5
78F
330
170
100
AcDbEntity
  8
ABF_Label
347
45
 62
     0
100
AcDbLine
 10
36.53658620689656
 20
11.79786206896552
 30
0.0
 11
37.47813793103448
 21
12.1131724137931
 31
0.0
  0
LINE
  5
790
330
170
100
AcDbEntity
  8
ABF_Label
347
45
 62
     0
100
AcDbLine
 10
37.47813793103448
 20
12.1131724137931
 30
0.0
 11
38.23137931034483
 21
12.50293103448276
 31
0.0
  0
LINE
  5
791
330
170
100
AcDbEntity
  8
ABF_Label
347
45
 62
     0
100
AcDbLine
 10
38.23137931034483
 20
12.50293103448276
 30
0.0
 11
38.73937931034482
 21
12.85765517241379
 31
0.0
  0
LINE
  5
792
330
170
100
AcDbEntity
  8
ABF_Label
347
45
 62
     0
100
AcDbLine
 10
38.73937931034482
 20
12.85765517241379
 30
0.0
 11
38.83572413793102
 21
12.85765517241379
 31
0.0
  0
LINE
  5
793
330
170
100
AcDbEntity
  8
ABF_Label
347
45
 62
     0
100
AcDbLine
 10
38.83572413793102
 20
12.85765517241379
 30
0.0
 11
38.83572413793102
 21
11.06213793103448
 31
0.0
  0
LINE
  5
794
330
170
100
AcDbEntity
  8
ABF_Label
347
45
 62
     0
100
AcDbLine
 10
38.83572413793102
 20
11.06213793103448
 30
0.0
 11
38.1175172413793
 21
10.77748275862069
 31
0.0
  0
LINE
  5
795
330
170
100
AcDbEntity
  8
ABF_Label
347
45
 62
     0
100
AcDbLine
 10
38.1175172413793
 20
10.77748275862069
 30
0.0
 11
37.34675862068967
 21
10.5103448275862
 31
0.0
  0
LINE
  5
796
330
170
100
AcDbEntity
  8
ABF_Label
347
45
 62
     0
100
AcDbLine
 10
37.34675862068967
 20
10.5103448275862
 30
0.0
 11
36.47527586206897
 21
10.30889655172414
 31
0.0
  0
LINE
  5
797
330
170
100
AcDbEntity
  8
ABF_Label
347
45
 62
     0
100
AcDbLine
 10
36.47527586206897
 20
10.30889655172414
 30
0.0
 11
35.48993103448277
 21
10.23882758620689
 31
0.0
  0
LINE
  5
798
330
170
100
AcDbEntity
  8
ABF_Label
347
45
 62
     0
100
AcDbLine
 10
37.41682758620689
 20
16.44868965517241
 30
0.0
 11
37.2591724137931
 21
17.59606896551724
 31
0.0
  0
LINE
  5
799
330
170
100
AcDbEntity
  8
ABF_Label
347
45
 62
     0
100
AcDbLine
 10
37.2591724137931
 20
17.59606896551724
 30
0.0
 11
36.85627586206898
 21
18.41062068965517
 31
0.0
  0
LINE
  5
79A
330
170
100
AcDbEntity
  8
ABF_Label
347
45
 62
     0
100
AcDbLine
 10
36.85627586206898
 20
18.41062068965517
 30
0.0
 11
36.11617241379309
 21
18.9711724137931
 31
0.0
  0
LINE
  5
79B
330
170
100
AcDbEntity
  8
ABF_Label
347
45
 62
     0
100
AcDbLine
 10
36.11617241379309
 20
18.9711724137931
 30
0.0
 11
34.99944827586206
 21
19.16386206896552
 31
0.0
  0
LINE
  5
79C
330
170
100
AcDbEntity
  8
ABF_Label
347
45
 62
     0
100
AcDbLine
 10
34.99944827586206
 20
19.16386206896552
 30
0.0
 11
33.88272413793101
 21
18.96679310344827
 31
0.0
  0
LINE
  5
79D
330
170
100
AcDbEntity
  8
ABF_Label
347
45
 62
     0
100
AcDbLine
 10
33.88272413793101
 20
18.96679310344827
 30
0.0
 11
33.04627586206897
 21
18.39310344827586
 31
0.0
  0
LINE
  5
79E
330
170
100
AcDbEntity
  8
ABF_Label
347
45
 62
     0
100
AcDbLine
 10
33.04627586206897
 20
18.39310344827586
 30
0.0
 11
32.48572413793102
 21
17.53913793103448
 31
0.0
  0
LINE
  5
79F
330
170
100
AcDbEntity
  8
ABF_Label
347
45
 62
     0
100
AcDbLine
 10
32.48572413793102
 20
17.53913793103448
 30
0.0
 11
32.24048275862071
 21
16.44868965517241
 31
0.0
  0
LINE
  5
7A0
330
170
100
AcDbEntity
  8
ABF_Label
347
45
 62
     0
100
AcDbLine
 10
32.24048275862071
 20
16.44868965517241
 30
0.0
 11
37.41682758620689
 21
16.44868965517241
 31
0.0
  0
LINE
  5
7A1
330
170
100
AcDbEntity
  8
ABF_Label
347
45
 62
     0
100
AcDbLine
 10
48.89062068965516
 20
15.61662068965517
 30
0.0
 11
47.7213448275862
 21
11.72341379310345
 31
0.0
  0
LINE
  5
7A2
330
170
100
AcDbEntity
  8
ABF_Label
347
45
 62
     0
100
AcDbLine
 10
47.7213448275862
 20
11.72341379310345
 30
0.0
 11
44.76531034482758
 21
10.27386206896552
 31
0.0
  0
LINE
  5
7A3
330
170
100
AcDbEntity
  8
ABF_Label
347
45
 62
     0
100
AcDbLine
 10
44.76531034482758
 20
10.27386206896552
 30
0.0
 11
43.47779310344828
 21
10.44027586206897
 31
0.0
  0
LINE
  5
7A4
330
170
100
AcDbEntity
  8
ABF_Label
347
45
 62
     0
100
AcDbLine
 10
43.47779310344828
 20
10.44027586206897
 30
0.0
 11
42.33041379310345
 21
10.95703448275862
 31
0.0
  0
LINE
  5
7A5
330
170
100
AcDbEntity
  8
ABF_Label
347
45
 62
     0
100
AcDbLine
 10
42.33041379310345
 20
10.95703448275862
 30
0.0
 11
42.33041379310345
 21
6.858
 31
0.0
  0
LINE
  5
7A6
330
170
100
AcDbEntity
  8
ABF_Label
347
45
 62
     0
100
AcDbLine
 10
42.33041379310345
 20
6.858
 30
0.0
 11
40.68379310344827
 21
6.858
 31
0.0
  0
LINE
  5
7A7
330
170
100
AcDbEntity
  8
ABF_Label
347
45
 62
     0
100
AcDbLine
 10
40.68379310344827
 20
6.858
 30
0.0
 11
40.68379310344827
 21
20.24993103448276
 31
0.0
  0
LINE
  5
7A8
330
170
100
AcDbEntity
  8
ABF_Label
347
45
 62
     0
100
AcDbLine
 10
40.68379310344827
 20
20.24993103448276
 30
0.0
 11
42.33041379310345
 21
20.24993103448276
 31
0.0
  0
LINE
  5
7A9
330
170
100
AcDbEntity
  8
ABF_Label
347
45
 62
     0
100
AcDbLine
 10
42.33041379310345
 20
20.24993103448276
 30
0.0
 11
42.33041379310345
 21
19.2251724137931
 31
0.0
  0
LINE
  5
7AA
330
170
100
AcDbEntity
  8
ABF_Label
347
45
 62
     0
100
AcDbLine
 10
42.33041379310345
 20
19.2251724137931
 30
0.0
 11
43.69237931034483
 21
20.14920689655172
 31
0.0
  0
LINE
  5
7AB
330
170
100
AcDbEntity
  8
ABF_Label
347
45
 62
     0
100
AcDbLine
 10
43.69237931034483
 20
20.14920689655172
 30
0.0
 11
45.32586206896551
 21
20.52144827586207
 31
0.0
  0
LINE
  5
7AC
330
170
100
AcDbEntity
  8
ABF_Label
347
45
 62
     0
100
AcDbLine
 10
45.32586206896551
 20
20.52144827586207
 30
0.0
 11
47.94906896551723
 21
19.19013793103448
 31
0.0
  0
LINE
  5
7AD
330
170
100
AcDbEntity
  8
ABF_Label
347
45
 62
     0
100
AcDbLine
 10
47.94906896551723
 20
19.19013793103448
 30
0.0
 11
48.89062068965516
 21
15.61662068965517
 31
0.0
  0
LINE
  5
7AE
330
170
100
AcDbEntity
  8
ABF_Label
347
45
 62
     0
100
AcDbLine
 10
47.19144827586207
 20
15.43268965517242
 30
0.0
 11
46.6571724137931
 21
18.02962068965517
 31
0.0
  0
LINE
  5
7AF
330
170
100
AcDbEntity
  8
ABF_Label
347
45
 62
     0
100
AcDbLine
 10
46.6571724137931
 20
18.02962068965517
 30
0.0
 11
44.92296551724137
 21
18.95365517241379
 31
0.0
  0
LINE
  5
7B0
330
170
100
AcDbEntity
  8
ABF_Label
347
45
 62
     0
100
AcDbLine
 10
44.92296551724137
 20
18.95365517241379
 30
0.0
 11
43.56975862068965
 21
18.64272413793103
 31
0.0
  0
LINE
  5
7B1
330
170
100
AcDbEntity
  8
ABF_Label
347
45
 62
     0
100
AcDbLine
 10
43.56975862068965
 20
18.64272413793103
 30
0.0
 11
42.33041379310345
 21
17.84131034482758
 31
0.0
  0
LINE
  5
7B2
330
170
100
AcDbEntity
  8
ABF_Label
347
45
 62
     0
100
AcDbLine
 10
42.33041379310345
 20
17.84131034482758
 30
0.0
 11
42.33041379310345
 21
12.29710344827586
 31
0.0
  0
LINE
  5
7B3
330
170
100
AcDbEntity
  8
ABF_Label
347
45
 62
     0
100
AcDbLine
 10
42.33041379310345
 20
12.29710344827586
 30
0.0
 11
43.43837931034484
 21
11.86793103448276
 31
0.0
  0
LINE
  5
7B4
330
170
100
AcDbEntity
  8
ABF_Label
347
45
 62
     0
100
AcDbLine
 10
43.43837931034484
 20
11.86793103448276
 30
0.0
 11
44.49379310344826
 21
11.75406896551724
 31
0.0
  0
LINE
  5
7B5
330
170
100
AcDbEntity
  8
ABF_Label
347
45
 62
     0
100
AcDbLine
 10
44.49379310344826
 20
11.75406896551724
 30
0.0
 11
46.482
 21
12.69124137931035
 31
0.0
  0
LINE
  5
7B6
330
170
100
AcDbEntity
  8
ABF_Label
347
45
 62
     0
100
AcDbLine
 10
46.482
 20
12.69124137931035
 30
0.0
 11
47.19144827586207
 21
15.43268965517242
 31
0.0
  0
LINE
  5
7B7
330
170
100
AcDbEntity
  8
ABF_Label
347
45
 62
     0
100
AcDbLine
 10
52.28020689655175
 20
10.46655172413793
 30
0.0
 11
50.63358620689655
 21
10.46655172413793
 31
0.0
  0
LINE
  5
7B8
330
170
100
AcDbEntity
  8
ABF_Label
347
45
 62
     0
100
AcDbLine
 10
50.63358620689655
 20
10.46655172413793
 30
0.0
 11
50.63358620689655
 21
20.24993103448276
 31
0.0
  0
LINE
  5
7B9
330
170
100
AcDbEntity
  8
ABF_Label
347
45
 62
     0
100
AcDbLine
 10
50.63358620689655
 20
20.24993103448276
 30
0.0
 11
52.28020689655175
 21
20.24993103448276
 31
0.0
  0
LINE
  5
7BA
330
170
100
AcDbEntity
  8
ABF_Label
347
45
 62
     0
100
AcDbLine
 10
52.28020689655175
 20
20.24993103448276
 30
0.0
 11
52.28020689655175
 21
10.46655172413793
 31
0.0
  0
LINE
  5
7BB
330
170
100
AcDbEntity
  8
ABF_Label
347
45
 62
     0
100
AcDbLine
 10
52.39406896551726
 20
21.88779310344827
 30
0.0
 11
50.51972413793104
 21
21.88779310344827
 31
0.0
  0
LINE
  5
7BC
330
170
100
AcDbEntity
  8
ABF_Label
347
45
 62
     0
100
AcDbLine
 10
50.51972413793104
 20
21.88779310344827
 30
0.0
 11
50.51972413793104
 21
23.59572413793103
 31
0.0
  0
LINE
  5
7BD
330
170
100
AcDbEntity
  8
ABF_Label
347
45
 62
     0
100
AcDbLine
 10
50.51972413793104
 20
23.59572413793103
 30
0.0
 11
52.39406896551726
 21
23.59572413793103
 31
0.0
  0
LINE
  5
7BE
330
170
100
AcDbEntity
  8
ABF_Label
347
45
 62
     0
100
AcDbLine
 10
52.39406896551726
 20
23.59572413793103
 30
0.0
 11
52.39406896551726
 21
21.88779310344827
 31
0.0
  0
LINE
  5
7BF
330
170
100
AcDbEntity
  8
ABF_Label
347
45
 62
     0
100
AcDbLine
 10
67.87931034482756
 20
10.46655172413793
 30
0.0
 11
66.23268965517241
 21
10.46655172413793
 31
0.0
  0
LINE
  5
7C0
330
170
100
AcDbEntity
  8
ABF_Label
347
45
 62
     0
100
AcDbLine
 10
66.23268965517241
 20
10.46655172413793
 30
0.0
 11
66.23268965517241
 21
18.86606896551724
 31
0.0
  0
LINE
  5
7C1
330
170
100
AcDbEntity
  8
ABF_Label
347
45
 62
     0
100
AcDbLine
 10
66.23268965517241
 20
18.86606896551724
 30
0.0
 11
62.86937931034485
 21
18.86606896551724
 31
0.0
  0
LINE
  5
7C2
330
170
100
AcDbEntity
  8
ABF_Label
347
45
 62
     0
100
AcDbLine
 10
62.86937931034485
 20
18.86606896551724
 30
0.0
 11
62.81682758620688
 21
17.46906896551724
 31
0.0
  0
LINE
  5
7C3
330
170
100
AcDbEntity
  8
ABF_Label
347
45
 62
     0
100
AcDbLine
 10
62.81682758620688
 20
17.46906896551724
 30
0.0
 11
62.76427586206897
 21
16.256
 31
0.0
  0
LINE
  5
7C4
330
170
100
AcDbEntity
  8
ABF_Label
347
45
 62
     0
100
AcDbLine
 10
62.76427586206897
 20
16.256
 30
0.0
 11
62.58472413793103
 21
13.95248275862069
 31
0.0
  0
LINE
  5
7C5
330
170
100
AcDbEntity
  8
ABF_Label
347
45
 62
     0
100
AcDbLine
 10
62.58472413793103
 20
13.95248275862069
 30
0.0
 11
62.26503448275861
 21
12.46351724137931
 31
0.0
  0
LINE
  5
7C6
330
170
100
AcDbEntity
  8
ABF_Label
347
45
 62
     0
100
AcDbLine
 10
62.26503448275861
 20
12.46351724137931
 30
0.0
 11
61.84024137931036
 21
11.56137931034483
 31
0.0
  0
LINE
  5
7C7
330
170
100
AcDbEntity
  8
ABF_Label
347
45
 62
     0
100
AcDbLine
 10
61.84024137931036
 20
11.56137931034483
 30
0.0
 11
61.31910344827585
 21
10.97455172413793
 31
0.0
  0
LINE
  5
7C8
330
170
100
AcDbEntity
  8
ABF_Label
347
45
 62
     0
100
AcDbLine
 10
61.31910344827585
 20
10.97455172413793
 30
0.0
 11
60.67972413793105
 21
10.58041379310345
 31
0.0
  0
LINE
  5
7C9
330
170
100
AcDbEntity
  8
ABF_Label
347
45
 62
     0
100
AcDbLine
 10
60.67972413793105
 20
10.58041379310345
 30
0.0
 11
59.90896551724139
 21
10.44903448275862
 31
0.0
  0
LINE
  5
7CA
330
170
100
AcDbEntity
  8
ABF_Label
347
45
 62
     0
100
AcDbLine
 10
59.90896551724139
 20
10.44903448275862
 30
0.0
 11
59.54986206896552
 21
10.45779310344828
 31
0.0
  0
LINE
  5
7CB
330
170
100
AcDbEntity
  8
ABF_Label
347
45
 62
     0
100
AcDbLine
 10
59.54986206896552
 20
10.45779310344828
 30
0.0
 11
59.24331034482757
 21
10.46655172413793
 31
0.0
  0
LINE
  5
7CC
330
170
100
AcDbEntity
  8
ABF_Label
347
45
 62
     0
100
AcDbLine
 10
59.24331034482757
 20
10.46655172413793
 30
0.0
 11
59.24331034482757
 21
11.90296551724138
 31
0.0
  0
LINE
  5
7CD
330
170
100
AcDbEntity
  8
ABF_Label
347
45
 62
     0
100
AcDbLine
 10
59.24331034482757
 20
11.90296551724138
 30
0.0
 11
59.33089655172414
 21
11.90296551724138
 31
0.0
  0
LINE
  5
7CE
330
170
100
AcDbEntity
  8
ABF_Label
347
45
 62
     0
100
AcDbLine
 10
59.33089655172414
 20
11.90296551724138
 30
0.0
 11
59.45789655172411
 21
11.89420689655172
 31
0.0
  0
LINE
  5
7CF
330
170
100
AcDbEntity
  8
ABF_Label
347
45
 62
     0
100
AcDbLine
 10
59.45789655172411
 20
11.89420689655172
 30
0.0
 11
59.61117241379311
 21
11.88544827586207
 31
0.0
  0
LINE
  5
7D0
330
170
100
AcDbEntity
  8
ABF_Label
347
45
 62
     0
100
AcDbLine
 10
59.61117241379311
 20
11.88544827586207
 30
0.0
 11
60.0228275862069
 21
11.94675862068966
 31
0.0
  0
LINE
  5
7D1
330
170
100
AcDbEntity
  8
ABF_Label
347
45
 62
     0
100
AcDbLine
 10
60.0228275862069
 20
11.94675862068966
 30
0.0
 11
60.38193103448278
 21
12.17448275862069
 31
0.0
  0
LINE
  5
7D2
330
170
100
AcDbEntity
  8
ABF_Label
347
45
 62
     0
100
AcDbLine
 10
60.38193103448278
 20
12.17448275862069
 30
0.0
 11
61.02131034482758
 21
13.67658620689655
 31
0.0
  0
LINE
  5
7D3
330
170
100
AcDbEntity
  8
ABF_Label
347
45
 62
     0
100
AcDbLine
 10
61.02131034482758
 20
13.67658620689655
 30
0.0
 11
61.31034482758618
 21
16.67641379310345
 31
0.0
  0
LINE
  5
7D4
330
170
100
AcDbEntity
  8
ABF_Label
347
45
 62
     0
100
AcDbLine
 10
61.31034482758618
 20
16.67641379310345
 30
0.0
 11
61.37603448275861
 21
18.37558620689655
 31
0.0
  0
LINE
  5
7D5
330
170
100
AcDbEntity
  8
ABF_Label
347
45
 62
     0
100
AcDbLine
 10
61.37603448275861
 20
18.37558620689655
 30
0.0
 11
61.43296551724136
 21
20.24993103448276
 31
0.0
  0
LINE
  5
7D6
330
170
100
AcDbEntity
  8
ABF_Label
347
45
 62
     0
100
AcDbLine
 10
61.43296551724136
 20
20.24993103448276
 30
0.0
 11
67.87931034482756
 21
20.24993103448276
 31
0.0
  0
LINE
  5
7D7
330
170
100
AcDbEntity
  8
ABF_Label
347
45
 62
     0
100
AcDbLine
 10
67.87931034482756
 20
20.24993103448276
 30
0.0
 11
67.87931034482756
 21
10.46655172413793
 31
0.0
  0
LINE
  5
7D8
330
170
100
AcDbEntity
  8
ABF_Label
347
45
 62
     0
100
AcDbLine
 10
71.94331034482757
 20
10.46655172413793
 30
0.0
 11
70.29668965517241
 21
10.46655172413793
 31
0.0
  0
LINE
  5
7D9
330
170
100
AcDbEntity
  8
ABF_Label
347
45
 62
     0
100
AcDbLine
 10
70.29668965517241
 20
10.46655172413793
 30
0.0
 11
70.29668965517241
 21
20.24993103448276
 31
0.0
  0
LINE
  5
7DA
330
170
100
AcDbEntity
  8
ABF_Label
347
45
 62
     0
100
AcDbLine
 10
70.29668965517241
 20
20.24993103448276
 30
0.0
 11
71.94331034482757
 21
20.24993103448276
 31
0.0
  0
LINE
  5
7DB
330
170
100
AcDbEntity
  8
ABF_Label
347
45
 62
     0
100
AcDbLine
 10
71.94331034482757
 20
20.24993103448276
 30
0.0
 11
71.94331034482757
 21
10.46655172413793
 31
0.0
  0
LINE
  5
7DC
330
170
100
AcDbEntity
  8
ABF_Label
347
45
 62
     0
100
AcDbLine
 10
72.05717241379307
 20
21.88779310344827
 30
0.0
 11
70.18282758620687
 21
21.88779310344827
 31
0.0
  0
LINE
  5
7DD
330
170
100
AcDbEntity
  8
ABF_Label
347
45
 62
     0
100
AcDbLine
 10
70.18282758620687
 20
21.88779310344827
 30
0.0
 11
70.18282758620687
 21
23.59572413793103
 31
0.0
  0
LINE
  5
7DE
330
170
100
AcDbEntity
  8
ABF_Label
347
45
 62
     0
100
AcDbLine
 10
70.18282758620687
 20
23.59572413793103
 30
0.0
 11
72.05717241379307
 21
23.59572413793103
 31
0.0
  0
LINE
  5
7DF
330
170
100
AcDbEntity
  8
ABF_Label
347
45
 62
     0
100
AcDbLine
 10
72.05717241379307
 20
23.59572413793103
 30
0.0
 11
72.05717241379307
 21
21.88779310344827
 31
0.0
  0
LINE
  5
7E0
330
170
100
AcDbEntity
  8
ABF_Label
347
45
 62
     0
100
AcDbLine
 10
82.03324137931035
 20
13.42696551724138
 30
0.0
 11
81.76172413793101
 21
12.17010344827586
 31
0.0
  0
LINE
  5
7E1
330
170
100
AcDbEntity
  8
ABF_Label
347
45
 62
     0
100
AcDbLine
 10
81.76172413793101
 20
12.17010344827586
 30
0.0
 11
81.01724137931033
 21
11.2548275862069
 31
0.0
  0
LINE
  5
7E2
330
170
100
AcDbEntity
  8
ABF_Label
347
45
 62
     0
100
AcDbLine
 10
81.01724137931033
 20
11.2548275862069
 30
0.0
 11
79.7691379310345
 21
10.62858620689655
 31
0.0
  0
LINE
  5
7E3
330
170
100
AcDbEntity
  8
ABF_Label
347
45
 62
     0
100
AcDbLine
 10
79.7691379310345
 20
10.62858620689655
 30
0.0
 11
78.20572413793104
 21
10.46655172413793
 31
0.0
  0
LINE
  5
7E4
330
170
100
AcDbEntity
  8
ABF_Label
347
45
 62
     0
100
AcDbLine
 10
78.20572413793104
 20
10.46655172413793
 30
0.0
 11
74.36068965517242
 21
10.46655172413793
 31
0.0
  0
LINE
  5
7E5
330
170
100
AcDbEntity
  8
ABF_Label
347
45
 62
     0
100
AcDbLine
 10
74.36068965517242
 20
10.46655172413793
 30
0.0
 11
74.36068965517242
 21
20.24993103448276
 31
0.0
  0
LINE
  5
7E6
330
170
100
AcDbEntity
  8
ABF_Label
347
45
 62
     0
100
AcDbLine
 10
74.36068965517242
 20
20.24993103448276
 30
0.0
 11
77.95172413793105
 21
20.24993103448276
 31
0.0
  0
LINE
  5
7E7
330
170
100
AcDbEntity
  8
ABF_Label
347
45
 62
     0
100
AcDbLine
 10
77.95172413793105
 20
20.24993103448276
 30
0.0
 11
79.52827586206897
 21
20.18424137931034
 31
0.0
  0
LINE
  5
7E8
330
170
100
AcDbEntity
  8
ABF_Label
347
45
 62
     0
100
AcDbLine
 10
79.52827586206897
 20
20.18424137931034
 30
0.0
 11
80.51799999999997
 21
19.84703448275862
 31
0.0
  0
LINE
  5
7E9
330
170
100
AcDbEntity
  8
ABF_Label
347
45
 62
     0
100
AcDbLine
 10
80.51799999999997
 20
19.84703448275862
 30
0.0
 11
81.28
 21
19.10255172413792
 31
0.0
  0
LINE
  5
7EA
330
170
100
AcDbEntity
  8
ABF_Label
347
45
 62
     0
100
AcDbLine
 10
81.28
 20
19.10255172413792
 30
0.0
 11
81.52524137931032
 21
17.99896551724138
 31
0.0
  0
LINE
  5
7EB
330
170
100
AcDbEntity
  8
ABF_Label
347
45
 62
     0
100
AcDbLine
 10
81.52524137931032
 20
17.99896551724138
 30
0.0
 11
81.13986206896551
 21
16.74210344827586
 31
0.0
  0
LINE
  5
7EC
330
170
100
AcDbEntity
  8
ABF_Label
347
45
 62
     0
100
AcDbLine
 10
81.13986206896551
 20
16.74210344827586
 30
0.0
 11
80.11510344827586
 21
15.87937931034483
 31
0.0
  0
LINE
  5
7ED
330
170
100
AcDbEntity
  8
ABF_Label
347
45
 62
     0
100
AcDbLine
 10
80.11510344827586
 20
15.87937931034483
 30
0.0
 11
80.15889655172414
 21
15.81806896551724
 31
0.0
  0
LINE
  5
7EE
330
170
100
AcDbEntity
  8
ABF_Label
347
45
 62
     0
100
AcDbLine
 10
80.15889655172414
 20
15.81806896551724
 30
0.0
 11
81.49458620689654
 21
15.00351724137931
 31
0.0
  0
LINE
  5
7EF
330
170
100
AcDbEntity
  8
ABF_Label
347
45
 62
     0
100
AcDbLine
 10
81.49458620689654
 20
15.00351724137931
 30
0.0
 11
82.03324137931035
 21
13.42696551724138
 31
0.0
  0
LINE
  5
7F0
330
170
100
AcDbEntity
  8
ABF_Label
347
45
 62
     0
100
AcDbLine
 10
79.83482758620688
 20
17.74496551724138
 30
0.0
 11
79.72534482758621
 21
18.32303448275862
 31
0.0
  0
LINE
  5
7F1
330
170
100
AcDbEntity
  8
ABF_Label
347
45
 62
     0
100
AcDbLine
 10
79.72534482758621
 20
18.32303448275862
 30
0.0
 11
79.3443448275862
 21
18.70841379310344
 31
0.0
  0
LINE
  5
7F2
330
170
100
AcDbEntity
  8
ABF_Label
347
45
 62
     0
100
AcDbLine
 10
79.3443448275862
 20
18.70841379310344
 30
0.0
 11
78.63927586206897
 21
18.90548275862069
 31
0.0
  0
LINE
  5
7F3
330
170
100
AcDbEntity
  8
ABF_Label
347
45
 62
     0
100
AcDbLine
 10
78.63927586206897
 20
18.90548275862069
 30
0.0
 11
77.55758620689652
 21
18.93613793103448
 31
0.0
  0
LINE
  5
7F4
330
170
100
AcDbEntity
  8
ABF_Label
347
45
 62
     0
100
AcDbLine
 10
77.55758620689652
 20
18.93613793103448
 30
0.0
 11
75.98979310344826
 21
18.93613793103448
 31
0.0
  0
LINE
  5
7F5
330
170
100
AcDbEntity
  8
ABF_Label
347
45
 62
     0
100
AcDbLine
 10
75.98979310344826
 20
18.93613793103448
 30
0.0
 11
75.98979310344826
 21
16.256
 31
0.0
  0
LINE
  5
7F6
330
170
100
AcDbEntity
  8
ABF_Label
347
45
 62
     0
100
AcDbLine
 10
75.98979310344826
 20
16.256
 30
0.0
 11
77.88165517241377
 21
16.256
 31
0.0
  0
LINE
  5
7F7
330
170
100
AcDbEntity
  8
ABF_Label
347
45
 62
     0
100
AcDbLine
 10
77.88165517241377
 20
16.256
 30
0.0
 11
78.74000000000001
 21
16.31293103448276
 31
0.0
  0
LINE
  5
7F8
330
170
100
AcDbEntity
  8
ABF_Label
347
45
 62
     0
100
AcDbLine
 10
78.74000000000001
 20
16.31293103448276
 30
0.0
 11
79.30055172413792
 21
16.55379310344828
 31
0.0
  0
LINE
  5
7F9
330
170
100
AcDbEntity
  8
ABF_Label
347
45
 62
     0
100
AcDbLine
 10
79.30055172413792
 20
16.55379310344828
 30
0.0
 11
79.7122068965517
 21
17.02675862068966
 31
0.0
  0
LINE
  5
7FA
330
170
100
AcDbEntity
  8
ABF_Label
347
45
 62
     0
100
AcDbLine
 10
79.7122068965517
 20
17.02675862068966
 30
0.0
 11
79.83482758620688
 21
17.74496551724138
 31
0.0
  0
LINE
  5
7FB
330
170
100
AcDbEntity
  8
ABF_Label
347
45
 62
     0
100
AcDbLine
 10
80.33406896551725
 20
13.41820689655172
 30
0.0
 11
80.18955172413791
 21
14.21962068965517
 31
0.0
  0
LINE
  5
7FC
330
170
100
AcDbEntity
  8
ABF_Label
347
45
 62
     0
100
AcDbLine
 10
80.18955172413791
 20
14.21962068965517
 30
0.0
 11
79.55455172413795
 21
14.75827586206896
 31
0.0
  0
LINE
  5
7FD
330
170
100
AcDbEntity
  8
ABF_Label
347
45
 62
     0
100
AcDbLine
 10
79.55455172413795
 20
14.75827586206896
 30
0.0
 11
78.8976551724138
 21
14.94220689655172
 31
0.0
  0
LINE
  5
7FE
330
170
100
AcDbEntity
  8
ABF_Label
347
45
 62
     0
100
AcDbLine
 10
78.8976551724138
 20
14.94220689655172
 30
0.0
 11
77.92544827586207
 21
14.97724137931034
 31
0.0
  0
LINE
  5
7FF
330
170
100
AcDbEntity
  8
ABF_Label
347
45
 62
     0
100
AcDbLine
 10
77.92544827586207
 20
14.97724137931034
 30
0.0
 11
75.98979310344826
 21
14.97724137931034
 31
0.0
  0
LINE
  5
800
330
170
100
AcDbEntity
  8
ABF_Label
347
45
 62
     0
100
AcDbLine
 10
75.98979310344826
 20
14.97724137931034
 30
0.0
 11
75.98979310344826
 21
11.78034482758621
 31
0.0
  0
LINE
  5
801
330
170
100
AcDbEntity
  8
ABF_Label
347
45
 62
     0
100
AcDbLine
 10
75.98979310344826
 20
11.78034482758621
 30
0.0
 11
77.41744827586207
 21
11.78034482758621
 31
0.0
  0
LINE
  5
802
330
170
100
AcDbEntity
  8
ABF_Label
347
45
 62
     0
100
AcDbLine
 10
77.41744827586207
 20
11.78034482758621
 30
0.0
 11
78.79255172413792
 21
11.85041379310345
 31
0.0
  0
LINE
  5
803
330
170
100
AcDbEntity
  8
ABF_Label
347
45
 62
     0
100
AcDbLine
 10
78.79255172413792
 20
11.85041379310345
 30
0.0
 11
79.63337931034481
 21
12.13068965517241
 31
0.0
  0
LINE
  5
804
330
170
100
AcDbEntity
  8
ABF_Label
347
45
 62
     0
100
AcDbLine
 10
79.63337931034481
 20
12.13068965517241
 30
0.0
 11
80.16765517241377
 21
12.65620689655172
 31
0.0
  0
LINE
  5
805
330
170
100
AcDbEntity
  8
ABF_Label
347
45
 62
     0
100
AcDbLine
 10
80.16765517241377
 20
12.65620689655172
 30
0.0
 11
80.33406896551725
 21
13.41820689655172
 31
0.0
  0
LINE
  5
806
330
170
100
AcDbEntity
  8
ABF_Label
347
45
 62
     0
100
AcDbLine
 10
85.44910344827584
 20
10.46655172413793
 30
0.0
 11
83.80248275862068
 21
10.46655172413793
 31
0.0
  0
LINE
  5
807
330
170
100
AcDbEntity
  8
ABF_Label
347
45
 62
     0
100
AcDbLine
 10
83.80248275862068
 20
10.46655172413793
 30
0.0
 11
83.80248275862068
 21
20.24993103448276
 31
0.0
  0
LINE
  5
808
330
170
100
AcDbEntity
  8
ABF_Label
347
45
 62
     0
100
AcDbLine
 10
83.80248275862068
 20
20.24993103448276
 30
0.0
 11
85.44910344827584
 21
20.24993103448276
 31
0.0
  0
LINE
  5
809
330
170
100
AcDbEntity
  8
ABF_Label
347
45
 62
     0
100
AcDbLine
 10
85.44910344827584
 20
20.24993103448276
 30
0.0
 11
85.44910344827584
 21
10.46655172413793
 31
0.0
  0
LINE
  5
80A
330
170
100
AcDbEntity
  8
ABF_Label
347
45
 62
     0
100
AcDbLine
 10
85.56296551724138
 20
21.88779310344827
 30
0.0
 11
83.68862068965518
 21
21.88779310344827
 31
0.0
  0
LINE
  5
80B
330
170
100
AcDbEntity
  8
ABF_Label
347
45
 62
     0
100
AcDbLine
 10
83.68862068965518
 20
21.88779310344827
 30
0.0
 11
83.68862068965518
 21
23.59572413793103
 31
0.0
  0
LINE
  5
80C
330
170
100
AcDbEntity
  8
ABF_Label
347
45
 62
     0
100
AcDbLine
 10
83.68862068965518
 20
23.59572413793103
 30
0.0
 11
85.56296551724138
 21
23.59572413793103
 31
0.0
  0
LINE
  5
80D
330
170
100
AcDbEntity
  8
ABF_Label
347
45
 62
     0
100
AcDbLine
 10
85.56296551724138
 20
23.59572413793103
 30
0.0
 11
85.56296551724138
 21
21.88779310344827
 31
0.0
  0
LINE
  5
80E
330
170
100
AcDbEntity
  8
ABF_Label
347
45
 62
     0
100
AcDbLine
 10
11.60898198938372
 20
-10.57317554330826
 30
0.0
 11
13.00575780248643
 21
-13.716
 31
0.0
  0
LINE
  5
80F
330
170
100
AcDbEntity
  8
ABF_Label
347
45
 62
     0
100
AcDbLine
 10
8.945599561691298
 20
-4.580415426254274
 30
0.0
 11
11.60898198938372
 21
-10.57317554330826
 31
0.0
  0
LINE
  5
810
330
170
100
AcDbEntity
  8
ABF_Label
347
45
 62
     0
100
AcDbLine
 10
5.207446859836597
 20
-13.716
 30
0.0
 11
6.493446519136456
 21
-10.57317554330826
 31
0.0
  0
LINE
  5
811
330
170
100
AcDbEntity
  8
ABF_Label
347
45
 62
     0
100
AcDbLine
 10
6.493446519136456
 20
-10.57317554330826
 30
0.0
 11
8.945599561691298
 21
-4.580415426254274
 31
0.0
  0
LINE
  5
812
330
170
100
AcDbEntity
  8
ABF_Label
347
45
 62
     0
100
AcDbLine
 10
6.493446519136456
 20
-10.57317554330826
 30
0.0
 11
11.60898198938372
 21
-10.57317554330826
 31
0.0
  0
LINE
  5
813
330
170
100
AcDbEntity
  8
ABF_Label
347
45
 62
     0
100
AcDbLine
 10
20.286461288929
 20
-6.83563811397553
 30
0.0
 11
19.50937814950947
 21
-5.3839256105423
 31
0.0
  0
LINE
  5
814
330
170
100
AcDbEntity
  8
ABF_Label
347
45
 62
     0
100
AcDbLine
 10
20.0365946364403
 20
-9.902114881038669
 30
0.0
 11
20.74415319204334
 21
-11.59471429800987
 31
0.0
  0
LINE
  5
815
330
170
100
AcDbEntity
  8
ABF_Label
347
45
 62
     0
100
AcDbLine
 10
19.50937814950947
 20
-5.3839256105423
 30
0.0
 11
17.95535781621937
 21
-4.876400266647341
 31
0.0
  0
LINE
  5
816
330
170
100
AcDbEntity
  8
ABF_Label
347
45
 62
     0
100
AcDbLine
 10
14.52975780248645
 20
-4.876400266647341
 30
0.0
 11
17.95535781621937
 21
-4.876400266647341
 31
0.0
  0
LINE
  5
817
330
170
100
AcDbEntity
  8
ABF_Label
347
45
 62
     0
100
AcDbLine
 10
17.95535781621937
 20
-8.97890088415146
 30
0.0
 11
19.55097808122638
 21
-8.251021076202397
 31
0.0
  0
LINE
  5
818
330
170
100
AcDbEntity
  8
ABF_Label
347
45
 62
     0
100
AcDbLine
 10
17.95535781621937
 20
-13.716
 30
0.0
 11
19.75897834539417
 21
-13.35673622018099
 31
0.0
  0
LINE
  5
819
330
170
100
AcDbEntity
  8
ABF_Label
347
45
 62
     0
100
AcDbLine
 10
14.52975780248645
 20
-13.716
 30
0.0
 11
17.95535781621937
 21
-13.716
 31
0.0
  0
LINE
  5
81A
330
170
100
AcDbEntity
  8
ABF_Label
347
45
 62
     0
100
AcDbLine
 10
14.52975780248645
 20
-8.97890088415146
 30
0.0
 11
14.52975780248645
 21
-13.716
 31
0.0
  0
LINE
  5
81B
330
170
100
AcDbEntity
  8
ABF_Label
347
45
 62
     0
100
AcDbLine
 10
14.52975780248645
 20
-8.97890088415146
 30
0.0
 11
17.95535781621937
 21
-8.97890088415146
 31
0.0
  0
LINE
  5
81C
330
170
100
AcDbEntity
  8
ABF_Label
347
45
 62
     0
100
AcDbLine
 10
14.52975780248645
 20
-4.876400266647341
 30
0.0
 11
14.52975780248645
 21
-8.97890088415146
 31
0.0
  0
LINE
  5
81D
330
170
100
AcDbEntity
  8
ABF_Label
347
45
 62
     0
100
AcDbLine
 10
17.95535781621937
 20
-8.97890088415146
 30
0.0
 11
20.0365946364403
 21
-9.902114881038669
 31
0.0
  0
LINE
  5
81E
330
170
100
AcDbEntity
  8
ABF_Label
347
45
 62
     0
100
AcDbLine
 10
20.74415319204334
 20
-11.59471429800987
 30
0.0
 11
19.75897834539417
 21
-13.35673622018099
 31
0.0
  0
LINE
  5
81F
330
170
100
AcDbEntity
  8
ABF_Label
347
45
 62
     0
100
AcDbLine
 10
19.55097808122638
 20
-8.251021076202397
 30
0.0
 11
20.286461288929
 21
-6.83563811397553
 31
0.0
  0
LINE
  5
820
330
170
100
AcDbEntity
  8
ABF_Label
347
45
 62
     0
100
AcDbLine
 10
22.26815319204333
 20
-8.97454341030121
 30
0.0
 11
27.08615307474138
 21
-8.97454341030121
 31
0.0
  0
LINE
  5
821
330
170
100
AcDbEntity
  8
ABF_Label
347
45
 62
     0
100
AcDbLine
 10
22.26815319204333
 20
-4.787599969863896
 30
0.0
 11
22.26815319204333
 21
-8.97454341030121
 31
0.0
  0
LINE
  5
822
330
170
100
AcDbEntity
  8
ABF_Label
347
45
 62
     0
100
AcDbLine
 10
22.26815319204333
 20
-4.787599969863896
 30
0.0
 11
27.81255314016344
 21
-4.787599969863896
 31
0.0
  0
LINE
  5
823
330
170
100
AcDbEntity
  8
ABF_Label
347
45
 62
     0
100
AcDbLine
 10
22.26815319204333
 20
-8.97454341030121
 30
0.0
 11
22.26815319204333
 21
-13.716
 31
0.0
  0
LINE
  5
824
330
170
100
AcDbEntity
  8
ABF_Label
347
45
 62
     0
100
AcDbLine
 10
-66.32903448275862
 20
0.0
 30
0.0
 11
99.34903448275863
 21
0.0
 31
0.0
  0
POLYLINE
  5
825
330
170
100
AcDbEntity
  8
ABF_Label
347
45
 62
     0
100
AcDb3dPolyline
 66
     1
 10
0.0
 20
0.0
 30
0.0
 70
     9
  0
VERTEX
  5
826
330
825
100
AcDbEntity
  8
ABF_Label
 62
     0
100
AcDbVertex
100
AcDb3dPolylineVertex
 10
-66.32903448275862
 20
0.0
 30
0.0
 70
    32
  0
VERTEX
  5
827
330
825
100
AcDbEntity
  8
ABF_Label
 62
     0
100
AcDbVertex
100
AcDb3dPolylineVertex
 10
-91.7290344827586
 20
-25.4
 30
0.0
 70
    32
  0
VERTEX
  5
828
330
825
100
AcDbEntity
  8
ABF_Label
 62
     0
100
AcDbVertex
100
AcDb3dPolylineVertex
 10
-117.1290344827586
 20
0.0
 30
0.0
 70
    32
  0
VERTEX
  5
829
330
825
100
AcDbEntity
  8
ABF_Label
 62
     0
100
AcDbVertex
100
AcDb3dPolylineVertex
 10
-91.7290344827586
 20
25.4
 30
0.0
 70
    32
  0
VERTEX
  5
82A
330
825
100
AcDbEntity
  8
ABF_Label
 62
     0
100
AcDbVertex
100
AcDb3dPolylineVertex
 10
-66.32903448275862
 20
0.0
 30
0.0
 70
    32
  0
SEQEND
  5
82B
330
825
100
AcDbEntity
  8
ABF_Label
347
45
 62
     0
  0
POLYLINE
  5
82C
330
170
100
AcDbEntity
  8
ABF_Label
347
45
 62
     0
100
AcDb3dPolyline
 66
     1
 10
0.0
 20
0.0
 30
0.0
 70
     9
  0
VERTEX
  5
82D
330
82C
100
AcDbEntity
  8
ABF_Label
 62
     0
100
AcDbVertex
100
AcDb3dPolylineVertex
 10
99.34903448275863
 20
17.78
 30
0.0
 70
    32
  0
VERTEX
  5
82E
330
82C
100
AcDbEntity
  8
ABF_Label
 62
     0
100
AcDbVertex
100
AcDb3dPolylineVertex
 10
117.1290344827586
 20
0.0
 30
0.0
 70
    32
  0
VERTEX
  5
82F
330
82C
100
AcDbEntity
  8
ABF_Label
 62
     0
100
AcDbVertex
100
AcDb3dPolylineVertex
 10
99.34903448275863
 20
-17.78
 30
0.0
 70
    32
  0
VERTEX
  5
830
330
82C
100
AcDbEntity
  8
ABF_Label
 62
     0
100
AcDbVertex
100
AcDb3dPolylineVertex
 10
99.34903448275863
 20
17.78
 30
0.0
 70
    32
  0
SEQEND
  5
831
330
82C
100
AcDbEntity
  8
ABF_Label
347
45
 62
     0
  0
ENDBLK
  5
172
330
170
100
AcDbEntity
  8
0
100
AcDbBlockEnd
  0
BLOCK
  5
174
330
173
100
AcDbEntity
  8
0
100
AcDbBlockBegin
  2
Group145#1
 70
     0
 10
0.0
 20
0.0
 30
0.0
  3
Group145#1
  1

  0
LINE
  5
832
330
173
100
AcDbEntity
  8
ABF_Label
347
45
 62
     0
100
AcDbLine
 10
-79.85821456035845
 20
0.4101272360218877
 30
0.0
 11
-82.0138255502867
 21
-4.584951984511479
 31
0.0
  0
LINE
  5
833
330
173
100
AcDbEntity
  8
ABF_Label
347
45
 62
     0
100
AcDbLine
 10
-68.20527789798915
 20
-4.584951984511479
 30
0.0
 11
-70.20987634864986
 21
-10.14339044020573
 31
0.0
  0
LINE
  5
834
330
173
100
AcDbEntity
  8
ABF_Label
347
45
 62
     0
100
AcDbLine
 10
-82.0138255502867
 20
3.837396455711791
 30
0.0
 11
-79.7800422023158
 21
10.4986461643113
 31
0.0
  0
LINE
  5
835
330
173
100
AcDbEntity
  8
ABF_Label
347
45
 62
     0
100
AcDbLine
 10
-70.265478036611
 20
0.953681213564346
 30
0.0
 11
-75.05393932071864
 21
2.883013462066652
 31
0.0
  0
LINE
  5
836
330
173
100
AcDbEntity
  8
ABF_Label
347
45
 62
     0
100
AcDbLine
 10
-79.7800422023158
 20
10.4986461643113
 30
0.0
 11
-75.05393932071864
 21
12.6531324432691
 31
0.0
  0
LINE
  5
837
330
173
100
AcDbEntity
  8
ABF_Label
347
45
 62
     0
100
AcDbLine
 10
-68.20527789798915
 20
-4.584951984511479
 30
0.0
 11
-70.265478036611
 21
0.953681213564346
 31
0.0
  0
LINE
  5
838
330
173
100
AcDbEntity
  8
ABF_Label
347
45
 62
     0
100
AcDbLine
 10
-75.05393932071864
 20
12.6531324432691
 30
0.0
 11
-70.76675128917766
 21
10.96862780634562
 31
0.0
  0
LINE
  5
839
330
173
100
AcDbEntity
  8
ABF_Label
347
45
 62
     0
100
AcDbLine
 10
-70.20987634864986
 20
-10.14339044020573
 30
0.0
 11
-75.05393932071864
 21
-12.446
 31
0.0
  0
LINE
  5
83A
330
173
100
AcDbEntity
  8
ABF_Label
347
45
 62
     0
100
AcDbLine
 10
-75.05393932071864
 20
-12.446
 30
0.0
 11
-80.17639772548483
 21
-10.14339044020573
 31
0.0
  0
LINE
  5
83B
330
173
100
AcDbEntity
  8
ABF_Label
347
45
 62
     0
100
AcDbLine
 10
-75.05393932071864
 20
2.883013462066652
 30
0.0
 11
-79.85821456035845
 21
0.4101272360218877
 31
0.0
  0
LINE
  5
83C
330
173
100
AcDbEntity
  8
ABF_Label
347
45
 62
     0
100
AcDbLine
 10
-82.0138255502867
 20
-4.584951984511479
 30
0.0
 11
-82.0138255502867
 21
3.837396455711791
 31
0.0
  0
LINE
  5
83D
330
173
100
AcDbEntity
  8
ABF_Label
347
45
 62
     0
100
AcDbLine
 10
-80.17639772548483
 20
-10.14339044020573
 30
0.0
 11
-82.0138255502867
 21
-4.584951984511479
 31
0.0
  0
LINE
  5
83E
330
173
100
AcDbEntity
  8
ABF_Label
347
45
 62
     0
100
AcDbLine
 10
-70.76675128917766
 20
10.96862780634562
 30
0.0
 11
-69.04067479604687
 21
8.273815375539993
 31
0.0
  0
LINE
  5
83F
330
173
100
AcDbEntity
  8
ABF_Label
347
45
 62
     0
100
AcDbLine
 10
-26.40286206896551
 20
15.494
 30
0.0
 11
-25.68027586206896
 21
14.55244827586207
 31
0.0
  0
LINE
  5
840
330
173
100
AcDbEntity
  8
ABF_Label
347
45
 62
     0
100
AcDbLine
 10
-25.68027586206896
 20
14.55244827586207
 30
0.0
 11
-25.39562068965517
 21
13.09413793103448
 31
0.0
  0
LINE
  5
841
330
173
100
AcDbEntity
  8
ABF_Label
347
45
 62
     0
100
AcDbLine
 10
-25.39562068965517
 20
13.09413793103448
 30
0.0
 11
-25.74596551724137
 21
11.46941379310345
 31
0.0
  0
LINE
  5
842
330
173
100
AcDbEntity
  8
ABF_Label
347
45
 62
     0
100
AcDbLine
 10
-25.74596551724137
 20
11.46941379310345
 30
0.0
 11
-26.70941379310344
 21
10.16
 31
0.0
  0
LINE
  5
843
330
173
100
AcDbEntity
  8
ABF_Label
347
45
 62
     0
100
AcDbLine
 10
-26.70941379310344
 20
10.16
 30
0.0
 11
-28.26844827586207
 21
9.275379310344826
 31
0.0
  0
LINE
  5
844
330
173
100
AcDbEntity
  8
ABF_Label
347
45
 62
     0
100
AcDbLine
 10
-28.26844827586207
 20
9.275379310344826
 30
0.0
 11
-30.33548275862069
 21
8.968827586206897
 31
0.0
  0
LINE
  5
845
330
173
100
AcDbEntity
  8
ABF_Label
347
45
 62
     0
100
AcDbLine
 10
-30.33548275862069
 20
8.968827586206897
 30
0.0
 11
-32.56893103448276
 21
9.209689655172413
 31
0.0
  0
LINE
  5
846
330
173
100
AcDbEntity
  8
ABF_Label
347
45
 62
     0
100
AcDbLine
 10
-32.56893103448276
 20
9.209689655172413
 30
0.0
 11
-34.19803448275862
 21
9.713310344827589
 31
0.0
  0
LINE
  5
847
330
173
100
AcDbEntity
  8
ABF_Label
347
45
 62
     0
100
AcDbLine
 10
-34.19803448275862
 20
9.713310344827589
 30
0.0
 11
-34.19803448275862
 21
11.65772413793104
 31
0.0
  0
LINE
  5
848
330
173
100
AcDbEntity
  8
ABF_Label
347
45
 62
     0
100
AcDbLine
 10
-34.19803448275862
 20
11.65772413793104
 30
0.0
 11
-34.07541379310344
 21
11.65772413793104
 31
0.0
  0
LINE
  5
849
330
173
100
AcDbEntity
  8
ABF_Label
347
45
 62
     0
100
AcDbLine
 10
-34.07541379310344
 20
11.65772413793104
 30
0.0
 11
-32.37186206896551
 21
10.83879310344827
 31
0.0
  0
LINE
  5
84A
330
173
100
AcDbEntity
  8
ABF_Label
347
45
 62
     0
100
AcDbLine
 10
-32.37186206896551
 20
10.83879310344827
 30
0.0
 11
-30.36175862068965
 21
10.48406896551724
 31
0.0
  0
LINE
  5
84B
330
173
100
AcDbEntity
  8
ABF_Label
347
45
 62
     0
100
AcDbLine
 10
-30.36175862068965
 20
10.48406896551724
 30
0.0
 11
-29.08737931034483
 21
10.65486206896552
 31
0.0
  0
LINE
  5
84C
330
173
100
AcDbEntity
  8
ABF_Label
347
45
 62
     0
100
AcDbLine
 10
-29.08737931034483
 20
10.65486206896552
 30
0.0
 11
-28.02320689655172
 21
11.21103448275862
 31
0.0
  0
LINE
  5
84D
330
173
100
AcDbEntity
  8
ABF_Label
347
45
 62
     0
100
AcDbLine
 10
-28.02320689655172
 20
11.21103448275862
 30
0.0
 11
-27.39258620689654
 21
12.04748275862069
 31
0.0
  0
LINE
  5
84E
330
173
100
AcDbEntity
  8
ABF_Label
347
45
 62
     0
100
AcDbLine
 10
-27.39258620689654
 20
12.04748275862069
 30
0.0
 11
-27.19113793103447
 21
13.18172413793104
 31
0.0
  0
LINE
  5
84F
330
173
100
AcDbEntity
  8
ABF_Label
347
45
 62
     0
100
AcDbLine
 10
-27.19113793103447
 20
13.18172413793104
 30
0.0
 11
-27.43199999999999
 21
14.3028275862069
 31
0.0
  0
LINE
  5
850
330
173
100
AcDbEntity
  8
ABF_Label
347
45
 62
     0
100
AcDbLine
 10
-27.43199999999999
 20
14.3028275862069
 30
0.0
 11
-28.11079310344827
 21
15.03855172413793
 31
0.0
  0
LINE
  5
851
330
173
100
AcDbEntity
  8
ABF_Label
347
45
 62
     0
100
AcDbLine
 10
-28.11079310344827
 20
15.03855172413793
 30
0.0
 11
-29.13993103448275
 21
15.43706896551724
 31
0.0
  0
LINE
  5
852
330
173
100
AcDbEntity
  8
ABF_Label
347
45
 62
     0
100
AcDbLine
 10
-29.13993103448275
 20
15.43706896551724
 30
0.0
 11
-30.42306896551724
 21
15.55531034482759
 31
0.0
  0
LINE
  5
853
330
173
100
AcDbEntity
  8
ABF_Label
347
45
 62
     0
100
AcDbLine
 10
-30.42306896551724
 20
15.55531034482759
 30
0.0
 11
-31.78941379310345
 21
15.55531034482759
 31
0.0
  0
LINE
  5
854
330
173
100
AcDbEntity
  8
ABF_Label
347
45
 62
     0
100
AcDbLine
 10
-31.78941379310345
 20
15.55531034482759
 30
0.0
 11
-31.78941379310345
 21
17.00924137931035
 31
0.0
  0
LINE
  5
855
330
173
100
AcDbEntity
  8
ABF_Label
347
45
 62
     0
100
AcDbLine
 10
-31.78941379310345
 20
17.00924137931035
 30
0.0
 11
-30.59824137931034
 21
17.00924137931035
 31
0.0
  0
LINE
  5
856
330
173
100
AcDbEntity
  8
ABF_Label
347
45
 62
     0
100
AcDbLine
 10
-30.59824137931034
 20
17.00924137931035
 30
0.0
 11
-28.37355172413793
 21
17.56103448275862
 31
0.0
  0
LINE
  5
857
330
173
100
AcDbEntity
  8
ABF_Label
347
45
 62
     0
100
AcDbLine
 10
-28.37355172413793
 20
17.56103448275862
 30
0.0
 11
-27.53272413793103
 21
19.17262068965517
 31
0.0
  0
LINE
  5
858
330
173
100
AcDbEntity
  8
ABF_Label
347
45
 62
     0
100
AcDbLine
 10
-27.53272413793103
 20
19.17262068965517
 30
0.0
 11
-27.73855172413792
 21
20.00031034482758
 31
0.0
  0
LINE
  5
859
330
173
100
AcDbEntity
  8
ABF_Label
347
45
 62
     0
100
AcDbLine
 10
-27.73855172413792
 20
20.00031034482758
 30
0.0
 11
-28.32099999999999
 21
20.56524137931035
 31
0.0
  0
LINE
  5
85A
330
173
100
AcDbEntity
  8
ABF_Label
347
45
 62
     0
100
AcDbLine
 10
-28.32099999999999
 20
20.56524137931035
 30
0.0
 11
-29.18372413793103
 21
20.88493103448276
 31
0.0
  0
LINE
  5
85B
330
173
100
AcDbEntity
  8
ABF_Label
347
45
 62
     0
100
AcDbLine
 10
-29.18372413793103
 20
20.88493103448276
 30
0.0
 11
-30.16906896551723
 21
20.96813793103448
 31
0.0
  0
LINE
  5
85C
330
173
100
AcDbEntity
  8
ABF_Label
347
45
 62
     0
100
AcDbLine
 10
-30.16906896551723
 20
20.96813793103448
 30
0.0
 11
-31.27265517241378
 21
20.84113793103448
 31
0.0
  0
LINE
  5
85D
330
173
100
AcDbEntity
  8
ABF_Label
347
45
 62
     0
100
AcDbLine
 10
-31.27265517241378
 20
20.84113793103448
 30
0.0
 11
-32.29741379310344
 21
20.53020689655173
 31
0.0
  0
LINE
  5
85E
330
173
100
AcDbEntity
  8
ABF_Label
347
45
 62
     0
100
AcDbLine
 10
-32.29741379310344
 20
20.53020689655173
 30
0.0
 11
-33.09444827586206
 21
20.1448275862069
 31
0.0
  0
LINE
  5
85F
330
173
100
AcDbEntity
  8
ABF_Label
347
45
 62
     0
100
AcDbLine
 10
-33.09444827586206
 20
20.1448275862069
 30
0.0
 11
-33.65499999999999
 21
19.812
 31
0.0
  0
LINE
  5
860
330
173
100
AcDbEntity
  8
ABF_Label
347
45
 62
     0
100
AcDbLine
 10
-33.65499999999999
 20
19.812
 30
0.0
 11
-33.76886206896551
 21
19.812
 31
0.0
  0
LINE
  5
861
330
173
100
AcDbEntity
  8
ABF_Label
347
45
 62
     0
100
AcDbLine
 10
-33.76886206896551
 20
19.812
 30
0.0
 11
-33.76886206896551
 21
21.73013793103448
 31
0.0
  0
LINE
  5
862
330
173
100
AcDbEntity
  8
ABF_Label
347
45
 62
     0
100
AcDbLine
 10
-33.76886206896551
 20
21.73013793103448
 30
0.0
 11
-32.14851724137931
 21
22.24689655172413
 31
0.0
  0
LINE
  5
863
330
173
100
AcDbEntity
  8
ABF_Label
347
45
 62
     0
100
AcDbLine
 10
-32.14851724137931
 20
22.24689655172413
 30
0.0
 11
-30.12527586206896
 21
22.48337931034483
 31
0.0
  0
LINE
  5
864
330
173
100
AcDbEntity
  8
ABF_Label
347
45
 62
     0
100
AcDbLine
 10
-30.12527586206896
 20
22.48337931034483
 30
0.0
 11
-28.39106896551723
 21
22.31258620689655
 31
0.0
  0
LINE
  5
865
330
173
100
AcDbEntity
  8
ABF_Label
347
45
 62
     0
100
AcDbLine
 10
-28.39106896551723
 20
22.31258620689655
 30
0.0
 11
-27.05975862068965
 21
21.75641379310345
 31
0.0
  0
LINE
  5
866
330
173
100
AcDbEntity
  8
ABF_Label
347
45
 62
     0
100
AcDbLine
 10
-27.05975862068965
 20
21.75641379310345
 30
0.0
 11
-26.07441379310345
 21
20.74479310344827
 31
0.0
  0
LINE
  5
867
330
173
100
AcDbEntity
  8
ABF_Label
347
45
 62
     0
100
AcDbLine
 10
-26.07441379310345
 20
20.74479310344827
 30
0.0
 11
-25.74596551724137
 21
19.35655172413793
 31
0.0
  0
LINE
  5
868
330
173
100
AcDbEntity
  8
ABF_Label
347
45
 62
     0
100
AcDbLine
 10
-25.74596551724137
 20
19.35655172413793
 30
0.0
 11
-26.45103448275862
 21
17.50848275862069
 31
0.0
  0
LINE
  5
869
330
173
100
AcDbEntity
  8
ABF_Label
347
45
 62
     0
100
AcDbLine
 10
-26.45103448275862
 20
17.50848275862069
 30
0.0
 11
-28.29472413793103
 21
16.47496551724138
 31
0.0
  0
LINE
  5
86A
330
173
100
AcDbEntity
  8
ABF_Label
347
45
 62
     0
100
AcDbLine
 10
-28.29472413793103
 20
16.47496551724138
 30
0.0
 11
-28.29472413793103
 21
16.34358620689655
 31
0.0
  0
LINE
  5
86B
330
173
100
AcDbEntity
  8
ABF_Label
347
45
 62
     0
100
AcDbLine
 10
-28.29472413793103
 20
16.34358620689655
 30
0.0
 11
-27.34441379310344
 21
16.06331034482759
 31
0.0
  0
LINE
  5
86C
330
173
100
AcDbEntity
  8
ABF_Label
347
45
 62
     0
100
AcDbLine
 10
-27.34441379310344
 20
16.06331034482759
 30
0.0
 11
-26.40286206896551
 21
15.494
 31
0.0
  0
LINE
  5
86D
330
173
100
AcDbEntity
  8
ABF_Label
347
45
 62
     0
100
AcDbLine
 10
-18.2573448275862
 20
11.61393103448276
 30
0.0
 11
-18.2573448275862
 21
14.32910344827586
 31
0.0
  0
LINE
  5
86E
330
173
100
AcDbEntity
  8
ABF_Label
347
45
 62
     0
100
AcDbLine
 10
-18.2573448275862
 20
14.32910344827586
 30
0.0
 11
-19.74193103448275
 21
14.18458620689655
 31
0.0
  0
LINE
  5
86F
330
173
100
AcDbEntity
  8
ABF_Label
347
45
 62
     0
100
AcDbLine
 10
-19.74193103448275
 20
14.18458620689655
 30
0.0
 11
-21.19148275862068
 21
13.92620689655172
 31
0.0
  0
LINE
  5
870
330
173
100
AcDbEntity
  8
ABF_Label
347
45
 62
     0
100
AcDbLine
 10
-21.19148275862068
 20
13.92620689655172
 30
0.0
 11
-22.27755172413793
 21
13.30872413793103
 31
0.0
  0
LINE
  5
871
330
173
100
AcDbEntity
  8
ABF_Label
347
45
 62
     0
100
AcDbLine
 10
-22.27755172413793
 20
13.30872413793103
 30
0.0
 11
-22.70672413793103
 21
12.14820689655172
 31
0.0
  0
LINE
  5
872
330
173
100
AcDbEntity
  8
ABF_Label
347
45
 62
     0
100
AcDbLine
 10
-22.70672413793103
 20
12.14820689655172
 30
0.0
 11
-22.23375862068965
 21
10.87820689655172
 31
0.0
  0
LINE
  5
873
330
173
100
AcDbEntity
  8
ABF_Label
347
45
 62
     0
100
AcDbLine
 10
-22.23375862068965
 20
10.87820689655172
 30
0.0
 11
-20.84989655172414
 21
10.44903448275862
 31
0.0
  0
LINE
  5
874
330
173
100
AcDbEntity
  8
ABF_Label
347
45
 62
     0
100
AcDbLine
 10
-20.84989655172414
 20
10.44903448275862
 30
0.0
 11
-19.43975862068966
 21
10.78624137931034
 31
0.0
  0
LINE
  5
875
330
173
100
AcDbEntity
  8
ABF_Label
347
45
 62
     0
100
AcDbLine
 10
-19.43975862068966
 20
10.78624137931034
 30
0.0
 11
-18.2573448275862
 21
11.61393103448276
 31
0.0
  0
LINE
  5
876
330
173
100
AcDbEntity
  8
ABF_Label
347
45
 62
     0
100
AcDbLine
 10
-18.2573448275862
 20
10.24758620689655
 30
0.0
 11
-18.79599999999999
 21
9.831551724137933
 31
0.0
  0
LINE
  5
877
330
173
100
AcDbEntity
  8
ABF_Label
347
45
 62
     0
100
AcDbLine
 10
-18.79599999999999
 20
9.831551724137933
 30
0.0
 11
-19.44851724137931
 21
9.406758620689654
 31
0.0
  0
LINE
  5
878
330
173
100
AcDbEntity
  8
ABF_Label
347
45
 62
     0
100
AcDbLine
 10
-19.44851724137931
 20
9.406758620689654
 30
0.0
 11
-20.29372413793103
 21
9.056413793103447
 31
0.0
  0
LINE
  5
879
330
173
100
AcDbEntity
  8
ABF_Label
347
45
 62
     0
100
AcDbLine
 10
-20.29372413793103
 20
9.056413793103447
 30
0.0
 11
-21.43672413793103
 21
8.933793103448277
 31
0.0
  0
LINE
  5
87A
330
173
100
AcDbEntity
  8
ABF_Label
347
45
 62
     0
100
AcDbLine
 10
-21.43672413793103
 20
8.933793103448277
 30
0.0
 11
-22.58410344827586
 21
9.161517241379313
 31
0.0
  0
LINE
  5
87B
330
173
100
AcDbEntity
  8
ABF_Label
347
45
 62
     0
100
AcDbLine
 10
-22.58410344827586
 20
9.161517241379313
 30
0.0
 11
-23.53879310344827
 21
9.800896551724136
 31
0.0
  0
LINE
  5
87C
330
173
100
AcDbEntity
  8
ABF_Label
347
45
 62
     0
100
AcDbLine
 10
-23.53879310344827
 20
9.800896551724136
 30
0.0
 11
-24.16941379310344
 21
10.795
 31
0.0
  0
LINE
  5
87D
330
173
100
AcDbEntity
  8
ABF_Label
347
45
 62
     0
100
AcDbLine
 10
-24.16941379310344
 20
10.795
 30
0.0
 11
-24.40589655172413
 21
12.04310344827586
 31
0.0
  0
LINE
  5
87E
330
173
100
AcDbEntity
  8
ABF_Label
347
45
 62
     0
100
AcDbLine
 10
-24.40589655172413
 20
12.04310344827586
 30
0.0
 11
-23.97672413793103
 21
13.77293103448276
 31
0.0
  0
LINE
  5
87F
330
173
100
AcDbEntity
  8
ABF_Label
347
45
 62
     0
100
AcDbLine
 10
-23.97672413793103
 20
13.77293103448276
 30
0.0
 11
-22.61913793103448
 21
14.90717241379311
 31
0.0
  0
LINE
  5
880
330
173
100
AcDbEntity
  8
ABF_Label
347
45
 62
     0
100
AcDbLine
 10
-22.61913793103448
 20
14.90717241379311
 30
0.0
 11
-20.67472413793103
 21
15.42831034482758
 31
0.0
  0
LINE
  5
881
330
173
100
AcDbEntity
  8
ABF_Label
347
45
 62
     0
100
AcDbLine
 10
-20.67472413793103
 20
15.42831034482758
 30
0.0
 11
-18.2573448275862
 21
15.64289655172414
 31
0.0
  0
LINE
  5
882
330
173
100
AcDbEntity
  8
ABF_Label
347
45
 62
     0
100
AcDbLine
 10
-18.2573448275862
 20
15.64289655172414
 30
0.0
 11
-18.2573448275862
 21
15.95820689655172
 31
0.0
  0
LINE
  5
883
330
173
100
AcDbEntity
  8
ABF_Label
347
45
 62
     0
100
AcDbLine
 10
-18.2573448275862
 20
15.95820689655172
 30
0.0
 11
-18.4325172413793
 21
16.891
 31
0.0
  0
LINE
  5
884
330
173
100
AcDbEntity
  8
ABF_Label
347
45
 62
     0
100
AcDbLine
 10
-18.4325172413793
 20
16.891
 30
0.0
 11
-18.92299999999999
 21
17.43841379310345
 31
0.0
  0
LINE
  5
885
330
173
100
AcDbEntity
  8
ABF_Label
347
45
 62
     0
100
AcDbLine
 10
-18.92299999999999
 20
17.43841379310345
 30
0.0
 11
-19.69375862068965
 21
17.70555172413793
 31
0.0
  0
LINE
  5
886
330
173
100
AcDbEntity
  8
ABF_Label
347
45
 62
     0
100
AcDbLine
 10
-19.69375862068965
 20
17.70555172413793
 30
0.0
 11
-20.63093103448275
 21
17.77124137931035
 31
0.0
  0
LINE
  5
887
330
173
100
AcDbEntity
  8
ABF_Label
347
45
 62
     0
100
AcDbLine
 10
-20.63093103448275
 20
17.77124137931035
 30
0.0
 11
-21.97099999999999
 21
17.60044827586207
 31
0.0
  0
LINE
  5
888
330
173
100
AcDbEntity
  8
ABF_Label
347
45
 62
     0
100
AcDbLine
 10
-21.97099999999999
 20
17.60044827586207
 30
0.0
 11
-23.51251724137931
 21
17.10558620689655
 31
0.0
  0
LINE
  5
889
330
173
100
AcDbEntity
  8
ABF_Label
347
45
 62
     0
100
AcDbLine
 10
-23.51251724137931
 20
17.10558620689655
 30
0.0
 11
-23.60886206896551
 21
17.10558620689655
 31
0.0
  0
LINE
  5
88A
330
173
100
AcDbEntity
  8
ABF_Label
347
45
 62
     0
100
AcDbLine
 10
-23.60886206896551
 20
17.10558620689655
 30
0.0
 11
-23.60886206896551
 21
18.77848275862069
 31
0.0
  0
LINE
  5
88B
330
173
100
AcDbEntity
  8
ABF_Label
347
45
 62
     0
100
AcDbLine
 10
-23.60886206896551
 20
18.77848275862069
 30
0.0
 11
-22.3038275862069
 21
19.06751724137931
 31
0.0
  0
LINE
  5
88C
330
173
100
AcDbEntity
  8
ABF_Label
347
45
 62
     0
100
AcDbLine
 10
-22.3038275862069
 20
19.06751724137931
 30
0.0
 11
-20.6221724137931
 21
19.2251724137931
 31
0.0
  0
LINE
  5
88D
330
173
100
AcDbEntity
  8
ABF_Label
347
45
 62
     0
100
AcDbLine
 10
-20.6221724137931
 20
19.2251724137931
 30
0.0
 11
-18.92299999999999
 21
19.06751724137931
 31
0.0
  0
LINE
  5
88E
330
173
100
AcDbEntity
  8
ABF_Label
347
45
 62
     0
100
AcDbLine
 10
-18.92299999999999
 20
19.06751724137931
 30
0.0
 11
-17.67927586206896
 21
18.49820689655173
 31
0.0
  0
LINE
  5
88F
330
173
100
AcDbEntity
  8
ABF_Label
347
45
 62
     0
100
AcDbLine
 10
-17.67927586206896
 20
18.49820689655173
 30
0.0
 11
-16.88224137931034
 21
17.45593103448276
 31
0.0
  0
LINE
  5
890
330
173
100
AcDbEntity
  8
ABF_Label
347
45
 62
     0
100
AcDbLine
 10
-16.88224137931034
 20
17.45593103448276
 30
0.0
 11
-16.61948275862069
 21
15.89689655172414
 31
0.0
  0
LINE
  5
891
330
173
100
AcDbEntity
  8
ABF_Label
347
45
 62
     0
100
AcDbLine
 10
-16.61948275862069
 20
15.89689655172414
 30
0.0
 11
-16.61948275862069
 21
9.205310344827588
 31
0.0
  0
LINE
  5
892
330
173
100
AcDbEntity
  8
ABF_Label
347
45
 62
     0
100
AcDbLine
 10
-16.61948275862069
 20
9.205310344827588
 30
0.0
 11
-18.2573448275862
 21
9.205310344827588
 31
0.0
  0
LINE
  5
893
330
173
100
AcDbEntity
  8
ABF_Label
347
45
 62
     0
100
AcDbLine
 10
-18.2573448275862
 20
9.205310344827588
 30
0.0
 11
-18.2573448275862
 21
10.24758620689655
 31
0.0
  0
LINE
  5
894
330
173
100
AcDbEntity
  8
ABF_Label
347
45
 62
     0
100
AcDbLine
 10
-5.916448275862058
 20
6.858
 30
0.0
 11
-7.449206896551723
 21
6.858
 31
0.0
  0
LINE
  5
895
330
173
100
AcDbEntity
  8
ABF_Label
347
45
 62
     0
100
AcDbLine
 10
-7.449206896551723
 20
6.858
 30
0.0
 11
-7.449206896551723
 21
9.231586206896552
 31
0.0
  0
LINE
  5
896
330
173
100
AcDbEntity
  8
ABF_Label
347
45
 62
     0
100
AcDbLine
 10
-7.449206896551723
 20
9.231586206896552
 30
0.0
 11
-13.89555172413792
 21
9.231586206896552
 31
0.0
  0
LINE
  5
897
330
173
100
AcDbEntity
  8
ABF_Label
347
45
 62
     0
100
AcDbLine
 10
-13.89555172413792
 20
9.231586206896552
 30
0.0
 11
-13.89555172413792
 21
6.858
 31
0.0
  0
LINE
  5
898
330
173
100
AcDbEntity
  8
ABF_Label
347
45
 62
     0
100
AcDbLine
 10
-13.89555172413792
 20
6.858
 30
0.0
 11
-15.42831034482758
 21
6.858
 31
0.0
  0
LINE
  5
899
330
173
100
AcDbEntity
  8
ABF_Label
347
45
 62
     0
100
AcDbLine
 10
-15.42831034482758
 20
6.858
 30
0.0
 11
-15.42831034482758
 21
10.60668965517241
 31
0.0
  0
LINE
  5
89A
330
173
100
AcDbEntity
  8
ABF_Label
347
45
 62
     0
100
AcDbLine
 10
-15.42831034482758
 20
10.60668965517241
 30
0.0
 11
-14.7801724137931
 21
10.60668965517241
 31
0.0
  0
LINE
  5
89B
330
173
100
AcDbEntity
  8
ABF_Label
347
45
 62
     0
100
AcDbLine
 10
-14.7801724137931
 20
10.60668965517241
 30
0.0
 11
-13.41820689655172
 21
14.17582758620689
 31
0.0
  0
LINE
  5
89C
330
173
100
AcDbEntity
  8
ABF_Label
347
45
 62
     0
100
AcDbLine
 10
-13.41820689655172
 20
14.17582758620689
 30
0.0
 11
-12.88831034482759
 21
18.98868965517241
 31
0.0
  0
LINE
  5
89D
330
173
100
AcDbEntity
  8
ABF_Label
347
45
 62
     0
100
AcDbLine
 10
-12.88831034482759
 20
18.98868965517241
 30
0.0
 11
-6.888655172413795
 21
18.98868965517241
 31
0.0
  0
LINE
  5
89E
330
173
100
AcDbEntity
  8
ABF_Label
347
45
 62
     0
100
AcDbLine
 10
-6.888655172413795
 20
18.98868965517241
 30
0.0
 11
-6.888655172413795
 21
10.60668965517241
 31
0.0
  0
LINE
  5
89F
330
173
100
AcDbEntity
  8
ABF_Label
347
45
 62
     0
100
AcDbLine
 10
-6.888655172413795
 20
10.60668965517241
 30
0.0
 11
-5.916448275862058
 21
10.60668965517241
 31
0.0
  0
LINE
  5
8A0
330
173
100
AcDbEntity
  8
ABF_Label
347
45
 62
     0
100
AcDbLine
 10
-5.916448275862058
 20
10.60668965517241
 30
0.0
 11
-5.916448275862058
 21
6.858
 31
0.0
  0
LINE
  5
8A1
330
173
100
AcDbEntity
  8
ABF_Label
347
45
 62
     0
100
AcDbLine
 10
-8.535275862068968
 20
10.60668965517241
 30
0.0
 11
-8.535275862068968
 21
17.60482758620689
 31
0.0
  0
LINE
  5
8A2
330
173
100
AcDbEntity
  8
ABF_Label
347
45
 62
     0
100
AcDbLine
 10
-8.535275862068968
 20
17.60482758620689
 30
0.0
 11
-11.33803448275862
 21
17.60482758620689
 31
0.0
  0
LINE
  5
8A3
330
173
100
AcDbEntity
  8
ABF_Label
347
45
 62
     0
100
AcDbLine
 10
-11.33803448275862
 20
17.60482758620689
 30
0.0
 11
-11.93799999999999
 21
13.60651724137931
 31
0.0
  0
LINE
  5
8A4
330
173
100
AcDbEntity
  8
ABF_Label
347
45
 62
     0
100
AcDbLine
 10
-11.93799999999999
 20
13.60651724137931
 30
0.0
 11
-13.1598275862069
 21
10.60668965517241
 31
0.0
  0
LINE
  5
8A5
330
173
100
AcDbEntity
  8
ABF_Label
347
45
 62
     0
100
AcDbLine
 10
-13.1598275862069
 20
10.60668965517241
 30
0.0
 11
-8.535275862068968
 21
10.60668965517241
 31
0.0
  0
LINE
  5
8A6
330
173
100
AcDbEntity
  8
ABF_Label
347
45
 62
     0
100
AcDbLine
 10
3.429000000000006
 20
9.205310344827588
 30
0.0
 11
1.782379310344834
 21
9.205310344827588
 31
0.0
  0
LINE
  5
8A7
330
173
100
AcDbEntity
  8
ABF_Label
347
45
 62
     0
100
AcDbLine
 10
1.782379310344834
 20
9.205310344827588
 30
0.0
 11
1.782379310344834
 21
13.61089655172414
 31
0.0
  0
LINE
  5
8A8
330
173
100
AcDbEntity
  8
ABF_Label
347
45
 62
     0
100
AcDbLine
 10
1.782379310344834
 20
13.61089655172414
 30
0.0
 11
-2.649482758620694
 21
13.61089655172414
 31
0.0
  0
LINE
  5
8A9
330
173
100
AcDbEntity
  8
ABF_Label
347
45
 62
     0
100
AcDbLine
 10
-2.649482758620694
 20
13.61089655172414
 30
0.0
 11
-2.649482758620694
 21
9.205310344827588
 31
0.0
  0
LINE
  5
8AA
330
173
100
AcDbEntity
  8
ABF_Label
347
45
 62
     0
100
AcDbLine
 10
-2.649482758620694
 20
9.205310344827588
 30
0.0
 11
-4.296103448275867
 21
9.205310344827588
 31
0.0
  0
LINE
  5
8AB
330
173
100
AcDbEntity
  8
ABF_Label
347
45
 62
     0
100
AcDbLine
 10
-4.296103448275867
 20
9.205310344827588
 30
0.0
 11
-4.296103448275867
 21
18.98868965517241
 31
0.0
  0
LINE
  5
8AC
330
173
100
AcDbEntity
  8
ABF_Label
347
45
 62
     0
100
AcDbLine
 10
-4.296103448275867
 20
18.98868965517241
 30
0.0
 11
-2.649482758620694
 21
18.98868965517241
 31
0.0
  0
LINE
  5
8AD
330
173
100
AcDbEntity
  8
ABF_Label
347
45
 62
     0
100
AcDbLine
 10
-2.649482758620694
 20
18.98868965517241
 30
0.0
 11
-2.649482758620694
 21
15.02979310344828
 31
0.0
  0
LINE
  5
8AE
330
173
100
AcDbEntity
  8
ABF_Label
347
45
 62
     0
100
AcDbLine
 10
-2.649482758620694
 20
15.02979310344828
 30
0.0
 11
1.782379310344834
 21
15.02979310344828
 31
0.0
  0
LINE
  5
8AF
330
173
100
AcDbEntity
  8
ABF_Label
347
45
 62
     0
100
AcDbLine
 10
1.782379310344834
 20
15.02979310344828
 30
0.0
 11
1.782379310344834
 21
18.98868965517241
 31
0.0
  0
LINE
  5
8B0
330
173
100
AcDbEntity
  8
ABF_Label
347
45
 62
     0
100
AcDbLine
 10
1.782379310344834
 20
18.98868965517241
 30
0.0
 11
3.429000000000006
 21
18.98868965517241
 31
0.0
  0
LINE
  5
8B1
330
173
100
AcDbEntity
  8
ABF_Label
347
45
 62
     0
100
AcDbLine
 10
3.429000000000006
 20
18.98868965517241
 30
0.0
 11
3.429000000000006
 21
9.205310344827588
 31
0.0
  0
LINE
  5
8B2
330
173
100
AcDbEntity
  8
ABF_Label
347
45
 62
     0
100
AcDbLine
 10
12.8883103448276
 20
9.205310344827588
 30
0.0
 11
11.2416896551724
 21
9.205310344827588
 31
0.0
  0
LINE
  5
8B3
330
173
100
AcDbEntity
  8
ABF_Label
347
45
 62
     0
100
AcDbLine
 10
11.2416896551724
 20
9.205310344827588
 30
0.0
 11
11.2416896551724
 21
13.08537931034483
 31
0.0
  0
LINE
  5
8B4
330
173
100
AcDbEntity
  8
ABF_Label
347
45
 62
     0
100
AcDbLine
 10
11.2416896551724
 20
13.08537931034483
 30
0.0
 11
9.61258620689656
 21
13.08537931034483
 31
0.0
  0
LINE
  5
8B5
330
173
100
AcDbEntity
  8
ABF_Label
347
45
 62
     0
100
AcDbLine
 10
9.61258620689656
 20
13.08537931034483
 30
0.0
 11
6.713482758620698
 21
9.205310344827588
 31
0.0
  0
LINE
  5
8B6
330
173
100
AcDbEntity
  8
ABF_Label
347
45
 62
     0
100
AcDbLine
 10
6.713482758620698
 20
9.205310344827588
 30
0.0
 11
4.795344827586203
 21
9.205310344827588
 31
0.0
  0
LINE
  5
8B7
330
173
100
AcDbEntity
  8
ABF_Label
347
45
 62
     0
100
AcDbLine
 10
4.795344827586203
 20
9.205310344827588
 30
0.0
 11
7.939689655172407
 21
13.23427586206896
 31
0.0
  0
LINE
  5
8B8
330
173
100
AcDbEntity
  8
ABF_Label
347
45
 62
     0
100
AcDbLine
 10
7.939689655172407
 20
13.23427586206896
 30
0.0
 11
6.157310344827585
 21
14.3028275862069
 31
0.0
  0
LINE
  5
8B9
330
173
100
AcDbEntity
  8
ABF_Label
347
45
 62
     0
100
AcDbLine
 10
6.157310344827585
 20
14.3028275862069
 30
0.0
 11
5.592379310344842
 21
16.20344827586207
 31
0.0
  0
LINE
  5
8BA
330
173
100
AcDbEntity
  8
ABF_Label
347
45
 62
     0
100
AcDbLine
 10
5.592379310344842
 20
16.20344827586207
 30
0.0
 11
5.912068965517243
 21
17.4778275862069
 31
0.0
  0
LINE
  5
8BB
330
173
100
AcDbEntity
  8
ABF_Label
347
45
 62
     0
100
AcDbLine
 10
5.912068965517243
 20
17.4778275862069
 30
0.0
 11
6.774793103448289
 21
18.40186206896552
 31
0.0
  0
LINE
  5
8BC
330
173
100
AcDbEntity
  8
ABF_Label
347
45
 62
     0
100
AcDbLine
 10
6.774793103448289
 20
18.40186206896552
 30
0.0
 11
7.878379310344839
 21
18.84417241379311
 31
0.0
  0
LINE
  5
8BD
330
173
100
AcDbEntity
  8
ABF_Label
347
45
 62
     0
100
AcDbLine
 10
7.878379310344839
 20
18.84417241379311
 30
0.0
 11
9.367344827586217
 21
18.98868965517241
 31
0.0
  0
LINE
  5
8BE
330
173
100
AcDbEntity
  8
ABF_Label
347
45
 62
     0
100
AcDbLine
 10
9.367344827586217
 20
18.98868965517241
 30
0.0
 11
12.8883103448276
 21
18.98868965517241
 31
0.0
  0
LINE
  5
8BF
330
173
100
AcDbEntity
  8
ABF_Label
347
45
 62
     0
100
AcDbLine
 10
12.8883103448276
 20
18.98868965517241
 30
0.0
 11
12.8883103448276
 21
9.205310344827588
 31
0.0
  0
LINE
  5
8C0
330
173
100
AcDbEntity
  8
ABF_Label
347
45
 62
     0
100
AcDbLine
 10
11.2416896551724
 20
14.38165517241379
 30
0.0
 11
11.2416896551724
 21
17.67489655172414
 31
0.0
  0
LINE
  5
8C1
330
173
100
AcDbEntity
  8
ABF_Label
347
45
 62
     0
100
AcDbLine
 10
11.2416896551724
 20
17.67489655172414
 30
0.0
 11
9.454931034482767
 21
17.67489655172414
 31
0.0
  0
LINE
  5
8C2
330
173
100
AcDbEntity
  8
ABF_Label
347
45
 62
     0
100
AcDbLine
 10
9.454931034482767
 20
17.67489655172414
 30
0.0
 11
8.557172413793111
 21
17.61358620689655
 31
0.0
  0
LINE
  5
8C3
330
173
100
AcDbEntity
  8
ABF_Label
347
45
 62
     0
100
AcDbLine
 10
8.557172413793111
 20
17.61358620689655
 30
0.0
 11
7.922172413793102
 21
17.37710344827586
 31
0.0
  0
LINE
  5
8C4
330
173
100
AcDbEntity
  8
ABF_Label
347
45
 62
     0
100
AcDbLine
 10
7.922172413793102
 20
17.37710344827586
 30
0.0
 11
7.444827586206908
 21
16.85596551724138
 31
0.0
  0
LINE
  5
8C5
330
173
100
AcDbEntity
  8
ABF_Label
347
45
 62
     0
100
AcDbLine
 10
7.444827586206908
 20
16.85596551724138
 30
0.0
 11
7.282793103448277
 21
16.15089655172414
 31
0.0
  0
LINE
  5
8C6
330
173
100
AcDbEntity
  8
ABF_Label
347
45
 62
     0
100
AcDbLine
 10
7.282793103448277
 20
16.15089655172414
 30
0.0
 11
7.39227586206897
 21
15.367
 31
0.0
  0
LINE
  5
8C7
330
173
100
AcDbEntity
  8
ABF_Label
347
45
 62
     0
100
AcDbLine
 10
7.39227586206897
 20
15.367
 30
0.0
 11
7.790793103448267
 21
14.8108275862069
 31
0.0
  0
LINE
  5
8C8
330
173
100
AcDbEntity
  8
ABF_Label
347
45
 62
     0
100
AcDbLine
 10
7.790793103448267
 20
14.8108275862069
 30
0.0
 11
8.539655172413783
 21
14.46486206896552
 31
0.0
  0
LINE
  5
8C9
330
173
100
AcDbEntity
  8
ABF_Label
347
45
 62
     0
100
AcDbLine
 10
8.539655172413783
 20
14.46486206896552
 30
0.0
 11
9.507482758620682
 21
14.38165517241379
 31
0.0
  0
LINE
  5
8CA
330
173
100
AcDbEntity
  8
ABF_Label
347
45
 62
     0
100
AcDbLine
 10
9.507482758620682
 20
14.38165517241379
 30
0.0
 11
11.2416896551724
 21
14.38165517241379
 31
0.0
  0
LINE
  5
8CB
330
173
100
AcDbEntity
  8
ABF_Label
347
45
 62
     0
100
AcDbLine
 10
24.765
 20
8.986344827586208
 30
0.0
 11
22.91693103448275
 21
9.297275862068963
 31
0.0
  0
LINE
  5
8CC
330
173
100
AcDbEntity
  8
ABF_Label
347
45
 62
     0
100
AcDbLine
 10
22.91693103448275
 20
9.297275862068963
 30
0.0
 11
21.47175862068966
 21
10.23882758620689
 31
0.0
  0
LINE
  5
8CD
330
173
100
AcDbEntity
  8
ABF_Label
347
45
 62
     0
100
AcDbLine
 10
21.47175862068966
 20
10.23882758620689
 30
0.0
 11
20.53458620689655
 21
11.82851724137931
 31
0.0
  0
LINE
  5
8CE
330
173
100
AcDbEntity
  8
ABF_Label
347
45
 62
     0
100
AcDbLine
 10
20.53458620689655
 20
11.82851724137931
 30
0.0
 11
20.20175862068966
 21
14.08386206896552
 31
0.0
  0
LINE
  5
8CF
330
173
100
AcDbEntity
  8
ABF_Label
347
45
 62
     0
100
AcDbLine
 10
20.20175862068966
 20
14.08386206896552
 30
0.0
 11
20.54772413793102
 21
16.30855172413793
 31
0.0
  0
LINE
  5
8D0
330
173
100
AcDbEntity
  8
ABF_Label
347
45
 62
     0
100
AcDbLine
 10
20.54772413793102
 20
16.30855172413793
 30
0.0
 11
21.47175862068966
 21
17.88510344827586
 31
0.0
  0
LINE
  5
8D1
330
173
100
AcDbEntity
  8
ABF_Label
347
45
 62
     0
100
AcDbLine
 10
21.47175862068966
 20
17.88510344827586
 30
0.0
 11
22.91255172413791
 21
18.87044827586207
 31
0.0
  0
LINE
  5
8D2
330
173
100
AcDbEntity
  8
ABF_Label
347
45
 62
     0
100
AcDbLine
 10
22.91255172413791
 20
18.87044827586207
 30
0.0
 11
24.765
 21
19.21641379310345
 31
0.0
  0
LINE
  5
8D3
330
173
100
AcDbEntity
  8
ABF_Label
347
45
 62
     0
100
AcDbLine
 10
24.765
 20
19.21641379310345
 30
0.0
 11
26.31965517241381
 21
18.98868965517241
 31
0.0
  0
LINE
  5
8D4
330
173
100
AcDbEntity
  8
ABF_Label
347
45
 62
     0
100
AcDbLine
 10
26.31965517241381
 20
18.98868965517241
 30
0.0
 11
27.65534482758621
 21
18.4631724137931
 31
0.0
  0
LINE
  5
8D5
330
173
100
AcDbEntity
  8
ABF_Label
347
45
 62
     0
100
AcDbLine
 10
27.65534482758621
 20
18.4631724137931
 30
0.0
 11
27.65534482758621
 21
16.61510344827586
 31
0.0
  0
LINE
  5
8D6
330
173
100
AcDbEntity
  8
ABF_Label
347
45
 62
     0
100
AcDbLine
 10
27.65534482758621
 20
16.61510344827586
 30
0.0
 11
27.55900000000001
 21
16.61510344827586
 31
0.0
  0
LINE
  5
8D7
330
173
100
AcDbEntity
  8
ABF_Label
347
45
 62
     0
100
AcDbLine
 10
27.55900000000001
 20
16.61510344827586
 30
0.0
 11
27.10793103448277
 21
16.95668965517241
 31
0.0
  0
LINE
  5
8D8
330
173
100
AcDbEntity
  8
ABF_Label
347
45
 62
     0
100
AcDbLine
 10
27.10793103448277
 20
16.95668965517241
 30
0.0
 11
26.43789655172415
 21
17.35082758620689
 31
0.0
  0
LINE
  5
8D9
330
173
100
AcDbEntity
  8
ABF_Label
347
45
 62
     0
100
AcDbLine
 10
26.43789655172415
 20
17.35082758620689
 30
0.0
 11
25.63210344827586
 21
17.65737931034483
 31
0.0
  0
LINE
  5
8DA
330
173
100
AcDbEntity
  8
ABF_Label
347
45
 62
     0
100
AcDbLine
 10
25.63210344827586
 20
17.65737931034483
 30
0.0
 11
24.73872413793104
 21
17.78875862068966
 31
0.0
  0
LINE
  5
8DB
330
173
100
AcDbEntity
  8
ABF_Label
347
45
 62
     0
100
AcDbLine
 10
24.73872413793104
 20
17.78875862068966
 30
0.0
 11
22.6848275862069
 21
16.82093103448276
 31
0.0
  0
LINE
  5
8DC
330
173
100
AcDbEntity
  8
ABF_Label
347
45
 62
     0
100
AcDbLine
 10
22.6848275862069
 20
16.82093103448276
 30
0.0
 11
21.9096896551724
 21
14.08386206896552
 31
0.0
  0
LINE
  5
8DD
330
173
100
AcDbEntity
  8
ABF_Label
347
45
 62
     0
100
AcDbLine
 10
21.9096896551724
 20
14.08386206896552
 30
0.0
 11
22.65855172413792
 21
11.3818275862069
 31
0.0
  0
LINE
  5
8DE
330
173
100
AcDbEntity
  8
ABF_Label
347
45
 62
     0
100
AcDbLine
 10
22.65855172413792
 20
11.3818275862069
 30
0.0
 11
24.73872413793104
 21
10.414
 31
0.0
  0
LINE
  5
8DF
330
173
100
AcDbEntity
  8
ABF_Label
347
45
 62
     0
100
AcDbLine
 10
24.73872413793104
 20
10.414
 30
0.0
 11
26.27148275862069
 21
10.74682758620689
 31
0.0
  0
LINE
  5
8E0
330
173
100
AcDbEntity
  8
ABF_Label
347
45
 62
     0
100
AcDbLine
 10
26.27148275862069
 20
10.74682758620689
 30
0.0
 11
27.55900000000001
 21
11.6051724137931
 31
0.0
  0
LINE
  5
8E1
330
173
100
AcDbEntity
  8
ABF_Label
347
45
 62
     0
100
AcDbLine
 10
27.55900000000001
 20
11.6051724137931
 30
0.0
 11
27.65534482758621
 21
11.6051724137931
 31
0.0
  0
LINE
  5
8E2
330
173
100
AcDbEntity
  8
ABF_Label
347
45
 62
     0
100
AcDbLine
 10
27.65534482758621
 20
11.6051724137931
 30
0.0
 11
27.65534482758621
 21
9.757103448275862
 31
0.0
  0
LINE
  5
8E3
330
173
100
AcDbEntity
  8
ABF_Label
347
45
 62
     0
100
AcDbLine
 10
27.65534482758621
 20
9.757103448275862
 30
0.0
 11
27.04224137931034
 21
9.481206896551726
 31
0.0
  0
LINE
  5
8E4
330
173
100
AcDbEntity
  8
ABF_Label
347
45
 62
     0
100
AcDbLine
 10
27.04224137931034
 20
9.481206896551726
 30
0.0
 11
26.37658620689656
 21
9.24034482758621
 31
0.0
  0
LINE
  5
8E5
330
173
100
AcDbEntity
  8
ABF_Label
347
45
 62
     0
100
AcDbLine
 10
26.37658620689656
 20
9.24034482758621
 30
0.0
 11
25.62334482758621
 21
9.052034482758621
 31
0.0
  0
LINE
  5
8E6
330
173
100
AcDbEntity
  8
ABF_Label
347
45
 62
     0
100
AcDbLine
 10
25.62334482758621
 20
9.052034482758621
 30
0.0
 11
24.765
 21
8.986344827586208
 31
0.0
  0
LINE
  5
8E7
330
173
100
AcDbEntity
  8
ABF_Label
347
45
 62
     0
100
AcDbLine
 10
36.30010344827586
 20
17.54351724137931
 30
0.0
 11
32.97182758620689
 21
17.54351724137931
 31
0.0
  0
LINE
  5
8E8
330
173
100
AcDbEntity
  8
ABF_Label
347
45
 62
     0
100
AcDbLine
 10
32.97182758620689
 20
17.54351724137931
 30
0.0
 11
32.97182758620689
 21
9.205310344827588
 31
0.0
  0
LINE
  5
8E9
330
173
100
AcDbEntity
  8
ABF_Label
347
45
 62
     0
100
AcDbLine
 10
32.97182758620689
 20
9.205310344827588
 30
0.0
 11
31.32520689655173
 21
9.205310344827588
 31
0.0
  0
LINE
  5
8EA
330
173
100
AcDbEntity
  8
ABF_Label
347
45
 62
     0
100
AcDbLine
 10
31.32520689655173
 20
9.205310344827588
 30
0.0
 11
31.32520689655173
 21
17.54351724137931
 31
0.0
  0
LINE
  5
8EB
330
173
100
AcDbEntity
  8
ABF_Label
347
45
 62
     0
100
AcDbLine
 10
31.32520689655173
 20
17.54351724137931
 30
0.0
 11
27.99693103448275
 21
17.54351724137931
 31
0.0
  0
LINE
  5
8EC
330
173
100
AcDbEntity
  8
ABF_Label
347
45
 62
     0
100
AcDbLine
 10
27.99693103448275
 20
17.54351724137931
 30
0.0
 11
27.99693103448275
 21
18.98868965517241
 31
0.0
  0
LINE
  5
8ED
330
173
100
AcDbEntity
  8
ABF_Label
347
45
 62
     0
100
AcDbLine
 10
27.99693103448275
 20
18.98868965517241
 30
0.0
 11
36.30010344827586
 21
18.98868965517241
 31
0.0
  0
LINE
  5
8EE
330
173
100
AcDbEntity
  8
ABF_Label
347
45
 62
     0
100
AcDbLine
 10
36.30010344827586
 20
18.98868965517241
 30
0.0
 11
36.30010344827586
 21
17.54351724137931
 31
0.0
  0
LINE
  5
8EF
330
173
100
AcDbEntity
  8
ABF_Label
347
45
 62
     0
100
AcDbLine
 10
39.20796551724138
 20
9.205310344827588
 30
0.0
 11
37.56134482758623
 21
9.205310344827588
 31
0.0
  0
LINE
  5
8F0
330
173
100
AcDbEntity
  8
ABF_Label
347
45
 62
     0
100
AcDbLine
 10
37.56134482758623
 20
9.205310344827588
 30
0.0
 11
37.56134482758623
 21
18.98868965517241
 31
0.0
  0
LINE
  5
8F1
330
173
100
AcDbEntity
  8
ABF_Label
347
45
 62
     0
100
AcDbLine
 10
37.56134482758623
 20
18.98868965517241
 30
0.0
 11
39.20796551724138
 21
18.98868965517241
 31
0.0
  0
LINE
  5
8F2
330
173
100
AcDbEntity
  8
ABF_Label
347
45
 62
     0
100
AcDbLine
 10
39.20796551724138
 20
18.98868965517241
 30
0.0
 11
39.20796551724138
 21
9.205310344827588
 31
0.0
  0
LINE
  5
8F3
330
173
100
AcDbEntity
  8
ABF_Label
347
45
 62
     0
100
AcDbLine
 10
39.32182758620688
 20
20.62655172413793
 30
0.0
 11
37.44748275862069
 21
20.62655172413793
 31
0.0
  0
LINE
  5
8F4
330
173
100
AcDbEntity
  8
ABF_Label
347
45
 62
     0
100
AcDbLine
 10
37.44748275862069
 20
20.62655172413793
 30
0.0
 11
37.44748275862069
 21
22.33448275862069
 31
0.0
  0
LINE
  5
8F5
330
173
100
AcDbEntity
  8
ABF_Label
347
45
 62
     0
100
AcDbLine
 10
37.44748275862069
 20
22.33448275862069
 30
0.0
 11
39.32182758620688
 21
22.33448275862069
 31
0.0
  0
LINE
  5
8F6
330
173
100
AcDbEntity
  8
ABF_Label
347
45
 62
     0
100
AcDbLine
 10
39.32182758620688
 20
22.33448275862069
 30
0.0
 11
39.32182758620688
 21
20.62655172413793
 31
0.0
  0
LINE
  5
8F7
330
173
100
AcDbEntity
  8
ABF_Label
347
45
 62
     0
100
AcDbLine
 10
49.35044827586208
 20
9.205310344827588
 30
0.0
 11
47.70382758620688
 21
9.205310344827588
 31
0.0
  0
LINE
  5
8F8
330
173
100
AcDbEntity
  8
ABF_Label
347
45
 62
     0
100
AcDbLine
 10
47.70382758620688
 20
9.205310344827588
 30
0.0
 11
47.70382758620688
 21
13.61089655172414
 31
0.0
  0
LINE
  5
8F9
330
173
100
AcDbEntity
  8
ABF_Label
347
45
 62
     0
100
AcDbLine
 10
47.70382758620688
 20
13.61089655172414
 30
0.0
 11
43.27196551724138
 21
13.61089655172414
 31
0.0
  0
LINE
  5
8FA
330
173
100
AcDbEntity
  8
ABF_Label
347
45
 62
     0
100
AcDbLine
 10
43.27196551724138
 20
13.61089655172414
 30
0.0
 11
43.27196551724138
 21
9.205310344827588
 31
0.0
  0
LINE
  5
8FB
330
173
100
AcDbEntity
  8
ABF_Label
347
45
 62
     0
100
AcDbLine
 10
43.27196551724138
 20
9.205310344827588
 30
0.0
 11
41.6253448275862
 21
9.205310344827588
 31
0.0
  0
LINE
  5
8FC
330
173
100
AcDbEntity
  8
ABF_Label
347
45
 62
     0
100
AcDbLine
 10
41.6253448275862
 20
9.205310344827588
 30
0.0
 11
41.6253448275862
 21
18.98868965517241
 31
0.0
  0
LINE
  5
8FD
330
173
100
AcDbEntity
  8
ABF_Label
347
45
 62
     0
100
AcDbLine
 10
41.6253448275862
 20
18.98868965517241
 30
0.0
 11
43.27196551724138
 21
18.98868965517241
 31
0.0
  0
LINE
  5
8FE
330
173
100
AcDbEntity
  8
ABF_Label
347
45
 62
     0
100
AcDbLine
 10
43.27196551724138
 20
18.98868965517241
 30
0.0
 11
43.27196551724138
 21
15.02979310344828
 31
0.0
  0
LINE
  5
8FF
330
173
100
AcDbEntity
  8
ABF_Label
347
45
 62
     0
100
AcDbLine
 10
43.27196551724138
 20
15.02979310344828
 30
0.0
 11
47.70382758620688
 21
15.02979310344828
 31
0.0
  0
LINE
  5
900
330
173
100
AcDbEntity
  8
ABF_Label
347
45
 62
     0
100
AcDbLine
 10
47.70382758620688
 20
15.02979310344828
 30
0.0
 11
47.70382758620688
 21
18.98868965517241
 31
0.0
  0
LINE
  5
901
330
173
100
AcDbEntity
  8
ABF_Label
347
45
 62
     0
100
AcDbLine
 10
47.70382758620688
 20
18.98868965517241
 30
0.0
 11
49.35044827586208
 21
18.98868965517241
 31
0.0
  0
LINE
  5
902
330
173
100
AcDbEntity
  8
ABF_Label
347
45
 62
     0
100
AcDbLine
 10
49.35044827586208
 20
18.98868965517241
 30
0.0
 11
49.35044827586208
 21
9.205310344827588
 31
0.0
  0
LINE
  5
903
330
173
100
AcDbEntity
  8
ABF_Label
347
45
 62
     0
100
AcDbLine
 10
59.59803448275861
 20
9.205310344827588
 30
0.0
 11
57.54851724137931
 21
9.205310344827588
 31
0.0
  0
LINE
  5
904
330
173
100
AcDbEntity
  8
ABF_Label
347
45
 62
     0
100
AcDbLine
 10
57.54851724137931
 20
9.205310344827588
 30
0.0
 11
54.19396551724137
 21
13.716
 31
0.0
  0
LINE
  5
905
330
173
100
AcDbEntity
  8
ABF_Label
347
45
 62
     0
100
AcDbLine
 10
54.19396551724137
 20
13.716
 30
0.0
 11
53.3706551724138
 21
13.716
 31
0.0
  0
LINE
  5
906
330
173
100
AcDbEntity
  8
ABF_Label
347
45
 62
     0
100
AcDbLine
 10
53.3706551724138
 20
13.716
 30
0.0
 11
53.3706551724138
 21
9.205310344827588
 31
0.0
  0
LINE
  5
907
330
173
100
AcDbEntity
  8
ABF_Label
347
45
 62
     0
100
AcDbLine
 10
53.3706551724138
 20
9.205310344827588
 30
0.0
 11
51.72403448275863
 21
9.205310344827588
 31
0.0
  0
LINE
  5
908
330
173
100
AcDbEntity
  8
ABF_Label
347
45
 62
     0
100
AcDbLine
 10
51.72403448275863
 20
9.205310344827588
 30
0.0
 11
51.72403448275863
 21
18.98868965517241
 31
0.0
  0
LINE
  5
909
330
173
100
AcDbEntity
  8
ABF_Label
347
45
 62
     0
100
AcDbLine
 10
51.72403448275863
 20
18.98868965517241
 30
0.0
 11
53.3706551724138
 21
18.98868965517241
 31
0.0
  0
LINE
  5
90A
330
173
100
AcDbEntity
  8
ABF_Label
347
45
 62
     0
100
AcDbLine
 10
53.3706551724138
 20
18.98868965517241
 30
0.0
 11
53.3706551724138
 21
14.732
 31
0.0
  0
LINE
  5
90B
330
173
100
AcDbEntity
  8
ABF_Label
347
45
 62
     0
100
AcDbLine
 10
53.3706551724138
 20
14.732
 30
0.0
 11
54.46110344827586
 21
14.99913793103448
 31
0.0
  0
LINE
  5
90C
330
173
100
AcDbEntity
  8
ABF_Label
347
45
 62
     0
100
AcDbLine
 10
54.46110344827586
 20
14.99913793103448
 30
0.0
 11
55.2274827586207
 21
16.002
 31
0.0
  0
LINE
  5
90D
330
173
100
AcDbEntity
  8
ABF_Label
347
45
 62
     0
100
AcDbLine
 10
55.2274827586207
 20
16.002
 30
0.0
 11
55.44206896551724
 21
16.51
 31
0.0
  0
LINE
  5
90E
330
173
100
AcDbEntity
  8
ABF_Label
347
45
 62
     0
100
AcDbLine
 10
55.44206896551724
 20
16.51
 30
0.0
 11
55.63037931034481
 21
17.018
 31
0.0
  0
LINE
  5
90F
330
173
100
AcDbEntity
  8
ABF_Label
347
45
 62
     0
100
AcDbLine
 10
55.63037931034481
 20
17.018
 30
0.0
 11
56.69893103448275
 21
18.542
 31
0.0
  0
LINE
  5
910
330
173
100
AcDbEntity
  8
ABF_Label
347
45
 62
     0
100
AcDbLine
 10
56.69893103448275
 20
18.542
 30
0.0
 11
58.47693103448276
 21
18.98868965517241
 31
0.0
  0
LINE
  5
911
330
173
100
AcDbEntity
  8
ABF_Label
347
45
 62
     0
100
AcDbLine
 10
58.47693103448276
 20
18.98868965517241
 30
0.0
 11
58.92362068965515
 21
18.98868965517241
 31
0.0
  0
LINE
  5
912
330
173
100
AcDbEntity
  8
ABF_Label
347
45
 62
     0
100
AcDbLine
 10
58.92362068965515
 20
18.98868965517241
 30
0.0
 11
58.92362068965515
 21
17.56979310344827
 31
0.0
  0
LINE
  5
913
330
173
100
AcDbEntity
  8
ABF_Label
347
45
 62
     0
100
AcDbLine
 10
58.92362068965515
 20
17.56979310344827
 30
0.0
 11
58.54699999999998
 21
17.56979310344827
 31
0.0
  0
LINE
  5
914
330
173
100
AcDbEntity
  8
ABF_Label
347
45
 62
     0
100
AcDbLine
 10
58.54699999999998
 20
17.56979310344827
 30
0.0
 11
57.50910344827586
 21
17.28513793103448
 31
0.0
  0
LINE
  5
915
330
173
100
AcDbEntity
  8
ABF_Label
347
45
 62
     0
100
AcDbLine
 10
57.50910344827586
 20
17.28513793103448
 30
0.0
 11
56.92665517241379
 21
16.24724137931035
 31
0.0
  0
LINE
  5
916
330
173
100
AcDbEntity
  8
ABF_Label
347
45
 62
     0
100
AcDbLine
 10
56.92665517241379
 20
16.24724137931035
 30
0.0
 11
56.34858620689656
 21
15.06044827586206
 31
0.0
  0
LINE
  5
917
330
173
100
AcDbEntity
  8
ABF_Label
347
45
 62
     0
100
AcDbLine
 10
56.34858620689656
 20
15.06044827586206
 30
0.0
 11
55.61286206896551
 21
14.40793103448276
 31
0.0
  0
LINE
  5
918
330
173
100
AcDbEntity
  8
ABF_Label
347
45
 62
     0
100
AcDbLine
 10
55.61286206896551
 20
14.40793103448276
 30
0.0
 11
59.59803448275861
 21
9.205310344827588
 31
0.0
  0
LINE
  5
919
330
173
100
AcDbEntity
  8
ABF_Label
347
45
 62
     0
100
AcDbLine
 10
66.12320689655171
 20
11.61393103448276
 30
0.0
 11
66.12320689655171
 21
14.32910344827586
 31
0.0
  0
LINE
  5
91A
330
173
100
AcDbEntity
  8
ABF_Label
347
45
 62
     0
100
AcDbLine
 10
66.12320689655171
 20
14.32910344827586
 30
0.0
 11
64.63862068965517
 21
14.18458620689655
 31
0.0
  0
LINE
  5
91B
330
173
100
AcDbEntity
  8
ABF_Label
347
45
 62
     0
100
AcDbLine
 10
64.63862068965517
 20
14.18458620689655
 30
0.0
 11
63.18906896551724
 21
13.92620689655172
 31
0.0
  0
LINE
  5
91C
330
173
100
AcDbEntity
  8
ABF_Label
347
45
 62
     0
100
AcDbLine
 10
63.18906896551724
 20
13.92620689655172
 30
0.0
 11
62.10299999999999
 21
13.30872413793103
 31
0.0
  0
LINE
  5
91D
330
173
100
AcDbEntity
  8
ABF_Label
347
45
 62
     0
100
AcDbLine
 10
62.10299999999999
 20
13.30872413793103
 30
0.0
 11
61.6738275862069
 21
12.14820689655172
 31
0.0
  0
LINE
  5
91E
330
173
100
AcDbEntity
  8
ABF_Label
347
45
 62
     0
100
AcDbLine
 10
61.6738275862069
 20
12.14820689655172
 30
0.0
 11
62.14679310344828
 21
10.87820689655172
 31
0.0
  0
LINE
  5
91F
330
173
100
AcDbEntity
  8
ABF_Label
347
45
 62
     0
100
AcDbLine
 10
62.14679310344828
 20
10.87820689655172
 30
0.0
 11
63.5306551724138
 21
10.44903448275862
 31
0.0
  0
LINE
  5
920
330
173
100
AcDbEntity
  8
ABF_Label
347
45
 62
     0
100
AcDbLine
 10
63.5306551724138
 20
10.44903448275862
 30
0.0
 11
64.94079310344826
 21
10.78624137931034
 31
0.0
  0
LINE
  5
921
330
173
100
AcDbEntity
  8
ABF_Label
347
45
 62
     0
100
AcDbLine
 10
64.94079310344826
 20
10.78624137931034
 30
0.0
 11
66.12320689655171
 21
11.61393103448276
 31
0.0
  0
LINE
  5
922
330
173
100
AcDbEntity
  8
ABF_Label
347
45
 62
     0
100
AcDbLine
 10
66.12320689655171
 20
10.24758620689655
 30
0.0
 11
65.58455172413792
 21
9.831551724137933
 31
0.0
  0
LINE
  5
923
330
173
100
AcDbEntity
  8
ABF_Label
347
45
 62
     0
100
AcDbLine
 10
65.58455172413792
 20
9.831551724137933
 30
0.0
 11
64.93203448275861
 21
9.406758620689654
 31
0.0
  0
LINE
  5
924
330
173
100
AcDbEntity
  8
ABF_Label
347
45
 62
     0
100
AcDbLine
 10
64.93203448275861
 20
9.406758620689654
 30
0.0
 11
64.0868275862069
 21
9.056413793103447
 31
0.0
  0
LINE
  5
925
330
173
100
AcDbEntity
  8
ABF_Label
347
45
 62
     0
100
AcDbLine
 10
64.0868275862069
 20
9.056413793103447
 30
0.0
 11
62.94382758620687
 21
8.933793103448277
 31
0.0
  0
LINE
  5
926
330
173
100
AcDbEntity
  8
ABF_Label
347
45
 62
     0
100
AcDbLine
 10
62.94382758620687
 20
8.933793103448277
 30
0.0
 11
61.79644827586206
 21
9.161517241379313
 31
0.0
  0
LINE
  5
927
330
173
100
AcDbEntity
  8
ABF_Label
347
45
 62
     0
100
AcDbLine
 10
61.79644827586206
 20
9.161517241379313
 30
0.0
 11
60.84175862068965
 21
9.800896551724136
 31
0.0
  0
LINE
  5
928
330
173
100
AcDbEntity
  8
ABF_Label
347
45
 62
     0
100
AcDbLine
 10
60.84175862068965
 20
9.800896551724136
 30
0.0
 11
60.21113793103448
 21
10.795
 31
0.0
  0
LINE
  5
929
330
173
100
AcDbEntity
  8
ABF_Label
347
45
 62
     0
100
AcDbLine
 10
60.21113793103448
 20
10.795
 30
0.0
 11
59.97465517241379
 21
12.04310344827586
 31
0.0
  0
LINE
  5
92A
330
173
100
AcDbEntity
  8
ABF_Label
347
45
 62
     0
100
AcDbLine
 10
59.97465517241379
 20
12.04310344827586
 30
0.0
 11
60.40382758620688
 21
13.77293103448276
 31
0.0
  0
LINE
  5
92B
330
173
100
AcDbEntity
  8
ABF_Label
347
45
 62
     0
100
AcDbLine
 10
60.40382758620688
 20
13.77293103448276
 30
0.0
 11
61.76141379310343
 21
14.90717241379311
 31
0.0
  0
LINE
  5
92C
330
173
100
AcDbEntity
  8
ABF_Label
347
45
 62
     0
100
AcDbLine
 10
61.76141379310343
 20
14.90717241379311
 30
0.0
 11
63.7058275862069
 21
15.42831034482758
 31
0.0
  0
LINE
  5
92D
330
173
100
AcDbEntity
  8
ABF_Label
347
45
 62
     0
100
AcDbLine
 10
63.7058275862069
 20
15.42831034482758
 30
0.0
 11
66.12320689655171
 21
15.64289655172414
 31
0.0
  0
LINE
  5
92E
330
173
100
AcDbEntity
  8
ABF_Label
347
45
 62
     0
100
AcDbLine
 10
66.12320689655171
 20
15.64289655172414
 30
0.0
 11
66.12320689655171
 21
15.95820689655172
 31
0.0
  0
LINE
  5
92F
330
173
100
AcDbEntity
  8
ABF_Label
347
45
 62
     0
100
AcDbLine
 10
66.12320689655171
 20
15.95820689655172
 30
0.0
 11
65.94803448275862
 21
16.891
 31
0.0
  0
LINE
  5
930
330
173
100
AcDbEntity
  8
ABF_Label
347
45
 62
     0
100
AcDbLine
 10
65.94803448275862
 20
16.891
 30
0.0
 11
65.45755172413793
 21
17.43841379310345
 31
0.0
  0
LINE
  5
931
330
173
100
AcDbEntity
  8
ABF_Label
347
45
 62
     0
100
AcDbLine
 10
65.45755172413793
 20
17.43841379310345
 30
0.0
 11
64.68679310344827
 21
17.70555172413793
 31
0.0
  0
LINE
  5
932
330
173
100
AcDbEntity
  8
ABF_Label
347
45
 62
     0
100
AcDbLine
 10
64.68679310344827
 20
17.70555172413793
 30
0.0
 11
63.74962068965517
 21
17.77124137931035
 31
0.0
  0
LINE
  5
933
330
173
100
AcDbEntity
  8
ABF_Label
347
45
 62
     0
100
AcDbLine
 10
63.74962068965517
 20
17.77124137931035
 30
0.0
 11
62.40955172413795
 21
17.60044827586207
 31
0.0
  0
LINE
  5
934
330
173
100
AcDbEntity
  8
ABF_Label
347
45
 62
     0
100
AcDbLine
 10
62.40955172413795
 20
17.60044827586207
 30
0.0
 11
60.86803448275863
 21
17.10558620689655
 31
0.0
  0
LINE
  5
935
330
173
100
AcDbEntity
  8
ABF_Label
347
45
 62
     0
100
AcDbLine
 10
60.86803448275863
 20
17.10558620689655
 30
0.0
 11
60.77168965517241
 21
17.10558620689655
 31
0.0
  0
LINE
  5
936
330
173
100
AcDbEntity
  8
ABF_Label
347
45
 62
     0
100
AcDbLine
 10
60.77168965517241
 20
17.10558620689655
 30
0.0
 11
60.77168965517241
 21
18.77848275862069
 31
0.0
  0
LINE
  5
937
330
173
100
AcDbEntity
  8
ABF_Label
347
45
 62
     0
100
AcDbLine
 10
60.77168965517241
 20
18.77848275862069
 30
0.0
 11
62.07672413793104
 21
19.06751724137931
 31
0.0
  0
LINE
  5
938
330
173
100
AcDbEntity
  8
ABF_Label
347
45
 62
     0
100
AcDbLine
 10
62.07672413793104
 20
19.06751724137931
 30
0.0
 11
63.75837931034481
 21
19.2251724137931
 31
0.0
  0
LINE
  5
939
330
173
100
AcDbEntity
  8
ABF_Label
347
45
 62
     0
100
AcDbLine
 10
63.75837931034481
 20
19.2251724137931
 30
0.0
 11
65.45755172413793
 21
19.06751724137931
 31
0.0
  0
LINE
  5
93A
330
173
100
AcDbEntity
  8
ABF_Label
347
45
 62
     0
100
AcDbLine
 10
65.45755172413793
 20
19.06751724137931
 30
0.0
 11
66.70127586206897
 21
18.49820689655173
 31
0.0
  0
LINE
  5
93B
330
173
100
AcDbEntity
  8
ABF_Label
347
45
 62
     0
100
AcDbLine
 10
66.70127586206897
 20
18.49820689655173
 30
0.0
 11
67.49831034482756
 21
17.45593103448276
 31
0.0
  0
LINE
  5
93C
330
173
100
AcDbEntity
  8
ABF_Label
347
45
 62
     0
100
AcDbLine
 10
67.49831034482756
 20
17.45593103448276
 30
0.0
 11
67.76106896551723
 21
15.89689655172414
 31
0.0
  0
LINE
  5
93D
330
173
100
AcDbEntity
  8
ABF_Label
347
45
 62
     0
100
AcDbLine
 10
67.76106896551723
 20
15.89689655172414
 30
0.0
 11
67.76106896551723
 21
9.205310344827588
 31
0.0
  0
LINE
  5
93E
330
173
100
AcDbEntity
  8
ABF_Label
347
45
 62
     0
100
AcDbLine
 10
67.76106896551723
 20
9.205310344827588
 30
0.0
 11
66.12320689655171
 21
9.205310344827588
 31
0.0
  0
LINE
  5
93F
330
173
100
AcDbEntity
  8
ABF_Label
347
45
 62
     0
100
AcDbLine
 10
66.12320689655171
 20
9.205310344827588
 30
0.0
 11
66.12320689655171
 21
10.24758620689655
 31
0.0
  0
LINE
  5
940
330
173
100
AcDbEntity
  8
ABF_Label
347
45
 62
     0
100
AcDbLine
 10
11.60898198938368
 20
-10.57317554330826
 30
0.0
 11
13.0057578024864
 21
-13.716
 31
0.0
  0
LINE
  5
941
330
173
100
AcDbEntity
  8
ABF_Label
347
45
 62
     0
100
AcDbLine
 10
8.945599561691264
 20
-4.580415426254274
 30
0.0
 11
11.60898198938368
 21
-10.57317554330826
 31
0.0
  0
LINE
  5
942
330
173
100
AcDbEntity
  8
ABF_Label
347
45
 62
     0
100
AcDbLine
 10
5.207446859836563
 20
-13.716
 30
0.0
 11
6.493446519136422
 21
-10.57317554330826
 31
0.0
  0
LINE
  5
943
330
173
100
AcDbEntity
  8
ABF_Label
347
45
 62
     0
100
AcDbLine
 10
6.493446519136422
 20
-10.57317554330826
 30
0.0
 11
8.945599561691264
 21
-4.580415426254274
 31
0.0
  0
LINE
  5
944
330
173
100
AcDbEntity
  8
ABF_Label
347
45
 62
     0
100
AcDbLine
 10
6.493446519136422
 20
-10.57317554330826
 30
0.0
 11
11.60898198938368
 21
-10.57317554330826
 31
0.0
  0
LINE
  5
945
330
173
100
AcDbEntity
  8
ABF_Label
347
45
 62
     0
100
AcDbLine
 10
20.28646128892897
 20
-6.83563811397553
 30
0.0
 11
19.50937814950943
 21
-5.3839256105423
 31
0.0
  0
LINE
  5
946
330
173
100
AcDbEntity
  8
ABF_Label
347
45
 62
     0
100
AcDbLine
 10
20.03659463644026
 20
-9.902114881038669
 30
0.0
 11
20.74415319204331
 21
-11.59471429800987
 31
0.0
  0
LINE
  5
947
330
173
100
AcDbEntity
  8
ABF_Label
347
45
 62
     0
100
AcDbLine
 10
19.50937814950943
 20
-5.3839256105423
 30
0.0
 11
17.95535781621933
 21
-4.876400266647341
 31
0.0
  0
LINE
  5
948
330
173
100
AcDbEntity
  8
ABF_Label
347
45
 62
     0
100
AcDbLine
 10
14.52975780248641
 20
-4.876400266647341
 30
0.0
 11
17.95535781621933
 21
-4.876400266647341
 31
0.0
  0
LINE
  5
949
330
173
100
AcDbEntity
  8
ABF_Label
347
45
 62
     0
100
AcDbLine
 10
17.95535781621933
 20
-8.97890088415146
 30
0.0
 11
19.55097808122634
 21
-8.251021076202397
 31
0.0
  0
LINE
  5
94A
330
173
100
AcDbEntity
  8
ABF_Label
347
45
 62
     0
100
AcDbLine
 10
17.95535781621933
 20
-13.716
 30
0.0
 11
19.75897834539414
 21
-13.35673622018099
 31
0.0
  0
LINE
  5
94B
330
173
100
AcDbEntity
  8
ABF_Label
347
45
 62
     0
100
AcDbLine
 10
14.52975780248641
 20
-13.716
 30
0.0
 11
17.95535781621933
 21
-13.716
 31
0.0
  0
LINE
  5
94C
330
173
100
AcDbEntity
  8
ABF_Label
347
45
 62
     0
100
AcDbLine
 10
14.52975780248641
 20
-8.97890088415146
 30
0.0
 11
14.52975780248641
 21
-13.716
 31
0.0
  0
LINE
  5
94D
330
173
100
AcDbEntity
  8
ABF_Label
347
45
 62
     0
100
AcDbLine
 10
14.52975780248641
 20
-8.97890088415146
 30
0.0
 11
17.95535781621933
 21
-8.97890088415146
 31
0.0
  0
LINE
  5
94E
330
173
100
AcDbEntity
  8
ABF_Label
347
45
 62
     0
100
AcDbLine
 10
14.52975780248641
 20
-4.876400266647341
 30
0.0
 11
14.52975780248641
 21
-8.97890088415146
 31
0.0
  0
LINE
  5
94F
330
173
100
AcDbEntity
  8
ABF_Label
347
45
 62
     0
100
AcDbLine
 10
17.95535781621933
 20
-8.97890088415146
 30
0.0
 11
20.03659463644026
 21
-9.902114881038669
 31
0.0
  0
LINE
  5
950
330
173
100
AcDbEntity
  8
ABF_Label
347
45
 62
     0
100
AcDbLine
 10
20.74415319204331
 20
-11.59471429800987
 30
0.0
 11
19.75897834539414
 21
-13.35673622018099
 31
0.0
  0
LINE
  5
951
330
173
100
AcDbEntity
  8
ABF_Label
347
45
 62
     0
100
AcDbLine
 10
19.55097808122634
 20
-8.251021076202397
 30
0.0
 11
20.28646128892897
 21
-6.83563811397553
 31
0.0
  0
LINE
  5
952
330
173
100
AcDbEntity
  8
ABF_Label
347
45
 62
     0
100
AcDbLine
 10
22.2681531920433
 20
-8.97454341030121
 30
0.0
 11
27.08615307474135
 21
-8.97454341030121
 31
0.0
  0
LINE
  5
953
330
173
100
AcDbEntity
  8
ABF_Label
347
45
 62
     0
100
AcDbLine
 10
22.2681531920433
 20
-4.787599969863896
 30
0.0
 11
22.2681531920433
 21
-8.97454341030121
 31
0.0
  0
LINE
  5
954
330
173
100
AcDbEntity
  8
ABF_Label
347
45
 62
     0
100
AcDbLine
 10
22.2681531920433
 20
-4.787599969863896
 30
0.0
 11
27.81255314016341
 21
-4.787599969863896
 31
0.0
  0
LINE
  5
955
330
173
100
AcDbEntity
  8
ABF_Label
347
45
 62
     0
100
AcDbLine
 10
22.2681531920433
 20
-8.97454341030121
 30
0.0
 11
22.2681531920433
 21
-13.716
 31
0.0
  0
LINE
  5
956
330
173
100
AcDbEntity
  8
ABF_Label
347
45
 62
     0
100
AcDbLine
 10
-49.70955172413792
 20
0.0
 30
0.0
 11
82.72955172413792
 21
0.0
 31
0.0
  0
POLYLINE
  5
957
330
173
100
AcDbEntity
  8
ABF_Label
347
45
 62
     0
100
AcDb3dPolyline
 66
     1
 10
0.0
 20
0.0
 30
0.0
 70
     9
  0
VERTEX
  5
958
330
957
100
AcDbEntity
  8
ABF_Label
 62
     0
100
AcDbVertex
100
AcDb3dPolylineVertex
 10
82.72955172413792
 20
17.78
 30
0.0
 70
    32
  0
VERTEX
  5
959
330
957
100
AcDbEntity
  8
ABF_Label
 62
     0
100
AcDbVertex
100
AcDb3dPolylineVertex
 10
100.5095517241379
 20
0.0
 30
0.0
 70
    32
  0
VERTEX
  5
95A
330
957
100
AcDbEntity
  8
ABF_Label
 62
     0
100
AcDbVertex
100
AcDb3dPolylineVertex
 10
82.72955172413792
 20
-17.78
 30
0.0
 70
    32
  0
VERTEX
  5
95B
330
957
100
AcDbEntity
  8
ABF_Label
 62
     0
100
AcDbVertex
100
AcDb3dPolylineVertex
 10
82.72955172413792
 20
17.78
 30
0.0
 70
    32
  0
SEQEND
  5
95C
330
957
100
AcDbEntity
  8
ABF_Label
347
45
 62
     0
  0
POLYLINE
  5
95D
330
173
100
AcDbEntity
  8
ABF_Label
347
45
 62
     0
100
AcDb3dPolyline
 66
     1
 10
0.0
 20
0.0
 30
0.0
 70
     9
  0
VERTEX
  5
95E
330
95D
100
AcDbEntity
  8
ABF_Label
 62
     0
100
AcDbVertex
100
AcDb3dPolylineVertex
 10
-49.70955172413792
 20
0.0
 30
0.0
 70
    32
  0
VERTEX
  5
95F
330
95D
100
AcDbEntity
  8
ABF_Label
 62
     0
100
AcDbVertex
100
AcDb3dPolylineVertex
 10
-75.10955172413793
 20
-25.4
 30
0.0
 70
    32
  0
VERTEX
  5
960
330
95D
100
AcDbEntity
  8
ABF_Label
 62
     0
100
AcDbVertex
100
AcDb3dPolylineVertex
 10
-100.5095517241379
 20
0.0
 30
0.0
 70
    32
  0
VERTEX
  5
961
330
95D
100
AcDbEntity
  8
ABF_Label
 62
     0
100
AcDbVertex
100
AcDb3dPolylineVertex
 10
-75.10955172413793
 20
25.4
 30
0.0
 70
    32
  0
VERTEX
  5
962
330
95D
100
AcDbEntity
  8
ABF_Label
 62
     0
100
AcDbVertex
100
AcDb3dPolylineVertex
 10
-49.70955172413792
 20
0.0
 30
0.0
 70
    32
  0
SEQEND
  5
963
330
95D
100
AcDbEntity
  8
ABF_Label
347
45
 62
     0
  0
ENDBLK
  5
175
330
173
100
AcDbEntity
  8
0
100
AcDbBlockEnd
  0
BLOCK
  5
177
330
176
100
AcDbEntity
  8
0
100
AcDbBlockBegin
  2
Group147#1
 70
     0
 10
0.0
 20
0.0
 30
0.0
  3
Group147#1
  1

  0
LINE
  5
964
330
176
100
AcDbEntity
  8
ABF_Label
347
45
 62
     0
100
AcDbLine
 10
-113.1520186081736
 20
-4.71867183502515
 30
0.0
 11
-114.5420616314685
 21
-12.446
 31
0.0
  0
LINE
  5
965
330
176
100
AcDbEntity
  8
ABF_Label
347
45
 62
     0
100
AcDbLine
 10
-118.7393115258756
 20
12.6578802154859
 30
0.0
 11
-104.4040677844692
 21
12.6578802154859
 31
0.0
  0
LINE
  5
966
330
176
100
AcDbEntity
  8
ABF_Label
347
45
 62
     0
100
AcDbLine
 10
-109.6967894611633
 20
4.340831758022312
 30
0.0
 11
-113.1520186081736
 21
-4.71867183502515
 31
0.0
  0
LINE
  5
967
330
176
100
AcDbEntity
  8
ABF_Label
347
45
 62
     0
100
AcDbLine
 10
-104.4040677844692
 20
12.6578802154859
 30
0.0
 11
-109.6967894611633
 21
4.340831758022312
 31
0.0
  0
LINE
  5
968
330
176
100
AcDbEntity
  8
ABF_Label
347
45
 62
     0
100
AcDbLine
 10
-64.92327586206896
 20
6.858
 30
0.0
 11
-69.47775862068964
 21
6.858
 31
0.0
  0
LINE
  5
969
330
176
100
AcDbEntity
  8
ABF_Label
347
45
 62
     0
100
AcDbLine
 10
-69.47775862068964
 20
6.858
 30
0.0
 11
-69.47775862068964
 21
23.91979310344827
 31
0.0
  0
LINE
  5
96A
330
176
100
AcDbEntity
  8
ABF_Label
347
45
 62
     0
100
AcDbLine
 10
-69.47775862068964
 20
23.91979310344827
 30
0.0
 11
-64.92327586206896
 21
23.91979310344827
 31
0.0
  0
LINE
  5
96B
330
176
100
AcDbEntity
  8
ABF_Label
347
45
 62
     0
100
AcDbLine
 10
-64.92327586206896
 20
23.91979310344827
 30
0.0
 11
-64.92327586206896
 21
22.66731034482758
 31
0.0
  0
LINE
  5
96C
330
176
100
AcDbEntity
  8
ABF_Label
347
45
 62
     0
100
AcDbLine
 10
-64.92327586206896
 20
22.66731034482758
 30
0.0
 11
-67.945
 21
22.66731034482758
 31
0.0
  0
LINE
  5
96D
330
176
100
AcDbEntity
  8
ABF_Label
347
45
 62
     0
100
AcDbLine
 10
-67.945
 20
22.66731034482758
 30
0.0
 11
-67.945
 21
8.110482758620691
 31
0.0
  0
LINE
  5
96E
330
176
100
AcDbEntity
  8
ABF_Label
347
45
 62
     0
100
AcDbLine
 10
-67.945
 20
8.110482758620691
 30
0.0
 11
-64.92327586206896
 21
8.110482758620691
 31
0.0
  0
LINE
  5
96F
330
176
100
AcDbEntity
  8
ABF_Label
347
45
 62
     0
100
AcDbLine
 10
-64.92327586206896
 20
8.110482758620691
 30
0.0
 11
-64.92327586206896
 21
6.858
 31
0.0
  0
LINE
  5
970
330
176
100
AcDbEntity
  8
ABF_Label
347
45
 62
     0
100
AcDbLine
 10
-64.1525172413793
 20
10.29137931034483
 30
0.0
 11
-59.7556896551724
 21
23.33296551724138
 31
0.0
  0
LINE
  5
971
330
176
100
AcDbEntity
  8
ABF_Label
347
45
 62
     0
100
AcDbLine
 10
-59.7556896551724
 20
23.33296551724138
 30
0.0
 11
-57.61858620689654
 21
23.33296551724138
 31
0.0
  0
LINE
  5
972
330
176
100
AcDbEntity
  8
ABF_Label
347
45
 62
     0
100
AcDbLine
 10
-57.61858620689654
 20
23.33296551724138
 30
0.0
 11
-53.22175862068964
 21
10.29137931034483
 31
0.0
  0
LINE
  5
973
330
176
100
AcDbEntity
  8
ABF_Label
347
45
 62
     0
100
AcDbLine
 10
-53.22175862068964
 20
10.29137931034483
 30
0.0
 11
-55.05231034482757
 21
10.29137931034483
 31
0.0
  0
LINE
  5
974
330
176
100
AcDbEntity
  8
ABF_Label
347
45
 62
     0
100
AcDbLine
 10
-55.05231034482757
 20
10.29137931034483
 30
0.0
 11
-56.23472413793102
 21
13.93496551724138
 31
0.0
  0
LINE
  5
975
330
176
100
AcDbEntity
  8
ABF_Label
347
45
 62
     0
100
AcDbLine
 10
-56.23472413793102
 20
13.93496551724138
 30
0.0
 11
-61.21837931034482
 21
13.93496551724138
 31
0.0
  0
LINE
  5
976
330
176
100
AcDbEntity
  8
ABF_Label
347
45
 62
     0
100
AcDbLine
 10
-61.21837931034482
 20
13.93496551724138
 30
0.0
 11
-62.40079310344826
 21
10.29137931034483
 31
0.0
  0
LINE
  5
977
330
176
100
AcDbEntity
  8
ABF_Label
347
45
 62
     0
100
AcDbLine
 10
-62.40079310344826
 20
10.29137931034483
 30
0.0
 11
-64.1525172413793
 21
10.29137931034483
 31
0.0
  0
LINE
  5
978
330
176
100
AcDbEntity
  8
ABF_Label
347
45
 62
     0
100
AcDbLine
 10
-56.71644827586206
 20
15.4151724137931
 30
0.0
 11
-58.73093103448275
 21
21.56372413793103
 31
0.0
  0
LINE
  5
979
330
176
100
AcDbEntity
  8
ABF_Label
347
45
 62
     0
100
AcDbLine
 10
-58.73093103448275
 20
21.56372413793103
 30
0.0
 11
-60.73665517241378
 21
15.4151724137931
 31
0.0
  0
LINE
  5
97A
330
176
100
AcDbEntity
  8
ABF_Label
347
45
 62
     0
100
AcDbLine
 10
-60.73665517241378
 20
15.4151724137931
 30
0.0
 11
-56.71644827586206
 21
15.4151724137931
 31
0.0
  0
LINE
  5
97B
330
176
100
AcDbEntity
  8
ABF_Label
347
45
 62
     0
100
AcDbLine
 10
-44.97113793103448
 20
10.29137931034483
 30
0.0
 11
-51.32989655172413
 21
10.29137931034483
 31
0.0
  0
LINE
  5
97C
330
176
100
AcDbEntity
  8
ABF_Label
347
45
 62
     0
100
AcDbLine
 10
-51.32989655172413
 20
10.29137931034483
 30
0.0
 11
-51.32989655172413
 21
11.62268965517241
 31
0.0
  0
LINE
  5
97D
330
176
100
AcDbEntity
  8
ABF_Label
347
45
 62
     0
100
AcDbLine
 10
-51.32989655172413
 20
11.62268965517241
 30
0.0
 11
-48.96506896551724
 21
11.62268965517241
 31
0.0
  0
LINE
  5
97E
330
176
100
AcDbEntity
  8
ABF_Label
347
45
 62
     0
100
AcDbLine
 10
-48.96506896551724
 20
11.62268965517241
 30
0.0
 11
-48.96506896551724
 21
20.36379310344827
 31
0.0
  0
LINE
  5
97F
330
176
100
AcDbEntity
  8
ABF_Label
347
45
 62
     0
100
AcDbLine
 10
-48.96506896551724
 20
20.36379310344827
 30
0.0
 11
-51.32989655172413
 21
20.36379310344827
 31
0.0
  0
LINE
  5
980
330
176
100
AcDbEntity
  8
ABF_Label
347
45
 62
     0
100
AcDbLine
 10
-51.32989655172413
 20
20.36379310344827
 30
0.0
 11
-51.32989655172413
 21
21.55496551724138
 31
0.0
  0
LINE
  5
981
330
176
100
AcDbEntity
  8
ABF_Label
347
45
 62
     0
100
AcDbLine
 10
-51.32989655172413
 20
21.55496551724138
 30
0.0
 11
-49.35482758620689
 21
21.93596551724138
 31
0.0
  0
LINE
  5
982
330
176
100
AcDbEntity
  8
ABF_Label
347
45
 62
     0
100
AcDbLine
 10
-49.35482758620689
 20
21.93596551724138
 30
0.0
 11
-48.64099999999998
 21
23.37675862068965
 31
0.0
  0
LINE
  5
983
330
176
100
AcDbEntity
  8
ABF_Label
347
45
 62
     0
100
AcDbLine
 10
-48.64099999999998
 20
23.37675862068965
 30
0.0
 11
-47.28341379310344
 21
23.37675862068965
 31
0.0
  0
LINE
  5
984
330
176
100
AcDbEntity
  8
ABF_Label
347
45
 62
     0
100
AcDbLine
 10
-47.28341379310344
 20
23.37675862068965
 30
0.0
 11
-47.28341379310344
 21
11.62268965517241
 31
0.0
  0
LINE
  5
985
330
176
100
AcDbEntity
  8
ABF_Label
347
45
 62
     0
100
AcDbLine
 10
-47.28341379310344
 20
11.62268965517241
 30
0.0
 11
-44.97113793103448
 21
11.62268965517241
 31
0.0
  0
LINE
  5
986
330
176
100
AcDbEntity
  8
ABF_Label
347
45
 62
     0
100
AcDbLine
 10
-44.97113793103448
 20
11.62268965517241
 30
0.0
 11
-44.97113793103448
 21
10.29137931034483
 31
0.0
  0
LINE
  5
987
330
176
100
AcDbEntity
  8
ABF_Label
347
45
 62
     0
100
AcDbLine
 10
-38.10437931034483
 20
6.858
 30
0.0
 11
-42.65886206896551
 21
6.858
 31
0.0
  0
LINE
  5
988
330
176
100
AcDbEntity
  8
ABF_Label
347
45
 62
     0
100
AcDbLine
 10
-42.65886206896551
 20
6.858
 30
0.0
 11
-42.65886206896551
 21
8.110482758620691
 31
0.0
  0
LINE
  5
989
330
176
100
AcDbEntity
  8
ABF_Label
347
45
 62
     0
100
AcDbLine
 10
-42.65886206896551
 20
8.110482758620691
 30
0.0
 11
-39.63713793103448
 21
8.110482758620691
 31
0.0
  0
LINE
  5
98A
330
176
100
AcDbEntity
  8
ABF_Label
347
45
 62
     0
100
AcDbLine
 10
-39.63713793103448
 20
8.110482758620691
 30
0.0
 11
-39.63713793103448
 21
22.66731034482758
 31
0.0
  0
LINE
  5
98B
330
176
100
AcDbEntity
  8
ABF_Label
347
45
 62
     0
100
AcDbLine
 10
-39.63713793103448
 20
22.66731034482758
 30
0.0
 11
-42.65886206896551
 21
22.66731034482758
 31
0.0
  0
LINE
  5
98C
330
176
100
AcDbEntity
  8
ABF_Label
347
45
 62
     0
100
AcDbLine
 10
-42.65886206896551
 20
22.66731034482758
 30
0.0
 11
-42.65886206896551
 21
23.91979310344827
 31
0.0
  0
LINE
  5
98D
330
176
100
AcDbEntity
  8
ABF_Label
347
45
 62
     0
100
AcDbLine
 10
-42.65886206896551
 20
23.91979310344827
 30
0.0
 11
-38.10437931034483
 21
23.91979310344827
 31
0.0
  0
LINE
  5
98E
330
176
100
AcDbEntity
  8
ABF_Label
347
45
 62
     0
100
AcDbLine
 10
-38.10437931034483
 20
23.91979310344827
 30
0.0
 11
-38.10437931034483
 21
6.858
 31
0.0
  0
LINE
  5
98F
330
176
100
AcDbEntity
  8
ABF_Label
347
45
 62
     0
100
AcDbLine
 10
-21.1126551724138
 20
7.663793103448275
 30
0.0
 11
-21.39293103448275
 21
7.663793103448275
 31
0.0
  0
LINE
  5
990
330
176
100
AcDbEntity
  8
ABF_Label
347
45
 62
     0
100
AcDbLine
 10
-31.18506896551723
 20
7.663793103448275
 30
0.0
 11
-31.18506896551723
 21
8.802413793103447
 31
0.0
  0
LINE
  5
991
330
176
100
AcDbEntity
  8
ABF_Label
347
45
 62
     0
100
AcDbLine
 10
-31.18506896551723
 20
8.802413793103447
 30
0.0
 11
-21.39293103448275
 21
8.802413793103447
 31
0.0
  0
LINE
  5
992
330
176
100
AcDbEntity
  8
ABF_Label
347
45
 62
     0
100
AcDbLine
 10
-21.1126551724138
 20
8.802413793103447
 30
0.0
 11
-21.1126551724138
 21
7.663793103448275
 31
0.0
  0
LINE
  5
993
330
176
100
AcDbEntity
  8
ABF_Label
347
45
 62
     0
100
AcDbLine
 10
-21.39293103448275
 20
7.663793103448275
 30
0.0
 11
-31.18506896551723
 21
7.663793103448275
 31
0.0
  0
LINE
  5
994
330
176
100
AcDbEntity
  8
ABF_Label
347
45
 62
     0
100
AcDbLine
 10
-11.32051724137931
 20
7.663793103448275
 30
0.0
 11
-21.39293103448275
 21
7.663793103448275
 31
0.0
  0
LINE
  5
995
330
176
100
AcDbEntity
  8
ABF_Label
347
45
 62
     0
100
AcDbLine
 10
-21.39293103448275
 20
8.802413793103447
 30
0.0
 11
-21.1126551724138
 21
8.802413793103447
 31
0.0
  0
LINE
  5
996
330
176
100
AcDbEntity
  8
ABF_Label
347
45
 62
     0
100
AcDbLine
 10
-21.39293103448275
 20
7.663793103448275
 30
0.0
 11
-21.39293103448275
 21
8.802413793103447
 31
0.0
  0
LINE
  5
997
330
176
100
AcDbEntity
  8
ABF_Label
347
45
 62
     0
100
AcDbLine
 10
-21.39293103448275
 20
8.802413793103447
 30
0.0
 11
-11.32051724137931
 21
8.802413793103447
 31
0.0
  0
LINE
  5
998
330
176
100
AcDbEntity
  8
ABF_Label
347
45
 62
     0
100
AcDbLine
 10
-11.32051724137931
 20
8.802413793103447
 30
0.0
 11
-11.32051724137931
 21
7.663793103448275
 31
0.0
  0
LINE
  5
999
330
176
100
AcDbEntity
  8
ABF_Label
347
45
 62
     0
100
AcDbLine
 10
-0.6262413793103337
 20
10.29137931034483
 30
0.0
 11
-2.360448275862055
 21
10.29137931034483
 31
0.0
  0
LINE
  5
99A
330
176
100
AcDbEntity
  8
ABF_Label
347
45
 62
     0
100
AcDbLine
 10
-2.360448275862055
 20
10.29137931034483
 30
0.0
 11
-2.360448275862055
 21
21.79144827586207
 31
0.0
  0
LINE
  5
99B
330
176
100
AcDbEntity
  8
ABF_Label
347
45
 62
     0
100
AcDbLine
 10
-2.360448275862055
 20
21.79144827586207
 30
0.0
 11
-6.757275862068949
 21
21.79144827586207
 31
0.0
  0
LINE
  5
99C
330
176
100
AcDbEntity
  8
ABF_Label
347
45
 62
     0
100
AcDbLine
 10
-6.757275862068949
 20
21.79144827586207
 30
0.0
 11
-6.827344827586216
 21
19.86017241379311
 31
0.0
  0
LINE
  5
99D
330
176
100
AcDbEntity
  8
ABF_Label
347
45
 62
     0
100
AcDbLine
 10
-6.827344827586216
 20
19.86017241379311
 30
0.0
 11
-6.897413793103437
 21
18.17413793103448
 31
0.0
  0
LINE
  5
99E
330
176
100
AcDbEntity
  8
ABF_Label
347
45
 62
     0
100
AcDbLine
 10
-6.897413793103437
 20
18.17413793103448
 30
0.0
 11
-7.120758620689658
 21
15.11737931034483
 31
0.0
  0
LINE
  5
99F
330
176
100
AcDbEntity
  8
ABF_Label
347
45
 62
     0
100
AcDbLine
 10
-7.120758620689658
 20
15.11737931034483
 30
0.0
 11
-7.519275862068978
 21
13.09413793103448
 31
0.0
  0
LINE
  5
9A0
330
176
100
AcDbEntity
  8
ABF_Label
347
45
 62
     0
100
AcDbLine
 10
-7.519275862068978
 20
13.09413793103448
 30
0.0
 11
-8.075448275862069
 21
11.80662068965517
 31
0.0
  0
LINE
  5
9A1
330
176
100
AcDbEntity
  8
ABF_Label
347
45
 62
     0
100
AcDbLine
 10
-8.075448275862069
 20
11.80662068965517
 30
0.0
 11
-8.771758620689646
 21
10.98331034482758
 31
0.0
  0
LINE
  5
9A2
330
176
100
AcDbEntity
  8
ABF_Label
347
45
 62
     0
100
AcDbLine
 10
-8.771758620689646
 20
10.98331034482758
 30
0.0
 11
-9.616965517241363
 21
10.44465517241379
 31
0.0
  0
LINE
  5
9A3
330
176
100
AcDbEntity
  8
ABF_Label
347
45
 62
     0
100
AcDbLine
 10
-9.616965517241363
 20
10.44465517241379
 30
0.0
 11
-10.66362068965516
 21
10.26510344827586
 31
0.0
  0
LINE
  5
9A4
330
176
100
AcDbEntity
  8
ABF_Label
347
45
 62
     0
100
AcDbLine
 10
-10.66362068965516
 20
10.26510344827586
 30
0.0
 11
-11.0358620689655
 21
10.27824137931034
 31
0.0
  0
LINE
  5
9A5
330
176
100
AcDbEntity
  8
ABF_Label
347
45
 62
     0
100
AcDbLine
 10
-11.0358620689655
 20
10.27824137931034
 30
0.0
 11
-11.32927586206896
 21
10.29137931034483
 31
0.0
  0
LINE
  5
9A6
330
176
100
AcDbEntity
  8
ABF_Label
347
45
 62
     0
100
AcDbLine
 10
-11.32927586206896
 20
10.29137931034483
 30
0.0
 11
-11.32927586206896
 21
11.97303448275862
 31
0.0
  0
LINE
  5
9A7
330
176
100
AcDbEntity
  8
ABF_Label
347
45
 62
     0
100
AcDbLine
 10
-11.32927586206896
 20
11.97303448275862
 30
0.0
 11
-11.20665517241381
 21
11.97303448275862
 31
0.0
  0
LINE
  5
9A8
330
176
100
AcDbEntity
  8
ABF_Label
347
45
 62
     0
100
AcDbLine
 10
-11.20665517241381
 20
11.97303448275862
 30
0.0
 11
-11.05775862068964
 21
11.95551724137931
 31
0.0
  0
LINE
  5
9A9
330
176
100
AcDbEntity
  8
ABF_Label
347
45
 62
     0
100
AcDbLine
 10
-11.05775862068964
 20
11.95551724137931
 30
0.0
 11
-10.87382758620689
 21
11.94675862068966
 31
0.0
  0
LINE
  5
9AA
330
176
100
AcDbEntity
  8
ABF_Label
347
45
 62
     0
100
AcDbLine
 10
-10.87382758620689
 20
11.94675862068966
 30
0.0
 11
-10.28699999999998
 21
12.04310344827586
 31
0.0
  0
LINE
  5
9AB
330
176
100
AcDbEntity
  8
ABF_Label
347
45
 62
     0
100
AcDbLine
 10
-10.28699999999998
 20
12.04310344827586
 30
0.0
 11
-9.82279310344828
 21
12.34089655172414
 31
0.0
  0
LINE
  5
9AC
330
176
100
AcDbEntity
  8
ABF_Label
347
45
 62
     0
100
AcDbLine
 10
-9.82279310344828
 20
12.34089655172414
 30
0.0
 11
-8.951310344827581
 21
14.42982758620689
 31
0.0
  0
LINE
  5
9AD
330
176
100
AcDbEntity
  8
ABF_Label
347
45
 62
     0
100
AcDbLine
 10
-8.951310344827581
 20
14.42982758620689
 30
0.0
 11
-8.561551724137937
 21
18.47193103448275
 31
0.0
  0
LINE
  5
9AE
330
176
100
AcDbEntity
  8
ABF_Label
347
45
 62
     0
100
AcDbLine
 10
-8.561551724137937
 20
18.47193103448275
 30
0.0
 11
-8.473965517241366
 21
20.74041379310345
 31
0.0
  0
LINE
  5
9AF
330
176
100
AcDbEntity
  8
ABF_Label
347
45
 62
     0
100
AcDbLine
 10
-8.473965517241366
 20
20.74041379310345
 30
0.0
 11
-8.39513793103447
 21
23.33296551724138
 31
0.0
  0
LINE
  5
9B0
330
176
100
AcDbEntity
  8
ABF_Label
347
45
 62
     0
100
AcDbLine
 10
-8.39513793103447
 20
23.33296551724138
 30
0.0
 11
-0.6262413793103337
 21
23.33296551724138
 31
0.0
  0
LINE
  5
9B1
330
176
100
AcDbEntity
  8
ABF_Label
347
45
 62
     0
100
AcDbLine
 10
-0.6262413793103337
 20
23.33296551724138
 30
0.0
 11
-0.6262413793103337
 21
10.29137931034483
 31
0.0
  0
LINE
  5
9B2
330
176
100
AcDbEntity
  8
ABF_Label
347
45
 62
     0
100
AcDbLine
 10
3.569137931034482
 20
10.29137931034483
 30
0.0
 11
1.92251724137931
 21
10.29137931034483
 31
0.0
  0
LINE
  5
9B3
330
176
100
AcDbEntity
  8
ABF_Label
347
45
 62
     0
100
AcDbLine
 10
1.92251724137931
 20
10.29137931034483
 30
0.0
 11
1.92251724137931
 21
20.07475862068965
 31
0.0
  0
LINE
  5
9B4
330
176
100
AcDbEntity
  8
ABF_Label
347
45
 62
     0
100
AcDbLine
 10
1.92251724137931
 20
20.07475862068965
 30
0.0
 11
3.569137931034482
 21
20.07475862068965
 31
0.0
  0
LINE
  5
9B5
330
176
100
AcDbEntity
  8
ABF_Label
347
45
 62
     0
100
AcDbLine
 10
3.569137931034482
 20
20.07475862068965
 30
0.0
 11
3.569137931034482
 21
10.29137931034483
 31
0.0
  0
LINE
  5
9B6
330
176
100
AcDbEntity
  8
ABF_Label
347
45
 62
     0
100
AcDbLine
 10
3.682999999999989
 20
21.71262068965517
 30
0.0
 11
1.808655172413803
 21
21.71262068965517
 31
0.0
  0
LINE
  5
9B7
330
176
100
AcDbEntity
  8
ABF_Label
347
45
 62
     0
100
AcDbLine
 10
1.808655172413803
 20
21.71262068965517
 30
0.0
 11
1.808655172413803
 21
23.42055172413793
 31
0.0
  0
LINE
  5
9B8
330
176
100
AcDbEntity
  8
ABF_Label
347
45
 62
     0
100
AcDbLine
 10
1.808655172413803
 20
23.42055172413793
 30
0.0
 11
3.682999999999989
 21
23.42055172413793
 31
0.0
  0
LINE
  5
9B9
330
176
100
AcDbEntity
  8
ABF_Label
347
45
 62
     0
100
AcDbLine
 10
3.682999999999989
 20
23.42055172413793
 30
0.0
 11
3.682999999999989
 21
21.71262068965517
 31
0.0
  0
LINE
  5
9BA
330
176
100
AcDbEntity
  8
ABF_Label
347
45
 62
     0
100
AcDbLine
 10
13.65906896551725
 20
13.25179310344827
 30
0.0
 11
13.38755172413792
 21
11.99493103448276
 31
0.0
  0
LINE
  5
9BB
330
176
100
AcDbEntity
  8
ABF_Label
347
45
 62
     0
100
AcDbLine
 10
13.38755172413792
 20
11.99493103448276
 30
0.0
 11
12.64306896551725
 21
11.07965517241379
 31
0.0
  0
LINE
  5
9BC
330
176
100
AcDbEntity
  8
ABF_Label
347
45
 62
     0
100
AcDbLine
 10
12.64306896551725
 20
11.07965517241379
 30
0.0
 11
11.39496551724137
 21
10.45341379310345
 31
0.0
  0
LINE
  5
9BD
330
176
100
AcDbEntity
  8
ABF_Label
347
45
 62
     0
100
AcDbLine
 10
11.39496551724137
 20
10.45341379310345
 30
0.0
 11
9.831551724137954
 21
10.29137931034483
 31
0.0
  0
LINE
  5
9BE
330
176
100
AcDbEntity
  8
ABF_Label
347
45
 62
     0
100
AcDbLine
 10
9.831551724137954
 20
10.29137931034483
 30
0.0
 11
5.986517241379335
 21
10.29137931034483
 31
0.0
  0
LINE
  5
9BF
330
176
100
AcDbEntity
  8
ABF_Label
347
45
 62
     0
100
AcDbLine
 10
5.986517241379335
 20
10.29137931034483
 30
0.0
 11
5.986517241379335
 21
20.07475862068965
 31
0.0
  0
LINE
  5
9C0
330
176
100
AcDbEntity
  8
ABF_Label
347
45
 62
     0
100
AcDbLine
 10
5.986517241379335
 20
20.07475862068965
 30
0.0
 11
9.577551724137939
 21
20.07475862068965
 31
0.0
  0
LINE
  5
9C1
330
176
100
AcDbEntity
  8
ABF_Label
347
45
 62
     0
100
AcDbLine
 10
9.577551724137939
 20
20.07475862068965
 30
0.0
 11
11.15410344827587
 21
20.00906896551724
 31
0.0
  0
LINE
  5
9C2
330
176
100
AcDbEntity
  8
ABF_Label
347
45
 62
     0
100
AcDbLine
 10
11.15410344827587
 20
20.00906896551724
 30
0.0
 11
12.14382758620689
 21
19.67186206896552
 31
0.0
  0
LINE
  5
9C3
330
176
100
AcDbEntity
  8
ABF_Label
347
45
 62
     0
100
AcDbLine
 10
12.14382758620689
 20
19.67186206896552
 30
0.0
 11
12.90582758620692
 21
18.92737931034483
 31
0.0
  0
LINE
  5
9C4
330
176
100
AcDbEntity
  8
ABF_Label
347
45
 62
     0
100
AcDbLine
 10
12.90582758620692
 20
18.92737931034483
 30
0.0
 11
13.15106896551723
 21
17.82379310344828
 31
0.0
  0
LINE
  5
9C5
330
176
100
AcDbEntity
  8
ABF_Label
347
45
 62
     0
100
AcDbLine
 10
13.15106896551723
 20
17.82379310344828
 30
0.0
 11
12.76568965517243
 21
16.56693103448276
 31
0.0
  0
LINE
  5
9C6
330
176
100
AcDbEntity
  8
ABF_Label
347
45
 62
     0
100
AcDbLine
 10
12.76568965517243
 20
16.56693103448276
 30
0.0
 11
11.74093103448277
 21
15.70420689655172
 31
0.0
  0
LINE
  5
9C7
330
176
100
AcDbEntity
  8
ABF_Label
347
45
 62
     0
100
AcDbLine
 10
11.74093103448277
 20
15.70420689655172
 30
0.0
 11
11.78472413793101
 21
15.64289655172414
 31
0.0
  0
LINE
  5
9C8
330
176
100
AcDbEntity
  8
ABF_Label
347
45
 62
     0
100
AcDbLine
 10
11.78472413793101
 20
15.64289655172414
 30
0.0
 11
13.12041379310346
 21
14.8283448275862
 31
0.0
  0
LINE
  5
9C9
330
176
100
AcDbEntity
  8
ABF_Label
347
45
 62
     0
100
AcDbLine
 10
13.12041379310346
 20
14.8283448275862
 30
0.0
 11
13.65906896551725
 21
13.25179310344827
 31
0.0
  0
LINE
  5
9CA
330
176
100
AcDbEntity
  8
ABF_Label
347
45
 62
     0
100
AcDbLine
 10
11.4606551724138
 20
17.56979310344827
 30
0.0
 11
11.35117241379311
 21
18.14786206896552
 31
0.0
  0
LINE
  5
9CB
330
176
100
AcDbEntity
  8
ABF_Label
347
45
 62
     0
100
AcDbLine
 10
11.35117241379311
 20
18.14786206896552
 30
0.0
 11
10.97017241379312
 21
18.53324137931035
 31
0.0
  0
LINE
  5
9CC
330
176
100
AcDbEntity
  8
ABF_Label
347
45
 62
     0
100
AcDbLine
 10
10.97017241379312
 20
18.53324137931035
 30
0.0
 11
10.26510344827586
 21
18.73031034482759
 31
0.0
  0
LINE
  5
9CD
330
176
100
AcDbEntity
  8
ABF_Label
347
45
 62
     0
100
AcDbLine
 10
10.26510344827586
 20
18.73031034482759
 30
0.0
 11
9.183413793103433
 21
18.76096551724138
 31
0.0
  0
LINE
  5
9CE
330
176
100
AcDbEntity
  8
ABF_Label
347
45
 62
     0
100
AcDbLine
 10
9.183413793103433
 20
18.76096551724138
 30
0.0
 11
7.61562068965518
 21
18.76096551724138
 31
0.0
  0
LINE
  5
9CF
330
176
100
AcDbEntity
  8
ABF_Label
347
45
 62
     0
100
AcDbLine
 10
7.61562068965518
 20
18.76096551724138
 30
0.0
 11
7.61562068965518
 21
16.0808275862069
 31
0.0
  0
LINE
  5
9D0
330
176
100
AcDbEntity
  8
ABF_Label
347
45
 62
     0
100
AcDbLine
 10
7.61562068965518
 20
16.0808275862069
 30
0.0
 11
9.507482758620695
 21
16.0808275862069
 31
0.0
  0
LINE
  5
9D1
330
176
100
AcDbEntity
  8
ABF_Label
347
45
 62
     0
100
AcDbLine
 10
9.507482758620695
 20
16.0808275862069
 30
0.0
 11
10.36582758620688
 21
16.13775862068966
 31
0.0
  0
LINE
  5
9D2
330
176
100
AcDbEntity
  8
ABF_Label
347
45
 62
     0
100
AcDbLine
 10
10.36582758620688
 20
16.13775862068966
 30
0.0
 11
10.92637931034483
 21
16.37862068965517
 31
0.0
  0
LINE
  5
9D3
330
176
100
AcDbEntity
  8
ABF_Label
347
45
 62
     0
100
AcDbLine
 10
10.92637931034483
 20
16.37862068965517
 30
0.0
 11
11.33803448275862
 21
16.85158620689655
 31
0.0
  0
LINE
  5
9D4
330
176
100
AcDbEntity
  8
ABF_Label
347
45
 62
     0
100
AcDbLine
 10
11.33803448275862
 20
16.85158620689655
 30
0.0
 11
11.4606551724138
 21
17.56979310344827
 31
0.0
  0
LINE
  5
9D5
330
176
100
AcDbEntity
  8
ABF_Label
347
45
 62
     0
100
AcDbLine
 10
11.95989655172416
 20
13.24303448275862
 30
0.0
 11
11.81537931034483
 21
14.04444827586206
 31
0.0
  0
LINE
  5
9D6
330
176
100
AcDbEntity
  8
ABF_Label
347
45
 62
     0
100
AcDbLine
 10
11.81537931034483
 20
14.04444827586206
 30
0.0
 11
11.18037931034482
 21
14.58310344827586
 31
0.0
  0
LINE
  5
9D7
330
176
100
AcDbEntity
  8
ABF_Label
347
45
 62
     0
100
AcDbLine
 10
11.18037931034482
 20
14.58310344827586
 30
0.0
 11
10.52348275862069
 21
14.76703448275862
 31
0.0
  0
LINE
  5
9D8
330
176
100
AcDbEntity
  8
ABF_Label
347
45
 62
     0
100
AcDbLine
 10
10.52348275862069
 20
14.76703448275862
 30
0.0
 11
9.55127586206898
 21
14.80206896551724
 31
0.0
  0
LINE
  5
9D9
330
176
100
AcDbEntity
  8
ABF_Label
347
45
 62
     0
100
AcDbLine
 10
9.55127586206898
 20
14.80206896551724
 30
0.0
 11
7.61562068965518
 21
14.80206896551724
 31
0.0
  0
LINE
  5
9DA
330
176
100
AcDbEntity
  8
ABF_Label
347
45
 62
     0
100
AcDbLine
 10
7.61562068965518
 20
14.80206896551724
 30
0.0
 11
7.61562068965518
 21
11.6051724137931
 31
0.0
  0
LINE
  5
9DB
330
176
100
AcDbEntity
  8
ABF_Label
347
45
 62
     0
100
AcDbLine
 10
7.61562068965518
 20
11.6051724137931
 30
0.0
 11
9.043275862068969
 21
11.6051724137931
 31
0.0
  0
LINE
  5
9DC
330
176
100
AcDbEntity
  8
ABF_Label
347
45
 62
     0
100
AcDbLine
 10
9.043275862068969
 20
11.6051724137931
 30
0.0
 11
10.41837931034484
 21
11.67524137931035
 31
0.0
  0
LINE
  5
9DD
330
176
100
AcDbEntity
  8
ABF_Label
347
45
 62
     0
100
AcDbLine
 10
10.41837931034484
 20
11.67524137931035
 30
0.0
 11
11.25920689655172
 21
11.95551724137931
 31
0.0
  0
LINE
  5
9DE
330
176
100
AcDbEntity
  8
ABF_Label
347
45
 62
     0
100
AcDbLine
 10
11.25920689655172
 20
11.95551724137931
 30
0.0
 11
11.79348275862069
 21
12.48103448275862
 31
0.0
  0
LINE
  5
9DF
330
176
100
AcDbEntity
  8
ABF_Label
347
45
 62
     0
100
AcDbLine
 10
11.79348275862069
 20
12.48103448275862
 30
0.0
 11
11.95989655172416
 21
13.24303448275862
 31
0.0
  0
LINE
  5
9E0
330
176
100
AcDbEntity
  8
ABF_Label
347
45
 62
     0
100
AcDbLine
 10
20.8586551724138
 20
12.7
 30
0.0
 11
20.8586551724138
 21
15.4151724137931
 31
0.0
  0
LINE
  5
9E1
330
176
100
AcDbEntity
  8
ABF_Label
347
45
 62
     0
100
AcDbLine
 10
20.8586551724138
 20
15.4151724137931
 30
0.0
 11
19.37406896551726
 21
15.27065517241379
 31
0.0
  0
LINE
  5
9E2
330
176
100
AcDbEntity
  8
ABF_Label
347
45
 62
     0
100
AcDbLine
 10
19.37406896551726
 20
15.27065517241379
 30
0.0
 11
17.92451724137931
 21
15.01227586206896
 31
0.0
  0
LINE
  5
9E3
330
176
100
AcDbEntity
  8
ABF_Label
347
45
 62
     0
100
AcDbLine
 10
17.92451724137931
 20
15.01227586206896
 30
0.0
 11
16.83844827586206
 21
14.39479310344827
 31
0.0
  0
LINE
  5
9E4
330
176
100
AcDbEntity
  8
ABF_Label
347
45
 62
     0
100
AcDbLine
 10
16.83844827586206
 20
14.39479310344827
 30
0.0
 11
16.40927586206897
 21
13.23427586206896
 31
0.0
  0
LINE
  5
9E5
330
176
100
AcDbEntity
  8
ABF_Label
347
45
 62
     0
100
AcDbLine
 10
16.40927586206897
 20
13.23427586206896
 30
0.0
 11
16.88224137931035
 21
11.96427586206896
 31
0.0
  0
LINE
  5
9E6
330
176
100
AcDbEntity
  8
ABF_Label
347
45
 62
     0
100
AcDbLine
 10
16.88224137931035
 20
11.96427586206896
 30
0.0
 11
18.26610344827587
 21
11.53510344827586
 31
0.0
  0
LINE
  5
9E7
330
176
100
AcDbEntity
  8
ABF_Label
347
45
 62
     0
100
AcDbLine
 10
18.26610344827587
 20
11.53510344827586
 30
0.0
 11
19.67624137931035
 21
11.87231034482759
 31
0.0
  0
LINE
  5
9E8
330
176
100
AcDbEntity
  8
ABF_Label
347
45
 62
     0
100
AcDbLine
 10
19.67624137931035
 20
11.87231034482759
 30
0.0
 11
20.8586551724138
 21
12.7
 31
0.0
  0
LINE
  5
9E9
330
176
100
AcDbEntity
  8
ABF_Label
347
45
 62
     0
100
AcDbLine
 10
20.8586551724138
 20
11.33365517241379
 30
0.0
 11
20.32000000000002
 21
10.91762068965517
 31
0.0
  0
LINE
  5
9EA
330
176
100
AcDbEntity
  8
ABF_Label
347
45
 62
     0
100
AcDbLine
 10
20.32000000000002
 20
10.91762068965517
 30
0.0
 11
19.6674827586207
 21
10.49282758620689
 31
0.0
  0
LINE
  5
9EB
330
176
100
AcDbEntity
  8
ABF_Label
347
45
 62
     0
100
AcDbLine
 10
19.6674827586207
 20
10.49282758620689
 30
0.0
 11
18.82227586206898
 21
10.14248275862069
 31
0.0
  0
LINE
  5
9EC
330
176
100
AcDbEntity
  8
ABF_Label
347
45
 62
     0
100
AcDbLine
 10
18.82227586206898
 20
10.14248275862069
 30
0.0
 11
17.67927586206896
 21
10.01986206896552
 31
0.0
  0
LINE
  5
9ED
330
176
100
AcDbEntity
  8
ABF_Label
347
45
 62
     0
100
AcDbLine
 10
17.67927586206896
 20
10.01986206896552
 30
0.0
 11
16.53189655172415
 21
10.24758620689655
 31
0.0
  0
LINE
  5
9EE
330
176
100
AcDbEntity
  8
ABF_Label
347
45
 62
     0
100
AcDbLine
 10
16.53189655172415
 20
10.24758620689655
 30
0.0
 11
15.57720689655172
 21
10.88696551724138
 31
0.0
  0
LINE
  5
9EF
330
176
100
AcDbEntity
  8
ABF_Label
347
45
 62
     0
100
AcDbLine
 10
15.57720689655172
 20
10.88696551724138
 30
0.0
 11
14.94658620689655
 21
11.88106896551724
 31
0.0
  0
LINE
  5
9F0
330
176
100
AcDbEntity
  8
ABF_Label
347
45
 62
     0
100
AcDbLine
 10
14.94658620689655
 20
11.88106896551724
 30
0.0
 11
14.71010344827586
 21
13.1291724137931
 31
0.0
  0
LINE
  5
9F1
330
176
100
AcDbEntity
  8
ABF_Label
347
45
 62
     0
100
AcDbLine
 10
14.71010344827586
 20
13.1291724137931
 30
0.0
 11
15.13927586206895
 21
14.859
 31
0.0
  0
LINE
  5
9F2
330
176
100
AcDbEntity
  8
ABF_Label
347
45
 62
     0
100
AcDbLine
 10
15.13927586206895
 20
14.859
 30
0.0
 11
16.49686206896552
 21
15.99324137931034
 31
0.0
  0
LINE
  5
9F3
330
176
100
AcDbEntity
  8
ABF_Label
347
45
 62
     0
100
AcDbLine
 10
16.49686206896552
 20
15.99324137931034
 30
0.0
 11
18.44127586206897
 21
16.51437931034482
 31
0.0
  0
LINE
  5
9F4
330
176
100
AcDbEntity
  8
ABF_Label
347
45
 62
     0
100
AcDbLine
 10
18.44127586206897
 20
16.51437931034482
 30
0.0
 11
20.8586551724138
 21
16.72896551724138
 31
0.0
  0
LINE
  5
9F5
330
176
100
AcDbEntity
  8
ABF_Label
347
45
 62
     0
100
AcDbLine
 10
20.8586551724138
 20
16.72896551724138
 30
0.0
 11
20.8586551724138
 21
17.04427586206897
 31
0.0
  0
LINE
  5
9F6
330
176
100
AcDbEntity
  8
ABF_Label
347
45
 62
     0
100
AcDbLine
 10
20.8586551724138
 20
17.04427586206897
 30
0.0
 11
20.68348275862068
 21
17.97706896551724
 31
0.0
  0
LINE
  5
9F7
330
176
100
AcDbEntity
  8
ABF_Label
347
45
 62
     0
100
AcDbLine
 10
20.68348275862068
 20
17.97706896551724
 30
0.0
 11
20.193
 21
18.52448275862069
 31
0.0
  0
LINE
  5
9F8
330
176
100
AcDbEntity
  8
ABF_Label
347
45
 62
     0
100
AcDbLine
 10
20.193
 20
18.52448275862069
 30
0.0
 11
19.42224137931034
 21
18.79162068965517
 31
0.0
  0
LINE
  5
9F9
330
176
100
AcDbEntity
  8
ABF_Label
347
45
 62
     0
100
AcDbLine
 10
19.42224137931034
 20
18.79162068965517
 30
0.0
 11
18.48506896551726
 21
18.85731034482759
 31
0.0
  0
LINE
  5
9FA
330
176
100
AcDbEntity
  8
ABF_Label
347
45
 62
     0
100
AcDbLine
 10
18.48506896551726
 20
18.85731034482759
 30
0.0
 11
17.145
 21
18.68651724137931
 31
0.0
  0
LINE
  5
9FB
330
176
100
AcDbEntity
  8
ABF_Label
347
45
 62
     0
100
AcDbLine
 10
17.145
 20
18.68651724137931
 30
0.0
 11
15.6034827586207
 21
18.19165517241379
 31
0.0
  0
LINE
  5
9FC
330
176
100
AcDbEntity
  8
ABF_Label
347
45
 62
     0
100
AcDbLine
 10
15.6034827586207
 20
18.19165517241379
 30
0.0
 11
15.5071379310345
 21
18.19165517241379
 31
0.0
  0
LINE
  5
9FD
330
176
100
AcDbEntity
  8
ABF_Label
347
45
 62
     0
100
AcDbLine
 10
15.5071379310345
 20
18.19165517241379
 30
0.0
 11
15.5071379310345
 21
19.86455172413793
 31
0.0
  0
LINE
  5
9FE
330
176
100
AcDbEntity
  8
ABF_Label
347
45
 62
     0
100
AcDbLine
 10
15.5071379310345
 20
19.86455172413793
 30
0.0
 11
16.81217241379312
 21
20.15358620689655
 31
0.0
  0
LINE
  5
9FF
330
176
100
AcDbEntity
  8
ABF_Label
347
45
 62
     0
100
AcDbLine
 10
16.81217241379312
 20
20.15358620689655
 30
0.0
 11
18.49382758620689
 21
20.31124137931034
 31
0.0
  0
LINE
  5
A00
330
176
100
AcDbEntity
  8
ABF_Label
347
45
 62
     0
100
AcDbLine
 10
18.49382758620689
 20
20.31124137931034
 30
0.0
 11
20.193
 21
20.15358620689655
 31
0.0
  0
LINE
  5
A01
330
176
100
AcDbEntity
  8
ABF_Label
347
45
 62
     0
100
AcDbLine
 10
20.193
 20
20.15358620689655
 30
0.0
 11
21.43672413793103
 21
19.58427586206896
 31
0.0
  0
LINE
  5
A02
330
176
100
AcDbEntity
  8
ABF_Label
347
45
 62
     0
100
AcDbLine
 10
21.43672413793103
 20
19.58427586206896
 30
0.0
 11
22.23375862068965
 21
18.542
 31
0.0
  0
LINE
  5
A03
330
176
100
AcDbEntity
  8
ABF_Label
347
45
 62
     0
100
AcDbLine
 10
22.23375862068965
 20
18.542
 30
0.0
 11
22.4965172413793
 21
16.98296551724138
 31
0.0
  0
LINE
  5
A04
330
176
100
AcDbEntity
  8
ABF_Label
347
45
 62
     0
100
AcDbLine
 10
22.4965172413793
 20
16.98296551724138
 30
0.0
 11
22.4965172413793
 21
10.29137931034483
 31
0.0
  0
LINE
  5
A05
330
176
100
AcDbEntity
  8
ABF_Label
347
45
 62
     0
100
AcDbLine
 10
22.4965172413793
 20
10.29137931034483
 30
0.0
 11
20.8586551724138
 21
10.29137931034483
 31
0.0
  0
LINE
  5
A06
330
176
100
AcDbEntity
  8
ABF_Label
347
45
 62
     0
100
AcDbLine
 10
20.8586551724138
 20
10.29137931034483
 30
0.0
 11
20.8586551724138
 21
11.33365517241379
 31
0.0
  0
LINE
  5
A07
330
176
100
AcDbEntity
  8
ABF_Label
347
45
 62
     0
100
AcDbLine
 10
37.35113793103448
 20
18.62958620689655
 30
0.0
 11
38.23575862068964
 21
17.16251724137931
 31
0.0
  0
LINE
  5
A08
330
176
100
AcDbEntity
  8
ABF_Label
347
45
 62
     0
100
AcDbLine
 10
38.23575862068964
 20
17.16251724137931
 30
0.0
 11
38.55106896551723
 21
15.09986206896551
 31
0.0
  0
LINE
  5
A09
330
176
100
AcDbEntity
  8
ABF_Label
347
45
 62
     0
100
AcDbLine
 10
38.55106896551723
 20
15.09986206896551
 30
0.0
 11
38.19196551724139
 21
13.01093103448276
 31
0.0
  0
LINE
  5
A0A
330
176
100
AcDbEntity
  8
ABF_Label
347
45
 62
     0
100
AcDbLine
 10
38.19196551724139
 20
13.01093103448276
 30
0.0
 11
37.21975862068965
 21
11.39496551724138
 31
0.0
  0
LINE
  5
A0B
330
176
100
AcDbEntity
  8
ABF_Label
347
45
 62
     0
100
AcDbLine
 10
37.21975862068965
 20
11.39496551724138
 30
0.0
 11
35.82275862068965
 21
10.3658275862069
 31
0.0
  0
LINE
  5
A0C
330
176
100
AcDbEntity
  8
ABF_Label
347
45
 62
     0
100
AcDbLine
 10
35.82275862068965
 20
10.3658275862069
 30
0.0
 11
34.15424137931034
 21
10.01986206896552
 31
0.0
  0
LINE
  5
A0D
330
176
100
AcDbEntity
  8
ABF_Label
347
45
 62
     0
100
AcDbLine
 10
34.15424137931034
 20
10.01986206896552
 30
0.0
 11
32.46820689655172
 21
10.33955172413793
 31
0.0
  0
LINE
  5
A0E
330
176
100
AcDbEntity
  8
ABF_Label
347
45
 62
     0
100
AcDbLine
 10
32.46820689655172
 20
10.33955172413793
 30
0.0
 11
31.15879310344828
 21
11.32489655172414
 31
0.0
  0
LINE
  5
A0F
330
176
100
AcDbEntity
  8
ABF_Label
347
45
 62
     0
100
AcDbLine
 10
31.15879310344828
 20
11.32489655172414
 30
0.0
 11
30.14717241379311
 21
13.40944827586207
 31
0.0
  0
LINE
  5
A10
330
176
100
AcDbEntity
  8
ABF_Label
347
45
 62
     0
100
AcDbLine
 10
30.14717241379311
 20
13.40944827586207
 30
0.0
 11
29.80996551724138
 21
16.51
 31
0.0
  0
LINE
  5
A11
330
176
100
AcDbEntity
  8
ABF_Label
347
45
 62
     0
100
AcDbLine
 10
29.80996551724138
 20
16.51
 30
0.0
 11
29.86689655172414
 21
17.84568965517241
 31
0.0
  0
LINE
  5
A12
330
176
100
AcDbEntity
  8
ABF_Label
347
45
 62
     0
100
AcDbLine
 10
29.86689655172414
 20
17.84568965517241
 30
0.0
 11
30.11651724137932
 21
19.47041379310345
 31
0.0
  0
LINE
  5
A13
330
176
100
AcDbEntity
  8
ABF_Label
347
45
 62
     0
100
AcDbLine
 10
30.11651724137932
 20
19.47041379310345
 30
0.0
 11
30.58948275862069
 21
21.03382758620689
 31
0.0
  0
LINE
  5
A14
330
176
100
AcDbEntity
  8
ABF_Label
347
45
 62
     0
100
AcDbLine
 10
30.58948275862069
 20
21.03382758620689
 30
0.0
 11
31.36900000000001
 21
22.25565517241379
 31
0.0
  0
LINE
  5
A15
330
176
100
AcDbEntity
  8
ABF_Label
347
45
 62
     0
100
AcDbLine
 10
31.36900000000001
 20
22.25565517241379
 30
0.0
 11
32.99372413793103
 21
23.2891724137931
 31
0.0
  0
LINE
  5
A16
330
176
100
AcDbEntity
  8
ABF_Label
347
45
 62
     0
100
AcDbLine
 10
32.99372413793103
 20
23.2891724137931
 30
0.0
 11
35.65196551724137
 21
23.82344827586207
 31
0.0
  0
LINE
  5
A17
330
176
100
AcDbEntity
  8
ABF_Label
347
45
 62
     0
100
AcDbLine
 10
35.65196551724137
 20
23.82344827586207
 30
0.0
 11
36.9088275862069
 21
23.9241724137931
 31
0.0
  0
LINE
  5
A18
330
176
100
AcDbEntity
  8
ABF_Label
347
45
 62
     0
100
AcDbLine
 10
36.9088275862069
 20
23.9241724137931
 30
0.0
 11
37.92920689655171
 21
23.99862068965517
 31
0.0
  0
LINE
  5
A19
330
176
100
AcDbEntity
  8
ABF_Label
347
45
 62
     0
100
AcDbLine
 10
37.92920689655171
 20
23.99862068965517
 30
0.0
 11
37.92920689655171
 21
22.48337931034483
 31
0.0
  0
LINE
  5
A1A
330
176
100
AcDbEntity
  8
ABF_Label
347
45
 62
     0
100
AcDbLine
 10
37.92920689655171
 20
22.48337931034483
 30
0.0
 11
36.957
 21
22.41768965517241
 31
0.0
  0
LINE
  5
A1B
330
176
100
AcDbEntity
  8
ABF_Label
347
45
 62
     0
100
AcDbLine
 10
36.957
 20
22.41768965517241
 30
0.0
 11
35.77458620689655
 21
22.32572413793103
 31
0.0
  0
LINE
  5
A1C
330
176
100
AcDbEntity
  8
ABF_Label
347
45
 62
     0
100
AcDbLine
 10
35.77458620689655
 20
22.32572413793103
 30
0.0
 11
33.9265172413793
 21
22.01479310344827
 31
0.0
  0
LINE
  5
A1D
330
176
100
AcDbEntity
  8
ABF_Label
347
45
 62
     0
100
AcDbLine
 10
33.9265172413793
 20
22.01479310344827
 30
0.0
 11
32.47258620689656
 21
21.26593103448276
 31
0.0
  0
LINE
  5
A1E
330
176
100
AcDbEntity
  8
ABF_Label
347
45
 62
     0
100
AcDbLine
 10
32.47258620689656
 20
21.26593103448276
 30
0.0
 11
31.88575862068965
 21
20.18862068965517
 31
0.0
  0
LINE
  5
A1F
330
176
100
AcDbEntity
  8
ABF_Label
347
45
 62
     0
100
AcDbLine
 10
31.88575862068965
 20
20.18862068965517
 30
0.0
 11
31.57920689655174
 21
18.62958620689655
 31
0.0
  0
LINE
  5
A20
330
176
100
AcDbEntity
  8
ABF_Label
347
45
 62
     0
100
AcDbLine
 10
31.57920689655174
 20
18.62958620689655
 30
0.0
 11
32.96744827586208
 21
19.41348275862068
 31
0.0
  0
LINE
  5
A21
330
176
100
AcDbEntity
  8
ABF_Label
347
45
 62
     0
100
AcDbLine
 10
32.96744827586208
 20
19.41348275862068
 30
0.0
 11
34.56589655172415
 21
19.7331724137931
 31
0.0
  0
LINE
  5
A22
330
176
100
AcDbEntity
  8
ABF_Label
347
45
 62
     0
100
AcDbLine
 10
34.56589655172415
 20
19.7331724137931
 30
0.0
 11
36.08113793103448
 21
19.46603448275862
 31
0.0
  0
LINE
  5
A23
330
176
100
AcDbEntity
  8
ABF_Label
347
45
 62
     0
100
AcDbLine
 10
36.08113793103448
 20
19.46603448275862
 30
0.0
 11
37.35113793103448
 21
18.62958620689655
 31
0.0
  0
LINE
  5
A24
330
176
100
AcDbEntity
  8
ABF_Label
347
45
 62
     0
100
AcDbLine
 10
36.8781724137931
 20
15.00351724137931
 30
0.0
 11
36.17748275862069
 21
17.39462068965517
 31
0.0
  0
LINE
  5
A25
330
176
100
AcDbEntity
  8
ABF_Label
347
45
 62
     0
100
AcDbLine
 10
36.17748275862069
 20
17.39462068965517
 30
0.0
 11
34.18051724137932
 21
18.22668965517241
 31
0.0
  0
LINE
  5
A26
330
176
100
AcDbEntity
  8
ABF_Label
347
45
 62
     0
100
AcDbLine
 10
34.18051724137932
 20
18.22668965517241
 30
0.0
 11
32.80541379310345
 21
17.99020689655172
 31
0.0
  0
LINE
  5
A27
330
176
100
AcDbEntity
  8
ABF_Label
347
45
 62
     0
100
AcDbLine
 10
32.80541379310345
 20
17.99020689655172
 30
0.0
 11
31.55293103448276
 21
17.35958620689655
 31
0.0
  0
LINE
  5
A28
330
176
100
AcDbEntity
  8
ABF_Label
347
45
 62
     0
100
AcDbLine
 10
31.55293103448276
 20
17.35958620689655
 30
0.0
 11
31.51789655172415
 21
16.83844827586207
 31
0.0
  0
LINE
  5
A29
330
176
100
AcDbEntity
  8
ABF_Label
347
45
 62
     0
100
AcDbLine
 10
31.51789655172415
 20
16.83844827586207
 30
0.0
 11
31.50037931034482
 21
16.29103448275862
 31
0.0
  0
LINE
  5
A2A
330
176
100
AcDbEntity
  8
ABF_Label
347
45
 62
     0
100
AcDbLine
 10
31.50037931034482
 20
16.29103448275862
 30
0.0
 11
31.74562068965516
 21
13.81234482758621
 31
0.0
  0
LINE
  5
A2B
330
176
100
AcDbEntity
  8
ABF_Label
347
45
 62
     0
100
AcDbLine
 10
31.74562068965516
 20
13.81234482758621
 30
0.0
 11
32.42879310344827
 21
12.31462068965517
 31
0.0
  0
LINE
  5
A2C
330
176
100
AcDbEntity
  8
ABF_Label
347
45
 62
     0
100
AcDbLine
 10
32.42879310344827
 20
12.31462068965517
 30
0.0
 11
33.26086206896552
 21
11.6358275862069
 31
0.0
  0
LINE
  5
A2D
330
176
100
AcDbEntity
  8
ABF_Label
347
45
 62
     0
100
AcDbLine
 10
33.26086206896552
 20
11.6358275862069
 30
0.0
 11
34.21555172413793
 21
11.44751724137931
 31
0.0
  0
LINE
  5
A2E
330
176
100
AcDbEntity
  8
ABF_Label
347
45
 62
     0
100
AcDbLine
 10
34.21555172413793
 20
11.44751724137931
 30
0.0
 11
36.17748275862069
 21
12.40220689655172
 31
0.0
  0
LINE
  5
A2F
330
176
100
AcDbEntity
  8
ABF_Label
347
45
 62
     0
100
AcDbLine
 10
36.17748275862069
 20
12.40220689655172
 30
0.0
 11
36.8781724137931
 21
15.00351724137931
 31
0.0
  0
LINE
  5
A30
330
176
100
AcDbEntity
  8
ABF_Label
347
45
 62
     0
100
AcDbLine
 10
48.32568965517241
 20
15.17868965517241
 30
0.0
 11
47.13451724137931
 21
11.36431034482759
 31
0.0
  0
LINE
  5
A31
330
176
100
AcDbEntity
  8
ABF_Label
347
45
 62
     0
100
AcDbLine
 10
47.13451724137931
 20
11.36431034482759
 30
0.0
 11
43.96389655172413
 21
10.01986206896552
 31
0.0
  0
LINE
  5
A32
330
176
100
AcDbEntity
  8
ABF_Label
347
45
 62
     0
100
AcDbLine
 10
43.96389655172413
 20
10.01986206896552
 30
0.0
 11
40.75386206896552
 21
11.40810344827586
 31
0.0
  0
LINE
  5
A33
330
176
100
AcDbEntity
  8
ABF_Label
347
45
 62
     0
100
AcDbLine
 10
40.75386206896552
 20
11.40810344827586
 30
0.0
 11
39.58458620689654
 21
15.17868965517241
 31
0.0
  0
LINE
  5
A34
330
176
100
AcDbEntity
  8
ABF_Label
347
45
 62
     0
100
AcDbLine
 10
39.58458620689654
 20
15.17868965517241
 30
0.0
 11
40.78889655172413
 21
18.98868965517241
 31
0.0
  0
LINE
  5
A35
330
176
100
AcDbEntity
  8
ABF_Label
347
45
 62
     0
100
AcDbLine
 10
40.78889655172413
 20
18.98868965517241
 30
0.0
 11
43.96389655172413
 21
20.34627586206896
 31
0.0
  0
LINE
  5
A36
330
176
100
AcDbEntity
  8
ABF_Label
347
45
 62
     0
100
AcDbLine
 10
43.96389655172413
 20
20.34627586206896
 30
0.0
 11
47.13451724137931
 21
18.99306896551724
 31
0.0
  0
LINE
  5
A37
330
176
100
AcDbEntity
  8
ABF_Label
347
45
 62
     0
100
AcDbLine
 10
47.13451724137931
 20
18.99306896551724
 30
0.0
 11
48.32568965517241
 21
15.17868965517241
 31
0.0
  0
LINE
  5
A38
330
176
100
AcDbEntity
  8
ABF_Label
347
45
 62
     0
100
AcDbLine
 10
46.6265172413793
 20
15.17868965517241
 30
0.0
 11
45.93458620689654
 21
18.00334482758621
 31
0.0
  0
LINE
  5
A39
330
176
100
AcDbEntity
  8
ABF_Label
347
45
 62
     0
100
AcDbLine
 10
45.93458620689654
 20
18.00334482758621
 30
0.0
 11
43.96389655172413
 21
18.92737931034483
 31
0.0
  0
LINE
  5
A3A
330
176
100
AcDbEntity
  8
ABF_Label
347
45
 62
     0
100
AcDbLine
 10
43.96389655172413
 20
18.92737931034483
 30
0.0
 11
41.98006896551725
 21
18.00334482758621
 31
0.0
  0
LINE
  5
A3B
330
176
100
AcDbEntity
  8
ABF_Label
347
45
 62
     0
100
AcDbLine
 10
41.98006896551725
 20
18.00334482758621
 30
0.0
 11
41.28375862068965
 21
15.17868965517241
 31
0.0
  0
LINE
  5
A3C
330
176
100
AcDbEntity
  8
ABF_Label
347
45
 62
     0
100
AcDbLine
 10
41.28375862068965
 20
15.17868965517241
 30
0.0
 11
41.98006896551725
 21
12.38906896551724
 31
0.0
  0
LINE
  5
A3D
330
176
100
AcDbEntity
  8
ABF_Label
347
45
 62
     0
100
AcDbLine
 10
41.98006896551725
 20
12.38906896551724
 30
0.0
 11
43.96389655172413
 21
11.43875862068966
 31
0.0
  0
LINE
  5
A3E
330
176
100
AcDbEntity
  8
ABF_Label
347
45
 62
     0
100
AcDbLine
 10
43.96389655172413
 20
11.43875862068966
 30
0.0
 11
45.93020689655172
 21
12.37155172413793
 31
0.0
  0
LINE
  5
A3F
330
176
100
AcDbEntity
  8
ABF_Label
347
45
 62
     0
100
AcDbLine
 10
45.93020689655172
 20
12.37155172413793
 30
0.0
 11
46.6265172413793
 21
15.17868965517241
 31
0.0
  0
LINE
  5
A40
330
176
100
AcDbEntity
  8
ABF_Label
347
45
 62
     0
100
AcDbLine
 10
57.89010344827586
 20
10.29137931034483
 30
0.0
 11
55.84058620689655
 21
10.29137931034483
 31
0.0
  0
LINE
  5
A41
330
176
100
AcDbEntity
  8
ABF_Label
347
45
 62
     0
100
AcDbLine
 10
55.84058620689655
 20
10.29137931034483
 30
0.0
 11
52.48603448275862
 21
14.80206896551724
 31
0.0
  0
LINE
  5
A42
330
176
100
AcDbEntity
  8
ABF_Label
347
45
 62
     0
100
AcDbLine
 10
52.48603448275862
 20
14.80206896551724
 30
0.0
 11
51.66272413793104
 21
14.80206896551724
 31
0.0
  0
LINE
  5
A43
330
176
100
AcDbEntity
  8
ABF_Label
347
45
 62
     0
100
AcDbLine
 10
51.66272413793104
 20
14.80206896551724
 30
0.0
 11
51.66272413793104
 21
10.29137931034483
 31
0.0
  0
LINE
  5
A44
330
176
100
AcDbEntity
  8
ABF_Label
347
45
 62
     0
100
AcDbLine
 10
51.66272413793104
 20
10.29137931034483
 30
0.0
 11
50.01610344827585
 21
10.29137931034483
 31
0.0
  0
LINE
  5
A45
330
176
100
AcDbEntity
  8
ABF_Label
347
45
 62
     0
100
AcDbLine
 10
50.01610344827585
 20
10.29137931034483
 30
0.0
 11
50.01610344827585
 21
20.07475862068965
 31
0.0
  0
LINE
  5
A46
330
176
100
AcDbEntity
  8
ABF_Label
347
45
 62
     0
100
AcDbLine
 10
50.01610344827585
 20
20.07475862068965
 30
0.0
 11
51.66272413793104
 21
20.07475862068965
 31
0.0
  0
LINE
  5
A47
330
176
100
AcDbEntity
  8
ABF_Label
347
45
 62
     0
100
AcDbLine
 10
51.66272413793104
 20
20.07475862068965
 30
0.0
 11
51.66272413793104
 21
15.81806896551724
 31
0.0
  0
LINE
  5
A48
330
176
100
AcDbEntity
  8
ABF_Label
347
45
 62
     0
100
AcDbLine
 10
51.66272413793104
 20
15.81806896551724
 30
0.0
 11
52.7531724137931
 21
16.08520689655172
 31
0.0
  0
LINE
  5
A49
330
176
100
AcDbEntity
  8
ABF_Label
347
45
 62
     0
100
AcDbLine
 10
52.7531724137931
 20
16.08520689655172
 30
0.0
 11
53.51955172413793
 21
17.08806896551724
 31
0.0
  0
LINE
  5
A4A
330
176
100
AcDbEntity
  8
ABF_Label
347
45
 62
     0
100
AcDbLine
 10
53.51955172413793
 20
17.08806896551724
 30
0.0
 11
53.7341379310345
 21
17.59606896551724
 31
0.0
  0
LINE
  5
A4B
330
176
100
AcDbEntity
  8
ABF_Label
347
45
 62
     0
100
AcDbLine
 10
53.7341379310345
 20
17.59606896551724
 30
0.0
 11
53.92244827586206
 21
18.10406896551724
 31
0.0
  0
LINE
  5
A4C
330
176
100
AcDbEntity
  8
ABF_Label
347
45
 62
     0
100
AcDbLine
 10
53.92244827586206
 20
18.10406896551724
 30
0.0
 11
54.991
 21
19.62806896551724
 31
0.0
  0
LINE
  5
A4D
330
176
100
AcDbEntity
  8
ABF_Label
347
45
 62
     0
100
AcDbLine
 10
54.991
 20
19.62806896551724
 30
0.0
 11
56.76899999999998
 21
20.07475862068965
 31
0.0
  0
LINE
  5
A4E
330
176
100
AcDbEntity
  8
ABF_Label
347
45
 62
     0
100
AcDbLine
 10
56.76899999999998
 20
20.07475862068965
 30
0.0
 11
57.21568965517243
 21
20.07475862068965
 31
0.0
  0
LINE
  5
A4F
330
176
100
AcDbEntity
  8
ABF_Label
347
45
 62
     0
100
AcDbLine
 10
57.21568965517243
 20
20.07475862068965
 30
0.0
 11
57.21568965517243
 21
18.65586206896552
 31
0.0
  0
LINE
  5
A50
330
176
100
AcDbEntity
  8
ABF_Label
347
45
 62
     0
100
AcDbLine
 10
57.21568965517243
 20
18.65586206896552
 30
0.0
 11
56.83906896551723
 21
18.65586206896552
 31
0.0
  0
LINE
  5
A51
330
176
100
AcDbEntity
  8
ABF_Label
347
45
 62
     0
100
AcDbLine
 10
56.83906896551723
 20
18.65586206896552
 30
0.0
 11
55.8011724137931
 21
18.37120689655172
 31
0.0
  0
LINE
  5
A52
330
176
100
AcDbEntity
  8
ABF_Label
347
45
 62
     0
100
AcDbLine
 10
55.8011724137931
 20
18.37120689655172
 30
0.0
 11
55.21872413793101
 21
17.33331034482758
 31
0.0
  0
LINE
  5
A53
330
176
100
AcDbEntity
  8
ABF_Label
347
45
 62
     0
100
AcDbLine
 10
55.21872413793101
 20
17.33331034482758
 30
0.0
 11
54.64065517241378
 21
16.14651724137931
 31
0.0
  0
LINE
  5
A54
330
176
100
AcDbEntity
  8
ABF_Label
347
45
 62
     0
100
AcDbLine
 10
54.64065517241378
 20
16.14651724137931
 30
0.0
 11
53.90493103448275
 21
15.494
 31
0.0
  0
LINE
  5
A55
330
176
100
AcDbEntity
  8
ABF_Label
347
45
 62
     0
100
AcDbLine
 10
53.90493103448275
 20
15.494
 30
0.0
 11
57.89010344827586
 21
10.29137931034483
 31
0.0
  0
LINE
  5
A56
330
176
100
AcDbEntity
  8
ABF_Label
347
45
 62
     0
100
AcDbLine
 10
66.99906896551721
 20
15.17868965517241
 30
0.0
 11
65.80789655172411
 21
11.36431034482759
 31
0.0
  0
LINE
  5
A57
330
176
100
AcDbEntity
  8
ABF_Label
347
45
 62
     0
100
AcDbLine
 10
65.80789655172411
 20
11.36431034482759
 30
0.0
 11
62.63727586206895
 21
10.01986206896552
 31
0.0
  0
LINE
  5
A58
330
176
100
AcDbEntity
  8
ABF_Label
347
45
 62
     0
100
AcDbLine
 10
62.63727586206895
 20
10.01986206896552
 30
0.0
 11
59.42724137931034
 21
11.40810344827586
 31
0.0
  0
LINE
  5
A59
330
176
100
AcDbEntity
  8
ABF_Label
347
45
 62
     0
100
AcDbLine
 10
59.42724137931034
 20
11.40810344827586
 30
0.0
 11
58.25796551724138
 21
15.17868965517241
 31
0.0
  0
LINE
  5
A5A
330
176
100
AcDbEntity
  8
ABF_Label
347
45
 62
     0
100
AcDbLine
 10
58.25796551724138
 20
15.17868965517241
 30
0.0
 11
59.46227586206897
 21
18.98868965517241
 31
0.0
  0
LINE
  5
A5B
330
176
100
AcDbEntity
  8
ABF_Label
347
45
 62
     0
100
AcDbLine
 10
59.46227586206897
 20
18.98868965517241
 30
0.0
 11
62.63727586206895
 21
20.34627586206896
 31
0.0
  0
LINE
  5
A5C
330
176
100
AcDbEntity
  8
ABF_Label
347
45
 62
     0
100
AcDbLine
 10
62.63727586206895
 20
20.34627586206896
 30
0.0
 11
65.80789655172411
 21
18.99306896551724
 31
0.0
  0
LINE
  5
A5D
330
176
100
AcDbEntity
  8
ABF_Label
347
45
 62
     0
100
AcDbLine
 10
65.80789655172411
 20
18.99306896551724
 30
0.0
 11
66.99906896551721
 21
15.17868965517241
 31
0.0
  0
LINE
  5
A5E
330
176
100
AcDbEntity
  8
ABF_Label
347
45
 62
     0
100
AcDbLine
 10
65.29989655172412
 20
15.17868965517241
 30
0.0
 11
64.60796551724138
 21
18.00334482758621
 31
0.0
  0
LINE
  5
A5F
330
176
100
AcDbEntity
  8
ABF_Label
347
45
 62
     0
100
AcDbLine
 10
64.60796551724138
 20
18.00334482758621
 30
0.0
 11
62.63727586206895
 21
18.92737931034483
 31
0.0
  0
LINE
  5
A60
330
176
100
AcDbEntity
  8
ABF_Label
347
45
 62
     0
100
AcDbLine
 10
62.63727586206895
 20
18.92737931034483
 30
0.0
 11
60.65344827586208
 21
18.00334482758621
 31
0.0
  0
LINE
  5
A61
330
176
100
AcDbEntity
  8
ABF_Label
347
45
 62
     0
100
AcDbLine
 10
60.65344827586208
 20
18.00334482758621
 30
0.0
 11
59.95713793103447
 21
15.17868965517241
 31
0.0
  0
LINE
  5
A62
330
176
100
AcDbEntity
  8
ABF_Label
347
45
 62
     0
100
AcDbLine
 10
59.95713793103447
 20
15.17868965517241
 30
0.0
 11
60.65344827586208
 21
12.38906896551724
 31
0.0
  0
LINE
  5
A63
330
176
100
AcDbEntity
  8
ABF_Label
347
45
 62
     0
100
AcDbLine
 10
60.65344827586208
 20
12.38906896551724
 30
0.0
 11
62.63727586206895
 21
11.43875862068966
 31
0.0
  0
LINE
  5
A64
330
176
100
AcDbEntity
  8
ABF_Label
347
45
 62
     0
100
AcDbLine
 10
62.63727586206895
 20
11.43875862068966
 30
0.0
 11
64.60358620689655
 21
12.37155172413793
 31
0.0
  0
LINE
  5
A65
330
176
100
AcDbEntity
  8
ABF_Label
347
45
 62
     0
100
AcDbLine
 10
64.60358620689655
 20
12.37155172413793
 30
0.0
 11
65.29989655172412
 21
15.17868965517241
 31
0.0
  0
LINE
  5
A66
330
176
100
AcDbEntity
  8
ABF_Label
347
45
 62
     0
100
AcDbLine
 10
76.36203448275863
 20
13.25179310344827
 30
0.0
 11
76.09051724137933
 21
11.99493103448276
 31
0.0
  0
LINE
  5
A67
330
176
100
AcDbEntity
  8
ABF_Label
347
45
 62
     0
100
AcDbLine
 10
76.09051724137933
 20
11.99493103448276
 30
0.0
 11
75.3460344827586
 21
11.07965517241379
 31
0.0
  0
LINE
  5
A68
330
176
100
AcDbEntity
  8
ABF_Label
347
45
 62
     0
100
AcDbLine
 10
75.3460344827586
 20
11.07965517241379
 30
0.0
 11
74.09793103448277
 21
10.45341379310345
 31
0.0
  0
LINE
  5
A69
330
176
100
AcDbEntity
  8
ABF_Label
347
45
 62
     0
100
AcDbLine
 10
74.09793103448277
 20
10.45341379310345
 30
0.0
 11
72.5345172413793
 21
10.29137931034483
 31
0.0
  0
LINE
  5
A6A
330
176
100
AcDbEntity
  8
ABF_Label
347
45
 62
     0
100
AcDbLine
 10
72.5345172413793
 20
10.29137931034483
 30
0.0
 11
68.6894827586207
 21
10.29137931034483
 31
0.0
  0
LINE
  5
A6B
330
176
100
AcDbEntity
  8
ABF_Label
347
45
 62
     0
100
AcDbLine
 10
68.6894827586207
 20
10.29137931034483
 30
0.0
 11
68.6894827586207
 21
20.07475862068965
 31
0.0
  0
LINE
  5
A6C
330
176
100
AcDbEntity
  8
ABF_Label
347
45
 62
     0
100
AcDbLine
 10
68.6894827586207
 20
20.07475862068965
 30
0.0
 11
72.28051724137927
 21
20.07475862068965
 31
0.0
  0
LINE
  5
A6D
330
176
100
AcDbEntity
  8
ABF_Label
347
45
 62
     0
100
AcDbLine
 10
72.28051724137927
 20
20.07475862068965
 30
0.0
 11
73.8570689655172
 21
20.00906896551724
 31
0.0
  0
LINE
  5
A6E
330
176
100
AcDbEntity
  8
ABF_Label
347
45
 62
     0
100
AcDbLine
 10
73.8570689655172
 20
20.00906896551724
 30
0.0
 11
74.84679310344829
 21
19.67186206896552
 31
0.0
  0
LINE
  5
A6F
330
176
100
AcDbEntity
  8
ABF_Label
347
45
 62
     0
100
AcDbLine
 10
74.84679310344829
 20
19.67186206896552
 30
0.0
 11
75.60879310344828
 21
18.92737931034483
 31
0.0
  0
LINE
  5
A70
330
176
100
AcDbEntity
  8
ABF_Label
347
45
 62
     0
100
AcDbLine
 10
75.60879310344828
 20
18.92737931034483
 30
0.0
 11
75.85403448275864
 21
17.82379310344828
 31
0.0
  0
LINE
  5
A71
330
176
100
AcDbEntity
  8
ABF_Label
347
45
 62
     0
100
AcDbLine
 10
75.85403448275864
 20
17.82379310344828
 30
0.0
 11
75.46865517241379
 21
16.56693103448276
 31
0.0
  0
LINE
  5
A72
330
176
100
AcDbEntity
  8
ABF_Label
347
45
 62
     0
100
AcDbLine
 10
75.46865517241379
 20
16.56693103448276
 30
0.0
 11
74.44389655172418
 21
15.70420689655172
 31
0.0
  0
LINE
  5
A73
330
176
100
AcDbEntity
  8
ABF_Label
347
45
 62
     0
100
AcDbLine
 10
74.44389655172418
 20
15.70420689655172
 30
0.0
 11
74.48768965517242
 21
15.64289655172414
 31
0.0
  0
LINE
  5
A74
330
176
100
AcDbEntity
  8
ABF_Label
347
45
 62
     0
100
AcDbLine
 10
74.48768965517242
 20
15.64289655172414
 30
0.0
 11
75.82337931034482
 21
14.8283448275862
 31
0.0
  0
LINE
  5
A75
330
176
100
AcDbEntity
  8
ABF_Label
347
45
 62
     0
100
AcDbLine
 10
75.82337931034482
 20
14.8283448275862
 30
0.0
 11
76.36203448275863
 21
13.25179310344827
 31
0.0
  0
LINE
  5
A76
330
176
100
AcDbEntity
  8
ABF_Label
347
45
 62
     0
100
AcDbLine
 10
74.16362068965516
 20
17.56979310344827
 30
0.0
 11
74.05413793103449
 21
18.14786206896552
 31
0.0
  0
LINE
  5
A77
330
176
100
AcDbEntity
  8
ABF_Label
347
45
 62
     0
100
AcDbLine
 10
74.05413793103449
 20
18.14786206896552
 30
0.0
 11
73.67313793103447
 21
18.53324137931035
 31
0.0
  0
LINE
  5
A78
330
176
100
AcDbEntity
  8
ABF_Label
347
45
 62
     0
100
AcDbLine
 10
73.67313793103447
 20
18.53324137931035
 30
0.0
 11
72.96806896551719
 21
18.73031034482759
 31
0.0
  0
LINE
  5
A79
330
176
100
AcDbEntity
  8
ABF_Label
347
45
 62
     0
100
AcDbLine
 10
72.96806896551719
 20
18.73031034482759
 30
0.0
 11
71.88637931034484
 21
18.76096551724138
 31
0.0
  0
LINE
  5
A7A
330
176
100
AcDbEntity
  8
ABF_Label
347
45
 62
     0
100
AcDbLine
 10
71.88637931034484
 20
18.76096551724138
 30
0.0
 11
70.31858620689654
 21
18.76096551724138
 31
0.0
  0
LINE
  5
A7B
330
176
100
AcDbEntity
  8
ABF_Label
347
45
 62
     0
100
AcDbLine
 10
70.31858620689654
 20
18.76096551724138
 30
0.0
 11
70.31858620689654
 21
16.0808275862069
 31
0.0
  0
LINE
  5
A7C
330
176
100
AcDbEntity
  8
ABF_Label
347
45
 62
     0
100
AcDbLine
 10
70.31858620689654
 20
16.0808275862069
 30
0.0
 11
72.21044827586205
 21
16.0808275862069
 31
0.0
  0
LINE
  5
A7D
330
176
100
AcDbEntity
  8
ABF_Label
347
45
 62
     0
100
AcDbLine
 10
72.21044827586205
 20
16.0808275862069
 30
0.0
 11
73.06879310344829
 21
16.13775862068966
 31
0.0
  0
LINE
  5
A7E
330
176
100
AcDbEntity
  8
ABF_Label
347
45
 62
     0
100
AcDbLine
 10
73.06879310344829
 20
16.13775862068966
 30
0.0
 11
73.62934482758618
 21
16.37862068965517
 31
0.0
  0
LINE
  5
A7F
330
176
100
AcDbEntity
  8
ABF_Label
347
45
 62
     0
100
AcDbLine
 10
73.62934482758618
 20
16.37862068965517
 30
0.0
 11
74.04100000000003
 21
16.85158620689655
 31
0.0
  0
LINE
  5
A80
330
176
100
AcDbEntity
  8
ABF_Label
347
45
 62
     0
100
AcDbLine
 10
74.04100000000003
 20
16.85158620689655
 30
0.0
 11
74.16362068965516
 21
17.56979310344827
 31
0.0
  0
LINE
  5
A81
330
176
100
AcDbEntity
  8
ABF_Label
347
45
 62
     0
100
AcDbLine
 10
74.66286206896551
 20
13.24303448275862
 30
0.0
 11
74.51834482758619
 21
14.04444827586206
 31
0.0
  0
LINE
  5
A82
330
176
100
AcDbEntity
  8
ABF_Label
347
45
 62
     0
100
AcDbLine
 10
74.51834482758619
 20
14.04444827586206
 30
0.0
 11
73.88334482758623
 21
14.58310344827586
 31
0.0
  0
LINE
  5
A83
330
176
100
AcDbEntity
  8
ABF_Label
347
45
 62
     0
100
AcDbLine
 10
73.88334482758623
 20
14.58310344827586
 30
0.0
 11
73.22644827586203
 21
14.76703448275862
 31
0.0
  0
LINE
  5
A84
330
176
100
AcDbEntity
  8
ABF_Label
347
45
 62
     0
100
AcDbLine
 10
73.22644827586203
 20
14.76703448275862
 30
0.0
 11
72.25424137931034
 21
14.80206896551724
 31
0.0
  0
LINE
  5
A85
330
176
100
AcDbEntity
  8
ABF_Label
347
45
 62
     0
100
AcDbLine
 10
72.25424137931034
 20
14.80206896551724
 30
0.0
 11
70.31858620689654
 21
14.80206896551724
 31
0.0
  0
LINE
  5
A86
330
176
100
AcDbEntity
  8
ABF_Label
347
45
 62
     0
100
AcDbLine
 10
70.31858620689654
 20
14.80206896551724
 30
0.0
 11
70.31858620689654
 21
11.6051724137931
 31
0.0
  0
LINE
  5
A87
330
176
100
AcDbEntity
  8
ABF_Label
347
45
 62
     0
100
AcDbLine
 10
70.31858620689654
 20
11.6051724137931
 30
0.0
 11
71.74624137931035
 21
11.6051724137931
 31
0.0
  0
LINE
  5
A88
330
176
100
AcDbEntity
  8
ABF_Label
347
45
 62
     0
100
AcDbLine
 10
71.74624137931035
 20
11.6051724137931
 30
0.0
 11
73.1213448275862
 21
11.67524137931035
 31
0.0
  0
LINE
  5
A89
330
176
100
AcDbEntity
  8
ABF_Label
347
45
 62
     0
100
AcDbLine
 10
73.1213448275862
 20
11.67524137931035
 30
0.0
 11
73.96217241379313
 21
11.95551724137931
 31
0.0
  0
LINE
  5
A8A
330
176
100
AcDbEntity
  8
ABF_Label
347
45
 62
     0
100
AcDbLine
 10
73.96217241379313
 20
11.95551724137931
 30
0.0
 11
74.49644827586205
 21
12.48103448275862
 31
0.0
  0
LINE
  5
A8B
330
176
100
AcDbEntity
  8
ABF_Label
347
45
 62
     0
100
AcDbLine
 10
74.49644827586205
 20
12.48103448275862
 30
0.0
 11
74.66286206896551
 21
13.24303448275862
 31
0.0
  0
LINE
  5
A8C
330
176
100
AcDbEntity
  8
ABF_Label
347
45
 62
     0
100
AcDbLine
 10
85.8213448275862
 20
10.29137931034483
 30
0.0
 11
84.19224137931035
 21
10.29137931034483
 31
0.0
  0
LINE
  5
A8D
330
176
100
AcDbEntity
  8
ABF_Label
347
45
 62
     0
100
AcDbLine
 10
84.19224137931035
 20
10.29137931034483
 30
0.0
 11
84.19224137931035
 21
17.58731034482758
 31
0.0
  0
LINE
  5
A8E
330
176
100
AcDbEntity
  8
ABF_Label
347
45
 62
     0
100
AcDbLine
 10
84.19224137931035
 20
17.58731034482758
 30
0.0
 11
79.58520689655171
 21
10.29137931034483
 31
0.0
  0
LINE
  5
A8F
330
176
100
AcDbEntity
  8
ABF_Label
347
45
 62
     0
100
AcDbLine
 10
79.58520689655171
 20
10.29137931034483
 30
0.0
 11
78.09624137931034
 21
10.29137931034483
 31
0.0
  0
LINE
  5
A90
330
176
100
AcDbEntity
  8
ABF_Label
347
45
 62
     0
100
AcDbLine
 10
78.09624137931034
 20
10.29137931034483
 30
0.0
 11
78.09624137931034
 21
20.07475862068965
 31
0.0
  0
LINE
  5
A91
330
176
100
AcDbEntity
  8
ABF_Label
347
45
 62
     0
100
AcDbLine
 10
78.09624137931034
 20
20.07475862068965
 30
0.0
 11
79.7253448275862
 21
20.07475862068965
 31
0.0
  0
LINE
  5
A92
330
176
100
AcDbEntity
  8
ABF_Label
347
45
 62
     0
100
AcDbLine
 10
79.7253448275862
 20
20.07475862068965
 30
0.0
 11
79.7253448275862
 21
12.89268965517241
 31
0.0
  0
LINE
  5
A93
330
176
100
AcDbEntity
  8
ABF_Label
347
45
 62
     0
100
AcDbLine
 10
79.7253448275862
 20
12.89268965517241
 30
0.0
 11
84.27982758620688
 21
20.07475862068965
 31
0.0
  0
LINE
  5
A94
330
176
100
AcDbEntity
  8
ABF_Label
347
45
 62
     0
100
AcDbLine
 10
84.27982758620688
 20
20.07475862068965
 30
0.0
 11
85.8213448275862
 21
20.07475862068965
 31
0.0
  0
LINE
  5
A95
330
176
100
AcDbEntity
  8
ABF_Label
347
45
 62
     0
100
AcDbLine
 10
85.8213448275862
 20
20.07475862068965
 30
0.0
 11
85.8213448275862
 21
10.29137931034483
 31
0.0
  0
LINE
  5
A96
330
176
100
AcDbEntity
  8
ABF_Label
347
45
 62
     0
100
AcDbLine
 10
95.92879310344829
 20
10.29137931034483
 30
0.0
 11
94.28217241379309
 21
10.29137931034483
 31
0.0
  0
LINE
  5
A97
330
176
100
AcDbEntity
  8
ABF_Label
347
45
 62
     0
100
AcDbLine
 10
94.28217241379309
 20
10.29137931034483
 30
0.0
 11
94.28217241379309
 21
14.69696551724138
 31
0.0
  0
LINE
  5
A98
330
176
100
AcDbEntity
  8
ABF_Label
347
45
 62
     0
100
AcDbLine
 10
94.28217241379309
 20
14.69696551724138
 30
0.0
 11
89.85031034482759
 21
14.69696551724138
 31
0.0
  0
LINE
  5
A99
330
176
100
AcDbEntity
  8
ABF_Label
347
45
 62
     0
100
AcDbLine
 10
89.85031034482759
 20
14.69696551724138
 30
0.0
 11
89.85031034482759
 21
10.29137931034483
 31
0.0
  0
LINE
  5
A9A
330
176
100
AcDbEntity
  8
ABF_Label
347
45
 62
     0
100
AcDbLine
 10
89.85031034482759
 20
10.29137931034483
 30
0.0
 11
88.20368965517244
 21
10.29137931034483
 31
0.0
  0
LINE
  5
A9B
330
176
100
AcDbEntity
  8
ABF_Label
347
45
 62
     0
100
AcDbLine
 10
88.20368965517244
 20
10.29137931034483
 30
0.0
 11
88.20368965517244
 21
20.07475862068965
 31
0.0
  0
LINE
  5
A9C
330
176
100
AcDbEntity
  8
ABF_Label
347
45
 62
     0
100
AcDbLine
 10
88.20368965517244
 20
20.07475862068965
 30
0.0
 11
89.85031034482759
 21
20.07475862068965
 31
0.0
  0
LINE
  5
A9D
330
176
100
AcDbEntity
  8
ABF_Label
347
45
 62
     0
100
AcDbLine
 10
89.85031034482759
 20
20.07475862068965
 30
0.0
 11
89.85031034482759
 21
16.11586206896552
 31
0.0
  0
LINE
  5
A9E
330
176
100
AcDbEntity
  8
ABF_Label
347
45
 62
     0
100
AcDbLine
 10
89.85031034482759
 20
16.11586206896552
 30
0.0
 11
94.28217241379309
 21
16.11586206896552
 31
0.0
  0
LINE
  5
A9F
330
176
100
AcDbEntity
  8
ABF_Label
347
45
 62
     0
100
AcDbLine
 10
94.28217241379309
 20
16.11586206896552
 30
0.0
 11
94.28217241379309
 21
20.07475862068965
 31
0.0
  0
LINE
  5
AA0
330
176
100
AcDbEntity
  8
ABF_Label
347
45
 62
     0
100
AcDbLine
 10
94.28217241379309
 20
20.07475862068965
 30
0.0
 11
95.92879310344829
 21
20.07475862068965
 31
0.0
  0
LINE
  5
AA1
330
176
100
AcDbEntity
  8
ABF_Label
347
45
 62
     0
100
AcDbLine
 10
95.92879310344829
 20
20.07475862068965
 30
0.0
 11
95.92879310344829
 21
10.29137931034483
 31
0.0
  0
LINE
  5
AA2
330
176
100
AcDbEntity
  8
ABF_Label
347
45
 62
     0
100
AcDbLine
 10
103.7677586206896
 20
12.7
 30
0.0
 11
103.7677586206896
 21
15.4151724137931
 31
0.0
  0
LINE
  5
AA3
330
176
100
AcDbEntity
  8
ABF_Label
347
45
 62
     0
100
AcDbLine
 10
103.7677586206896
 20
15.4151724137931
 30
0.0
 11
102.2831724137931
 21
15.27065517241379
 31
0.0
  0
LINE
  5
AA4
330
176
100
AcDbEntity
  8
ABF_Label
347
45
 62
     0
100
AcDbLine
 10
102.2831724137931
 20
15.27065517241379
 30
0.0
 11
100.8336206896551
 21
15.01227586206896
 31
0.0
  0
LINE
  5
AA5
330
176
100
AcDbEntity
  8
ABF_Label
347
45
 62
     0
100
AcDbLine
 10
100.8336206896551
 20
15.01227586206896
 30
0.0
 11
99.74755172413794
 21
14.39479310344827
 31
0.0
  0
LINE
  5
AA6
330
176
100
AcDbEntity
  8
ABF_Label
347
45
 62
     0
100
AcDbLine
 10
99.74755172413794
 20
14.39479310344827
 30
0.0
 11
99.31837931034484
 21
13.23427586206896
 31
0.0
  0
LINE
  5
AA7
330
176
100
AcDbEntity
  8
ABF_Label
347
45
 62
     0
100
AcDbLine
 10
99.31837931034484
 20
13.23427586206896
 30
0.0
 11
99.79134482758622
 21
11.96427586206896
 31
0.0
  0
LINE
  5
AA8
330
176
100
AcDbEntity
  8
ABF_Label
347
45
 62
     0
100
AcDbLine
 10
99.79134482758622
 20
11.96427586206896
 30
0.0
 11
101.1752068965517
 21
11.53510344827586
 31
0.0
  0
LINE
  5
AA9
330
176
100
AcDbEntity
  8
ABF_Label
347
45
 62
     0
100
AcDbLine
 10
101.1752068965517
 20
11.53510344827586
 30
0.0
 11
102.5853448275862
 21
11.87231034482759
 31
0.0
  0
LINE
  5
AAA
330
176
100
AcDbEntity
  8
ABF_Label
347
45
 62
     0
100
AcDbLine
 10
102.5853448275862
 20
11.87231034482759
 30
0.0
 11
103.7677586206896
 21
12.7
 31
0.0
  0
LINE
  5
AAB
330
176
100
AcDbEntity
  8
ABF_Label
347
45
 62
     0
100
AcDbLine
 10
103.7677586206896
 20
11.33365517241379
 30
0.0
 11
103.2291034482758
 21
10.91762068965517
 31
0.0
  0
LINE
  5
AAC
330
176
100
AcDbEntity
  8
ABF_Label
347
45
 62
     0
100
AcDbLine
 10
103.2291034482758
 20
10.91762068965517
 30
0.0
 11
102.5765862068965
 21
10.49282758620689
 31
0.0
  0
LINE
  5
AAD
330
176
100
AcDbEntity
  8
ABF_Label
347
45
 62
     0
100
AcDbLine
 10
102.5765862068965
 20
10.49282758620689
 30
0.0
 11
101.7313793103448
 21
10.14248275862069
 31
0.0
  0
LINE
  5
AAE
330
176
100
AcDbEntity
  8
ABF_Label
347
45
 62
     0
100
AcDbLine
 10
101.7313793103448
 20
10.14248275862069
 30
0.0
 11
100.5883793103448
 21
10.01986206896552
 31
0.0
  0
LINE
  5
AAF
330
176
100
AcDbEntity
  8
ABF_Label
347
45
 62
     0
100
AcDbLine
 10
100.5883793103448
 20
10.01986206896552
 30
0.0
 11
99.44100000000002
 21
10.24758620689655
 31
0.0
  0
LINE
  5
AB0
330
176
100
AcDbEntity
  8
ABF_Label
347
45
 62
     0
100
AcDbLine
 10
99.44100000000002
 20
10.24758620689655
 30
0.0
 11
98.48631034482759
 21
10.88696551724138
 31
0.0
  0
LINE
  5
AB1
330
176
100
AcDbEntity
  8
ABF_Label
347
45
 62
     0
100
AcDbLine
 10
98.48631034482759
 20
10.88696551724138
 30
0.0
 11
97.85568965517241
 21
11.88106896551724
 31
0.0
  0
LINE
  5
AB2
330
176
100
AcDbEntity
  8
ABF_Label
347
45
 62
     0
100
AcDbLine
 10
97.85568965517241
 20
11.88106896551724
 30
0.0
 11
97.61920689655173
 21
13.1291724137931
 31
0.0
  0
LINE
  5
AB3
330
176
100
AcDbEntity
  8
ABF_Label
347
45
 62
     0
100
AcDbLine
 10
97.61920689655173
 20
13.1291724137931
 30
0.0
 11
98.04837931034481
 21
14.859
 31
0.0
  0
LINE
  5
AB4
330
176
100
AcDbEntity
  8
ABF_Label
347
45
 62
     0
100
AcDbLine
 10
98.04837931034481
 20
14.859
 30
0.0
 11
99.40596551724141
 21
15.99324137931034
 31
0.0
  0
LINE
  5
AB5
330
176
100
AcDbEntity
  8
ABF_Label
347
45
 62
     0
100
AcDbLine
 10
99.40596551724141
 20
15.99324137931034
 30
0.0
 11
101.3503793103448
 21
16.51437931034482
 31
0.0
  0
LINE
  5
AB6
330
176
100
AcDbEntity
  8
ABF_Label
347
45
 62
     0
100
AcDbLine
 10
101.3503793103448
 20
16.51437931034482
 30
0.0
 11
103.7677586206896
 21
16.72896551724138
 31
0.0
  0
LINE
  5
AB7
330
176
100
AcDbEntity
  8
ABF_Label
347
45
 62
     0
100
AcDbLine
 10
103.7677586206896
 20
16.72896551724138
 30
0.0
 11
103.7677586206896
 21
17.04427586206897
 31
0.0
  0
LINE
  5
AB8
330
176
100
AcDbEntity
  8
ABF_Label
347
45
 62
     0
100
AcDbLine
 10
103.7677586206896
 20
17.04427586206897
 30
0.0
 11
103.5925862068965
 21
17.97706896551724
 31
0.0
  0
LINE
  5
AB9
330
176
100
AcDbEntity
  8
ABF_Label
347
45
 62
     0
100
AcDbLine
 10
103.5925862068965
 20
17.97706896551724
 30
0.0
 11
103.1021034482759
 21
18.52448275862069
 31
0.0
  0
LINE
  5
ABA
330
176
100
AcDbEntity
  8
ABF_Label
347
45
 62
     0
100
AcDbLine
 10
103.1021034482759
 20
18.52448275862069
 30
0.0
 11
102.3313448275862
 21
18.79162068965517
 31
0.0
  0
LINE
  5
ABB
330
176
100
AcDbEntity
  8
ABF_Label
347
45
 62
     0
100
AcDbLine
 10
102.3313448275862
 20
18.79162068965517
 30
0.0
 11
101.3941724137931
 21
18.85731034482759
 31
0.0
  0
LINE
  5
ABC
330
176
100
AcDbEntity
  8
ABF_Label
347
45
 62
     0
100
AcDbLine
 10
101.3941724137931
 20
18.85731034482759
 30
0.0
 11
100.0541034482758
 21
18.68651724137931
 31
0.0
  0
LINE
  5
ABD
330
176
100
AcDbEntity
  8
ABF_Label
347
45
 62
     0
100
AcDbLine
 10
100.0541034482758
 20
18.68651724137931
 30
0.0
 11
98.51258620689651
 21
18.19165517241379
 31
0.0
  0
LINE
  5
ABE
330
176
100
AcDbEntity
  8
ABF_Label
347
45
 62
     0
100
AcDbLine
 10
98.51258620689651
 20
18.19165517241379
 30
0.0
 11
98.41624137931036
 21
18.19165517241379
 31
0.0
  0
LINE
  5
ABF
330
176
100
AcDbEntity
  8
ABF_Label
347
45
 62
     0
100
AcDbLine
 10
98.41624137931036
 20
18.19165517241379
 30
0.0
 11
98.41624137931036
 21
19.86455172413793
 31
0.0
  0
LINE
  5
AC0
330
176
100
AcDbEntity
  8
ABF_Label
347
45
 62
     0
100
AcDbLine
 10
98.41624137931036
 20
19.86455172413793
 30
0.0
 11
99.72127586206895
 21
20.15358620689655
 31
0.0
  0
LINE
  5
AC1
330
176
100
AcDbEntity
  8
ABF_Label
347
45
 62
     0
100
AcDbLine
 10
99.72127586206895
 20
20.15358620689655
 30
0.0
 11
101.4029310344827
 21
20.31124137931034
 31
0.0
  0
LINE
  5
AC2
330
176
100
AcDbEntity
  8
ABF_Label
347
45
 62
     0
100
AcDbLine
 10
101.4029310344827
 20
20.31124137931034
 30
0.0
 11
103.1021034482759
 21
20.15358620689655
 31
0.0
  0
LINE
  5
AC3
330
176
100
AcDbEntity
  8
ABF_Label
347
45
 62
     0
100
AcDbLine
 10
103.1021034482759
 20
20.15358620689655
 30
0.0
 11
104.3458275862069
 21
19.58427586206896
 31
0.0
  0
LINE
  5
AC4
330
176
100
AcDbEntity
  8
ABF_Label
347
45
 62
     0
100
AcDbLine
 10
104.3458275862069
 20
19.58427586206896
 30
0.0
 11
105.1428620689655
 21
18.542
 31
0.0
  0
LINE
  5
AC5
330
176
100
AcDbEntity
  8
ABF_Label
347
45
 62
     0
100
AcDbLine
 10
105.1428620689655
 20
18.542
 30
0.0
 11
105.4056206896552
 21
16.98296551724138
 31
0.0
  0
LINE
  5
AC6
330
176
100
AcDbEntity
  8
ABF_Label
347
45
 62
     0
100
AcDbLine
 10
105.4056206896552
 20
16.98296551724138
 30
0.0
 11
105.4056206896552
 21
10.29137931034483
 31
0.0
  0
LINE
  5
AC7
330
176
100
AcDbEntity
  8
ABF_Label
347
45
 62
     0
100
AcDbLine
 10
105.4056206896552
 20
10.29137931034483
 30
0.0
 11
103.7677586206896
 21
10.29137931034483
 31
0.0
  0
LINE
  5
AC8
330
176
100
AcDbEntity
  8
ABF_Label
347
45
 62
     0
100
AcDbLine
 10
103.7677586206896
 20
10.29137931034483
 30
0.0
 11
103.7677586206896
 21
11.33365517241379
 31
0.0
  0
LINE
  5
AC9
330
176
100
AcDbEntity
  8
ABF_Label
347
45
 62
     0
100
AcDbLine
 10
11.60898198938369
 20
-10.57317554330826
 30
0.0
 11
13.00575780248641
 21
-13.716
 31
0.0
  0
LINE
  5
ACA
330
176
100
AcDbEntity
  8
ABF_Label
347
45
 62
     0
100
AcDbLine
 10
8.945599561691276
 20
-4.580415426254274
 30
0.0
 11
11.60898198938369
 21
-10.57317554330826
 31
0.0
  0
LINE
  5
ACB
330
176
100
AcDbEntity
  8
ABF_Label
347
45
 62
     0
100
AcDbLine
 10
5.207446859836574
 20
-13.716
 30
0.0
 11
6.493446519136434
 21
-10.57317554330826
 31
0.0
  0
LINE
  5
ACC
330
176
100
AcDbEntity
  8
ABF_Label
347
45
 62
     0
100
AcDbLine
 10
6.493446519136434
 20
-10.57317554330826
 30
0.0
 11
8.945599561691276
 21
-4.580415426254274
 31
0.0
  0
LINE
  5
ACD
330
176
100
AcDbEntity
  8
ABF_Label
347
45
 62
     0
100
AcDbLine
 10
6.493446519136434
 20
-10.57317554330826
 30
0.0
 11
11.60898198938369
 21
-10.57317554330826
 31
0.0
  0
LINE
  5
ACE
330
176
100
AcDbEntity
  8
ABF_Label
347
45
 62
     0
100
AcDbLine
 10
20.28646128892898
 20
-6.83563811397553
 30
0.0
 11
19.50937814950944
 21
-5.3839256105423
 31
0.0
  0
LINE
  5
ACF
330
176
100
AcDbEntity
  8
ABF_Label
347
45
 62
     0
100
AcDbLine
 10
20.03659463644027
 20
-9.902114881038669
 30
0.0
 11
20.74415319204332
 21
-11.59471429800987
 31
0.0
  0
LINE
  5
AD0
330
176
100
AcDbEntity
  8
ABF_Label
347
45
 62
     0
100
AcDbLine
 10
19.50937814950944
 20
-5.3839256105423
 30
0.0
 11
17.95535781621934
 21
-4.876400266647341
 31
0.0
  0
LINE
  5
AD1
330
176
100
AcDbEntity
  8
ABF_Label
347
45
 62
     0
100
AcDbLine
 10
14.52975780248642
 20
-4.876400266647341
 30
0.0
 11
17.95535781621934
 21
-4.876400266647341
 31
0.0
  0
LINE
  5
AD2
330
176
100
AcDbEntity
  8
ABF_Label
347
45
 62
     0
100
AcDbLine
 10
17.95535781621934
 20
-8.97890088415146
 30
0.0
 11
19.55097808122635
 21
-8.251021076202397
 31
0.0
  0
LINE
  5
AD3
330
176
100
AcDbEntity
  8
ABF_Label
347
45
 62
     0
100
AcDbLine
 10
17.95535781621934
 20
-13.716
 30
0.0
 11
19.75897834539415
 21
-13.35673622018099
 31
0.0
  0
LINE
  5
AD4
330
176
100
AcDbEntity
  8
ABF_Label
347
45
 62
     0
100
AcDbLine
 10
14.52975780248642
 20
-13.716
 30
0.0
 11
17.95535781621934
 21
-13.716
 31
0.0
  0
LINE
  5
AD5
330
176
100
AcDbEntity
  8
ABF_Label
347
45
 62
     0
100
AcDbLine
 10
14.52975780248642
 20
-8.97890088415146
 30
0.0
 11
14.52975780248642
 21
-13.716
 31
0.0
  0
LINE
  5
AD6
330
176
100
AcDbEntity
  8
ABF_Label
347
45
 62
     0
100
AcDbLine
 10
14.52975780248642
 20
-8.97890088415146
 30
0.0
 11
17.95535781621934
 21
-8.97890088415146
 31
0.0
  0
LINE
  5
AD7
330
176
100
AcDbEntity
  8
ABF_Label
347
45
 62
     0
100
AcDbLine
 10
14.52975780248642
 20
-4.876400266647341
 30
0.0
 11
14.52975780248642
 21
-8.97890088415146
 31
0.0
  0
LINE
  5
AD8
330
176
100
AcDbEntity
  8
ABF_Label
347
45
 62
     0
100
AcDbLine
 10
17.95535781621934
 20
-8.97890088415146
 30
0.0
 11
20.03659463644027
 21
-9.902114881038669
 31
0.0
  0
LINE
  5
AD9
330
176
100
AcDbEntity
  8
ABF_Label
347
45
 62
     0
100
AcDbLine
 10
20.74415319204332
 20
-11.59471429800987
 30
0.0
 11
19.75897834539415
 21
-13.35673622018099
 31
0.0
  0
LINE
  5
ADA
330
176
100
AcDbEntity
  8
ABF_Label
347
45
 62
     0
100
AcDbLine
 10
19.55097808122635
 20
-8.251021076202397
 30
0.0
 11
20.28646128892898
 21
-6.83563811397553
 31
0.0
  0
LINE
  5
ADB
330
176
100
AcDbEntity
  8
ABF_Label
347
45
 62
     0
100
AcDbLine
 10
22.26815319204331
 20
-8.97454341030121
 30
0.0
 11
27.08615307474136
 21
-8.97454341030121
 31
0.0
  0
LINE
  5
ADC
330
176
100
AcDbEntity
  8
ABF_Label
347
45
 62
     0
100
AcDbLine
 10
22.26815319204331
 20
-4.787599969863896
 30
0.0
 11
22.26815319204331
 21
-8.97454341030121
 31
0.0
  0
LINE
  5
ADD
330
176
100
AcDbEntity
  8
ABF_Label
347
45
 62
     0
100
AcDbLine
 10
22.26815319204331
 20
-4.787599969863896
 30
0.0
 11
27.81255314016342
 21
-4.787599969863896
 31
0.0
  0
LINE
  5
ADE
330
176
100
AcDbEntity
  8
ABF_Label
347
45
 62
     0
100
AcDbLine
 10
22.26815319204331
 20
-8.97454341030121
 30
0.0
 11
22.26815319204331
 21
-13.716
 31
0.0
  0
LINE
  5
ADF
330
176
100
AcDbEntity
  8
ABF_Label
347
45
 62
     0
100
AcDbLine
 10
-86.17168965517239
 20
0.0
 30
0.0
 11
119.1916896551724
 21
0.0
 31
0.0
  0
POLYLINE
  5
AE0
330
176
100
AcDbEntity
  8
ABF_Label
347
45
 62
     0
100
AcDb3dPolyline
 66
     1
 10
0.0
 20
0.0
 30
0.0
 70
     9
  0
VERTEX
  5
AE1
330
AE0
100
AcDbEntity
  8
ABF_Label
 62
     0
100
AcDbVertex
100
AcDb3dPolylineVertex
 10
119.1916896551724
 20
17.78
 30
0.0
 70
    32
  0
VERTEX
  5
AE2
330
AE0
100
AcDbEntity
  8
ABF_Label
 62
     0
100
AcDbVertex
100
AcDb3dPolylineVertex
 10
136.9716896551724
 20
0.0
 30
0.0
 70
    32
  0
VERTEX
  5
AE3
330
AE0
100
AcDbEntity
  8
ABF_Label
 62
     0
100
AcDbVertex
100
AcDb3dPolylineVertex
 10
119.1916896551724
 20
-17.78
 30
0.0
 70
    32
  0
VERTEX
  5
AE4
330
AE0
100
AcDbEntity
  8
ABF_Label
 62
     0
100
AcDbVertex
100
AcDb3dPolylineVertex
 10
119.1916896551724
 20
17.78
 30
0.0
 70
    32
  0
SEQEND
  5
AE5
330
AE0
100
AcDbEntity
  8
ABF_Label
347
45
 62
     0
  0
POLYLINE
  5
AE6
330
176
100
AcDbEntity
  8
ABF_Label
347
45
 62
     0
100
AcDb3dPolyline
 66
     1
 10
0.0
 20
0.0
 30
0.0
 70
     9
  0
VERTEX
  5
AE7
330
AE6
100
AcDbEntity
  8
ABF_Label
 62
     0
100
AcDbVertex
100
AcDb3dPolylineVertex
 10
-86.17168965517239
 20
0.0
 30
0.0
 70
    32
  0
VERTEX
  5
AE8
330
AE6
100
AcDbEntity
  8
ABF_Label
 62
     0
100
AcDbVertex
100
AcDb3dPolylineVertex
 10
-111.5716896551724
 20
-25.4
 30
0.0
 70
    32
  0
VERTEX
  5
AE9
330
AE6
100
AcDbEntity
  8
ABF_Label
 62
     0
100
AcDbVertex
100
AcDb3dPolylineVertex
 10
-136.9716896551724
 20
0.0
 30
0.0
 70
    32
  0
VERTEX
  5
AEA
330
AE6
100
AcDbEntity
  8
ABF_Label
 62
     0
100
AcDbVertex
100
AcDb3dPolylineVertex
 10
-111.5716896551724
 20
25.4
 30
0.0
 70
    32
  0
VERTEX
  5
AEB
330
AE6
100
AcDbEntity
  8
ABF_Label
 62
     0
100
AcDbVertex
100
AcDb3dPolylineVertex
 10
-86.17168965517239
 20
0.0
 30
0.0
 70
    32
  0
SEQEND
  5
AEC
330
AE6
100
AcDbEntity
  8
ABF_Label
347
45
 62
     0
  0
ENDBLK
  5
178
330
176
100
AcDbEntity
  8
0
100
AcDbBlockEnd
  0
BLOCK
  5
17A
330
179
100
AcDbEntity
  8
0
100
AcDbBlockBegin
  2
Group149#1
 70
     0
 10
0.0
 20
0.0
 30
0.0
  3
Group149#1
  1

  0
LINE
  5
AED
330
179
100
AcDbEntity
  8
ABF_Label
347
45
 62
     0
100
AcDbLine
 10
-105.6768446532728
 20
7.346593595451782
 30
0.0
 11
-104.1323133670133
 21
11.21926072343191
 31
0.0
  0
LINE
  5
AEE
330
179
100
AcDbEntity
  8
ABF_Label
347
45
 62
     0
100
AcDbLine
 10
-99.65921873107631
 20
-12.446
 30
0.0
 11
-105.0377615422515
 21
-9.971925800568526
 31
0.0
  0
LINE
  5
AEF
330
179
100
AcDbEntity
  8
ABF_Label
347
45
 62
     0
100
AcDbLine
 10
-99.65921873107631
 20
13.15511374033822
 30
0.0
 11
-95.07871646419247
 21
11.21926072343191
 31
0.0
  0
LINE
  5
AF0
330
179
100
AcDbEntity
  8
ABF_Label
347
45
 62
     0
100
AcDbLine
 10
-93.48100868663933
 20
7.346593595451782
 30
0.0
 11
-95.07871646419247
 21
3.743050968223149
 31
0.0
  0
LINE
  5
AF1
330
179
100
AcDbEntity
  8
ABF_Label
347
45
 62
     0
100
AcDbLine
 10
-92.09622365622135
 20
-5.669455259005228
 30
0.0
 11
-93.77085770767675
 21
-9.971925800568526
 31
0.0
  0
LINE
  5
AF2
330
179
100
AcDbEntity
  8
ABF_Label
347
45
 62
     0
100
AcDbLine
 10
-104.1323133670133
 20
11.21926072343191
 30
0.0
 11
-99.65921873107631
 21
13.15511374033822
 31
0.0
  0
LINE
  5
AF3
330
179
100
AcDbEntity
  8
ABF_Label
347
45
 62
     0
100
AcDbLine
 10
-93.77085770767675
 20
-1.364955168459148
 30
0.0
 11
-92.09622365622135
 21
-5.669455259005228
 31
0.0
  0
LINE
  5
AF4
330
179
100
AcDbEntity
  8
ABF_Label
347
45
 62
     0
100
AcDbLine
 10
-95.07871646419247
 20
11.21926072343191
 30
0.0
 11
-93.48100868663933
 21
7.346593595451782
 31
0.0
  0
LINE
  5
AF5
330
179
100
AcDbEntity
  8
ABF_Label
347
45
 62
     0
100
AcDbLine
 10
-106.7419832403303
 20
-5.669455259005228
 30
0.0
 11
-105.0377615422515
 21
-1.364955168459148
 31
0.0
  0
LINE
  5
AF6
330
179
100
AcDbEntity
  8
ABF_Label
347
45
 62
     0
100
AcDbLine
 10
-104.1323133670133
 20
3.743050968223149
 30
0.0
 11
-99.65921873107631
 21
1.537898706171249
 31
0.0
  0
LINE
  5
AF7
330
179
100
AcDbEntity
  8
ABF_Label
347
45
 62
     0
100
AcDbLine
 10
-105.0377615422515
 20
-9.971925800568526
 30
0.0
 11
-106.7419832403303
 21
-5.669455259005228
 31
0.0
  0
LINE
  5
AF8
330
179
100
AcDbEntity
  8
ABF_Label
347
45
 62
     0
100
AcDbLine
 10
-104.1323133670133
 20
3.743050968223149
 30
0.0
 11
-105.6768446532728
 21
7.346593595451782
 31
0.0
  0
LINE
  5
AF9
330
179
100
AcDbEntity
  8
ABF_Label
347
45
 62
     0
100
AcDbLine
 10
-105.0377615422515
 20
-1.364955168459148
 30
0.0
 11
-99.65921873107631
 21
1.537898706171249
 31
0.0
  0
LINE
  5
AFA
330
179
100
AcDbEntity
  8
ABF_Label
347
45
 62
     0
100
AcDbLine
 10
-99.65921873107631
 20
1.537898706171249
 30
0.0
 11
-93.77085770767675
 21
-1.364955168459148
 31
0.0
  0
LINE
  5
AFB
330
179
100
AcDbEntity
  8
ABF_Label
347
45
 62
     0
100
AcDbLine
 10
-93.77085770767675
 20
-9.971925800568526
 30
0.0
 11
-99.65921873107631
 21
-12.446
 31
0.0
  0
LINE
  5
AFC
330
179
100
AcDbEntity
  8
ABF_Label
347
45
 62
     0
100
AcDbLine
 10
-95.07871646419247
 20
3.743050968223149
 30
0.0
 11
-99.65921873107631
 21
1.537898706171249
 31
0.0
  0
LINE
  5
AFD
330
179
100
AcDbEntity
  8
ABF_Label
347
45
 62
     0
100
AcDbLine
 10
-52.7706896551724
 20
7.033172413793104
 30
0.0
 11
-57.3251724137931
 21
7.033172413793104
 31
0.0
  0
LINE
  5
AFE
330
179
100
AcDbEntity
  8
ABF_Label
347
45
 62
     0
100
AcDbLine
 10
-57.3251724137931
 20
7.033172413793104
 30
0.0
 11
-57.3251724137931
 21
24.09496551724138
 31
0.0
  0
LINE
  5
AFF
330
179
100
AcDbEntity
  8
ABF_Label
347
45
 62
     0
100
AcDbLine
 10
-57.3251724137931
 20
24.09496551724138
 30
0.0
 11
-52.7706896551724
 21
24.09496551724138
 31
0.0
  0
LINE
  5
B00
330
179
100
AcDbEntity
  8
ABF_Label
347
45
 62
     0
100
AcDbLine
 10
-52.7706896551724
 20
24.09496551724138
 30
0.0
 11
-52.7706896551724
 21
22.84248275862069
 31
0.0
  0
LINE
  5
B01
330
179
100
AcDbEntity
  8
ABF_Label
347
45
 62
     0
100
AcDbLine
 10
-52.7706896551724
 20
22.84248275862069
 30
0.0
 11
-55.79241379310344
 21
22.84248275862069
 31
0.0
  0
LINE
  5
B02
330
179
100
AcDbEntity
  8
ABF_Label
347
45
 62
     0
100
AcDbLine
 10
-55.79241379310344
 20
22.84248275862069
 30
0.0
 11
-55.79241379310344
 21
8.285655172413794
 31
0.0
  0
LINE
  5
B03
330
179
100
AcDbEntity
  8
ABF_Label
347
45
 62
     0
100
AcDbLine
 10
-55.79241379310344
 20
8.285655172413794
 30
0.0
 11
-52.7706896551724
 21
8.285655172413794
 31
0.0
  0
LINE
  5
B04
330
179
100
AcDbEntity
  8
ABF_Label
347
45
 62
     0
100
AcDbLine
 10
-52.7706896551724
 20
8.285655172413794
 30
0.0
 11
-52.7706896551724
 21
7.033172413793104
 31
0.0
  0
LINE
  5
B05
330
179
100
AcDbEntity
  8
ABF_Label
347
45
 62
     0
100
AcDbLine
 10
-51.99993103448275
 20
10.46655172413793
 30
0.0
 11
-47.60310344827585
 21
23.50813793103448
 31
0.0
  0
LINE
  5
B06
330
179
100
AcDbEntity
  8
ABF_Label
347
45
 62
     0
100
AcDbLine
 10
-47.60310344827585
 20
23.50813793103448
 30
0.0
 11
-45.46599999999999
 21
23.50813793103448
 31
0.0
  0
LINE
  5
B07
330
179
100
AcDbEntity
  8
ABF_Label
347
45
 62
     0
100
AcDbLine
 10
-45.46599999999999
 20
23.50813793103448
 30
0.0
 11
-41.06917241379309
 21
10.46655172413793
 31
0.0
  0
LINE
  5
B08
330
179
100
AcDbEntity
  8
ABF_Label
347
45
 62
     0
100
AcDbLine
 10
-41.06917241379309
 20
10.46655172413793
 30
0.0
 11
-42.89972413793102
 21
10.46655172413793
 31
0.0
  0
LINE
  5
B09
330
179
100
AcDbEntity
  8
ABF_Label
347
45
 62
     0
100
AcDbLine
 10
-42.89972413793102
 20
10.46655172413793
 30
0.0
 11
-44.08213793103447
 21
14.11013793103448
 31
0.0
  0
LINE
  5
B0A
330
179
100
AcDbEntity
  8
ABF_Label
347
45
 62
     0
100
AcDbLine
 10
-44.08213793103447
 20
14.11013793103448
 30
0.0
 11
-49.06579310344826
 21
14.11013793103448
 31
0.0
  0
LINE
  5
B0B
330
179
100
AcDbEntity
  8
ABF_Label
347
45
 62
     0
100
AcDbLine
 10
-49.06579310344826
 20
14.11013793103448
 30
0.0
 11
-50.24820689655171
 21
10.46655172413793
 31
0.0
  0
LINE
  5
B0C
330
179
100
AcDbEntity
  8
ABF_Label
347
45
 62
     0
100
AcDbLine
 10
-50.24820689655171
 20
10.46655172413793
 30
0.0
 11
-51.99993103448275
 21
10.46655172413793
 31
0.0
  0
LINE
  5
B0D
330
179
100
AcDbEntity
  8
ABF_Label
347
45
 62
     0
100
AcDbLine
 10
-44.56386206896551
 20
15.59034482758621
 30
0.0
 11
-46.5783448275862
 21
21.73889655172414
 31
0.0
  0
LINE
  5
B0E
330
179
100
AcDbEntity
  8
ABF_Label
347
45
 62
     0
100
AcDbLine
 10
-46.5783448275862
 20
21.73889655172414
 30
0.0
 11
-48.58406896551723
 21
15.59034482758621
 31
0.0
  0
LINE
  5
B0F
330
179
100
AcDbEntity
  8
ABF_Label
347
45
 62
     0
100
AcDbLine
 10
-48.58406896551723
 20
15.59034482758621
 30
0.0
 11
-44.56386206896551
 21
15.59034482758621
 31
0.0
  0
LINE
  5
B10
330
179
100
AcDbEntity
  8
ABF_Label
347
45
 62
     0
100
AcDbLine
 10
-32.81855172413791
 20
10.46655172413793
 30
0.0
 11
-39.17731034482758
 21
10.46655172413793
 31
0.0
  0
LINE
  5
B11
330
179
100
AcDbEntity
  8
ABF_Label
347
45
 62
     0
100
AcDbLine
 10
-39.17731034482758
 20
10.46655172413793
 30
0.0
 11
-39.17731034482758
 21
11.79786206896552
 31
0.0
  0
LINE
  5
B12
330
179
100
AcDbEntity
  8
ABF_Label
347
45
 62
     0
100
AcDbLine
 10
-39.17731034482758
 20
11.79786206896552
 30
0.0
 11
-36.81248275862069
 21
11.79786206896552
 31
0.0
  0
LINE
  5
B13
330
179
100
AcDbEntity
  8
ABF_Label
347
45
 62
     0
100
AcDbLine
 10
-36.81248275862069
 20
11.79786206896552
 30
0.0
 11
-36.81248275862069
 21
20.53896551724138
 31
0.0
  0
LINE
  5
B14
330
179
100
AcDbEntity
  8
ABF_Label
347
45
 62
     0
100
AcDbLine
 10
-36.81248275862069
 20
20.53896551724138
 30
0.0
 11
-39.17731034482758
 21
20.53896551724138
 31
0.0
  0
LINE
  5
B15
330
179
100
AcDbEntity
  8
ABF_Label
347
45
 62
     0
100
AcDbLine
 10
-39.17731034482758
 20
20.53896551724138
 30
0.0
 11
-39.17731034482758
 21
21.73013793103448
 31
0.0
  0
LINE
  5
B16
330
179
100
AcDbEntity
  8
ABF_Label
347
45
 62
     0
100
AcDbLine
 10
-39.17731034482758
 20
21.73013793103448
 30
0.0
 11
-37.20224137931034
 21
22.11113793103448
 31
0.0
  0
LINE
  5
B17
330
179
100
AcDbEntity
  8
ABF_Label
347
45
 62
     0
100
AcDbLine
 10
-37.20224137931034
 20
22.11113793103448
 30
0.0
 11
-36.48841379310343
 21
23.55193103448276
 31
0.0
  0
LINE
  5
B18
330
179
100
AcDbEntity
  8
ABF_Label
347
45
 62
     0
100
AcDbLine
 10
-36.48841379310343
 20
23.55193103448276
 30
0.0
 11
-35.13082758620689
 21
23.55193103448276
 31
0.0
  0
LINE
  5
B19
330
179
100
AcDbEntity
  8
ABF_Label
347
45
 62
     0
100
AcDbLine
 10
-35.13082758620689
 20
23.55193103448276
 30
0.0
 11
-35.13082758620689
 21
11.79786206896552
 31
0.0
  0
LINE
  5
B1A
330
179
100
AcDbEntity
  8
ABF_Label
347
45
 62
     0
100
AcDbLine
 10
-35.13082758620689
 20
11.79786206896552
 30
0.0
 11
-32.81855172413791
 21
11.79786206896552
 31
0.0
  0
LINE
  5
B1B
330
179
100
AcDbEntity
  8
ABF_Label
347
45
 62
     0
100
AcDbLine
 10
-32.81855172413791
 20
11.79786206896552
 30
0.0
 11
-32.81855172413791
 21
10.46655172413793
 31
0.0
  0
LINE
  5
B1C
330
179
100
AcDbEntity
  8
ABF_Label
347
45
 62
     0
100
AcDbLine
 10
-25.95179310344827
 20
7.033172413793104
 30
0.0
 11
-30.50627586206896
 21
7.033172413793104
 31
0.0
  0
LINE
  5
B1D
330
179
100
AcDbEntity
  8
ABF_Label
347
45
 62
     0
100
AcDbLine
 10
-30.50627586206896
 20
7.033172413793104
 30
0.0
 11
-30.50627586206896
 21
8.285655172413794
 31
0.0
  0
LINE
  5
B1E
330
179
100
AcDbEntity
  8
ABF_Label
347
45
 62
     0
100
AcDbLine
 10
-30.50627586206896
 20
8.285655172413794
 30
0.0
 11
-27.48455172413792
 21
8.285655172413794
 31
0.0
  0
LINE
  5
B1F
330
179
100
AcDbEntity
  8
ABF_Label
347
45
 62
     0
100
AcDbLine
 10
-27.48455172413792
 20
8.285655172413794
 30
0.0
 11
-27.48455172413792
 21
22.84248275862069
 31
0.0
  0
LINE
  5
B20
330
179
100
AcDbEntity
  8
ABF_Label
347
45
 62
     0
100
AcDbLine
 10
-27.48455172413792
 20
22.84248275862069
 30
0.0
 11
-30.50627586206896
 21
22.84248275862069
 31
0.0
  0
LINE
  5
B21
330
179
100
AcDbEntity
  8
ABF_Label
347
45
 62
     0
100
AcDbLine
 10
-30.50627586206896
 20
22.84248275862069
 30
0.0
 11
-30.50627586206896
 21
24.09496551724138
 31
0.0
  0
LINE
  5
B22
330
179
100
AcDbEntity
  8
ABF_Label
347
45
 62
     0
100
AcDbLine
 10
-30.50627586206896
 20
24.09496551724138
 30
0.0
 11
-25.95179310344827
 21
24.09496551724138
 31
0.0
  0
LINE
  5
B23
330
179
100
AcDbEntity
  8
ABF_Label
347
45
 62
     0
100
AcDbLine
 10
-25.95179310344827
 20
24.09496551724138
 30
0.0
 11
-25.95179310344827
 21
7.033172413793104
 31
0.0
  0
LINE
  5
B24
330
179
100
AcDbEntity
  8
ABF_Label
347
45
 62
     0
100
AcDbLine
 10
-8.960068965517234
 20
7.838965517241379
 30
0.0
 11
-9.24034482758621
 21
7.838965517241379
 31
0.0
  0
LINE
  5
B25
330
179
100
AcDbEntity
  8
ABF_Label
347
45
 62
     0
100
AcDbLine
 10
-19.0324827586207
 20
7.838965517241379
 30
0.0
 11
-19.0324827586207
 21
8.97758620689655
 31
0.0
  0
LINE
  5
B26
330
179
100
AcDbEntity
  8
ABF_Label
347
45
 62
     0
100
AcDbLine
 10
-19.0324827586207
 20
8.97758620689655
 30
0.0
 11
-9.24034482758621
 21
8.97758620689655
 31
0.0
  0
LINE
  5
B27
330
179
100
AcDbEntity
  8
ABF_Label
347
45
 62
     0
100
AcDbLine
 10
-8.960068965517234
 20
8.97758620689655
 30
0.0
 11
-8.960068965517234
 21
7.838965517241379
 31
0.0
  0
LINE
  5
B28
330
179
100
AcDbEntity
  8
ABF_Label
347
45
 62
     0
100
AcDbLine
 10
-9.24034482758621
 20
7.838965517241379
 30
0.0
 11
-19.0324827586207
 21
7.838965517241379
 31
0.0
  0
LINE
  5
B29
330
179
100
AcDbEntity
  8
ABF_Label
347
45
 62
     0
100
AcDbLine
 10
0.8320689655172501
 20
7.838965517241379
 30
0.0
 11
-9.24034482758621
 21
7.838965517241379
 31
0.0
  0
LINE
  5
B2A
330
179
100
AcDbEntity
  8
ABF_Label
347
45
 62
     0
100
AcDbLine
 10
-9.24034482758621
 20
8.97758620689655
 30
0.0
 11
-8.960068965517234
 21
8.97758620689655
 31
0.0
  0
LINE
  5
B2B
330
179
100
AcDbEntity
  8
ABF_Label
347
45
 62
     0
100
AcDbLine
 10
-9.24034482758621
 20
7.838965517241379
 30
0.0
 11
-9.24034482758621
 21
8.97758620689655
 31
0.0
  0
LINE
  5
B2C
330
179
100
AcDbEntity
  8
ABF_Label
347
45
 62
     0
100
AcDbLine
 10
-9.24034482758621
 20
8.97758620689655
 30
0.0
 11
0.8320689655172501
 21
8.97758620689655
 31
0.0
  0
LINE
  5
B2D
330
179
100
AcDbEntity
  8
ABF_Label
347
45
 62
     0
100
AcDbLine
 10
0.8320689655172501
 20
8.97758620689655
 30
0.0
 11
0.8320689655172501
 21
7.838965517241379
 31
0.0
  0
LINE
  5
B2E
330
179
100
AcDbEntity
  8
ABF_Label
347
45
 62
     0
100
AcDbLine
 10
12.6036551724138
 20
7.51489655172414
 30
0.0
 11
10.95703448275863
 21
7.51489655172414
 31
0.0
  0
LINE
  5
B2F
330
179
100
AcDbEntity
  8
ABF_Label
347
45
 62
     0
100
AcDbLine
 10
10.95703448275863
 20
7.51489655172414
 30
0.0
 11
10.95703448275863
 21
10.50158620689655
 31
0.0
  0
LINE
  5
B30
330
179
100
AcDbEntity
  8
ABF_Label
347
45
 62
     0
100
AcDbLine
 10
10.95703448275863
 20
10.50158620689655
 30
0.0
 11
2.496206896551727
 21
10.50158620689655
 31
0.0
  0
LINE
  5
B31
330
179
100
AcDbEntity
  8
ABF_Label
347
45
 62
     0
100
AcDbLine
 10
2.496206896551727
 20
10.50158620689655
 30
0.0
 11
2.496206896551727
 21
7.51489655172414
 31
0.0
  0
LINE
  5
B32
330
179
100
AcDbEntity
  8
ABF_Label
347
45
 62
     0
100
AcDbLine
 10
2.496206896551727
 20
7.51489655172414
 30
0.0
 11
0.8495862068965554
 21
7.51489655172414
 31
0.0
  0
LINE
  5
B33
330
179
100
AcDbEntity
  8
ABF_Label
347
45
 62
     0
100
AcDbLine
 10
0.8495862068965554
 20
7.51489655172414
 30
0.0
 11
0.8495862068965554
 21
12.00806896551724
 31
0.0
  0
LINE
  5
B34
330
179
100
AcDbEntity
  8
ABF_Label
347
45
 62
     0
100
AcDbLine
 10
0.8495862068965554
 20
12.00806896551724
 30
0.0
 11
1.559034482758623
 21
12.00806896551724
 31
0.0
  0
LINE
  5
B35
330
179
100
AcDbEntity
  8
ABF_Label
347
45
 62
     0
100
AcDbLine
 10
1.559034482758623
 20
12.00806896551724
 30
0.0
 11
3.393965517241384
 21
16.89975862068965
 31
0.0
  0
LINE
  5
B36
330
179
100
AcDbEntity
  8
ABF_Label
347
45
 62
     0
100
AcDbLine
 10
3.393965517241384
 20
16.89975862068965
 30
0.0
 11
4.090275862068961
 21
23.50813793103448
 31
0.0
  0
LINE
  5
B37
330
179
100
AcDbEntity
  8
ABF_Label
347
45
 62
     0
100
AcDbLine
 10
4.090275862068961
 20
23.50813793103448
 30
0.0
 11
11.36868965517241
 21
23.50813793103448
 31
0.0
  0
LINE
  5
B38
330
179
100
AcDbEntity
  8
ABF_Label
347
45
 62
     0
100
AcDbLine
 10
11.36868965517241
 20
23.50813793103448
 30
0.0
 11
11.36868965517241
 21
12.00806896551724
 31
0.0
  0
LINE
  5
B39
330
179
100
AcDbEntity
  8
ABF_Label
347
45
 62
     0
100
AcDbLine
 10
11.36868965517241
 20
12.00806896551724
 30
0.0
 11
12.6036551724138
 21
12.00806896551724
 31
0.0
  0
LINE
  5
B3A
330
179
100
AcDbEntity
  8
ABF_Label
347
45
 62
     0
100
AcDbLine
 10
12.6036551724138
 20
12.00806896551724
 30
0.0
 11
12.6036551724138
 21
7.51489655172414
 31
0.0
  0
LINE
  5
B3B
330
179
100
AcDbEntity
  8
ABF_Label
347
45
 62
     0
100
AcDbLine
 10
9.634482758620692
 20
12.00806896551724
 30
0.0
 11
9.634482758620692
 21
22.00165517241379
 31
0.0
  0
LINE
  5
B3C
330
179
100
AcDbEntity
  8
ABF_Label
347
45
 62
     0
100
AcDbLine
 10
9.634482758620692
 20
22.00165517241379
 30
0.0
 11
5.719379310344828
 21
22.00165517241379
 31
0.0
  0
LINE
  5
B3D
330
179
100
AcDbEntity
  8
ABF_Label
347
45
 62
     0
100
AcDbLine
 10
5.719379310344828
 20
22.00165517241379
 30
0.0
 11
4.931103448275864
 21
16.26475862068965
 31
0.0
  0
LINE
  5
B3E
330
179
100
AcDbEntity
  8
ABF_Label
347
45
 62
     0
100
AcDbLine
 10
4.931103448275864
 20
16.26475862068965
 30
0.0
 11
3.231931034482753
 21
12.00806896551724
 31
0.0
  0
LINE
  5
B3F
330
179
100
AcDbEntity
  8
ABF_Label
347
45
 62
     0
100
AcDbLine
 10
3.231931034482753
 20
12.00806896551724
 30
0.0
 11
9.634482758620692
 21
12.00806896551724
 31
0.0
  0
LINE
  5
B40
330
179
100
AcDbEntity
  8
ABF_Label
347
45
 62
     0
100
AcDbLine
 10
21.81772413793103
 20
13.42696551724138
 30
0.0
 11
21.54620689655173
 21
12.17010344827586
 31
0.0
  0
LINE
  5
B41
330
179
100
AcDbEntity
  8
ABF_Label
347
45
 62
     0
100
AcDbLine
 10
21.54620689655173
 20
12.17010344827586
 30
0.0
 11
20.80172413793102
 21
11.2548275862069
 31
0.0
  0
LINE
  5
B42
330
179
100
AcDbEntity
  8
ABF_Label
347
45
 62
     0
100
AcDbLine
 10
20.80172413793102
 20
11.2548275862069
 30
0.0
 11
19.55362068965517
 21
10.62858620689655
 31
0.0
  0
LINE
  5
B43
330
179
100
AcDbEntity
  8
ABF_Label
347
45
 62
     0
100
AcDbLine
 10
19.55362068965517
 20
10.62858620689655
 30
0.0
 11
17.99020689655174
 21
10.46655172413793
 31
0.0
  0
LINE
  5
B44
330
179
100
AcDbEntity
  8
ABF_Label
347
45
 62
     0
100
AcDbLine
 10
17.99020689655174
 20
10.46655172413793
 30
0.0
 11
14.14517241379312
 21
10.46655172413793
 31
0.0
  0
LINE
  5
B45
330
179
100
AcDbEntity
  8
ABF_Label
347
45
 62
     0
100
AcDbLine
 10
14.14517241379312
 20
10.46655172413793
 30
0.0
 11
14.14517241379312
 21
20.24993103448276
 31
0.0
  0
LINE
  5
B46
330
179
100
AcDbEntity
  8
ABF_Label
347
45
 62
     0
100
AcDbLine
 10
14.14517241379312
 20
20.24993103448276
 30
0.0
 11
17.73620689655172
 21
20.24993103448276
 31
0.0
  0
LINE
  5
B47
330
179
100
AcDbEntity
  8
ABF_Label
347
45
 62
     0
100
AcDbLine
 10
17.73620689655172
 20
20.24993103448276
 30
0.0
 11
19.31275862068965
 21
20.18424137931034
 31
0.0
  0
LINE
  5
B48
330
179
100
AcDbEntity
  8
ABF_Label
347
45
 62
     0
100
AcDbLine
 10
19.31275862068965
 20
20.18424137931034
 30
0.0
 11
20.30248275862069
 21
19.84703448275862
 31
0.0
  0
LINE
  5
B49
330
179
100
AcDbEntity
  8
ABF_Label
347
45
 62
     0
100
AcDbLine
 10
20.30248275862069
 20
19.84703448275862
 30
0.0
 11
21.0644827586207
 21
19.10255172413792
 31
0.0
  0
LINE
  5
B4A
330
179
100
AcDbEntity
  8
ABF_Label
347
45
 62
     0
100
AcDbLine
 10
21.0644827586207
 20
19.10255172413792
 30
0.0
 11
21.30972413793104
 21
17.99896551724138
 31
0.0
  0
LINE
  5
B4B
330
179
100
AcDbEntity
  8
ABF_Label
347
45
 62
     0
100
AcDbLine
 10
21.30972413793104
 20
17.99896551724138
 30
0.0
 11
20.92434482758621
 21
16.74210344827586
 31
0.0
  0
LINE
  5
B4C
330
179
100
AcDbEntity
  8
ABF_Label
347
45
 62
     0
100
AcDbLine
 10
20.92434482758621
 20
16.74210344827586
 30
0.0
 11
19.89958620689655
 21
15.87937931034483
 31
0.0
  0
LINE
  5
B4D
330
179
100
AcDbEntity
  8
ABF_Label
347
45
 62
     0
100
AcDbLine
 10
19.89958620689655
 20
15.87937931034483
 30
0.0
 11
19.94337931034484
 21
15.81806896551724
 31
0.0
  0
LINE
  5
B4E
330
179
100
AcDbEntity
  8
ABF_Label
347
45
 62
     0
100
AcDbLine
 10
19.94337931034484
 20
15.81806896551724
 30
0.0
 11
21.27906896551724
 21
15.00351724137931
 31
0.0
  0
LINE
  5
B4F
330
179
100
AcDbEntity
  8
ABF_Label
347
45
 62
     0
100
AcDbLine
 10
21.27906896551724
 20
15.00351724137931
 30
0.0
 11
21.81772413793103
 21
13.42696551724138
 31
0.0
  0
LINE
  5
B50
330
179
100
AcDbEntity
  8
ABF_Label
347
45
 62
     0
100
AcDbLine
 10
19.61931034482758
 20
17.74496551724138
 30
0.0
 11
19.50982758620689
 21
18.32303448275862
 31
0.0
  0
LINE
  5
B51
330
179
100
AcDbEntity
  8
ABF_Label
347
45
 62
     0
100
AcDbLine
 10
19.50982758620689
 20
18.32303448275862
 30
0.0
 11
19.1288275862069
 21
18.70841379310344
 31
0.0
  0
LINE
  5
B52
330
179
100
AcDbEntity
  8
ABF_Label
347
45
 62
     0
100
AcDbLine
 10
19.1288275862069
 20
18.70841379310344
 30
0.0
 11
18.42375862068964
 21
18.90548275862069
 31
0.0
  0
LINE
  5
B53
330
179
100
AcDbEntity
  8
ABF_Label
347
45
 62
     0
100
AcDbLine
 10
18.42375862068964
 20
18.90548275862069
 30
0.0
 11
17.34206896551724
 21
18.93613793103448
 31
0.0
  0
LINE
  5
B54
330
179
100
AcDbEntity
  8
ABF_Label
347
45
 62
     0
100
AcDbLine
 10
17.34206896551724
 20
18.93613793103448
 30
0.0
 11
15.77427586206896
 21
18.93613793103448
 31
0.0
  0
LINE
  5
B55
330
179
100
AcDbEntity
  8
ABF_Label
347
45
 62
     0
100
AcDbLine
 10
15.77427586206896
 20
18.93613793103448
 30
0.0
 11
15.77427586206896
 21
16.256
 31
0.0
  0
LINE
  5
B56
330
179
100
AcDbEntity
  8
ABF_Label
347
45
 62
     0
100
AcDbLine
 10
15.77427586206896
 20
16.256
 30
0.0
 11
17.66613793103447
 21
16.256
 31
0.0
  0
LINE
  5
B57
330
179
100
AcDbEntity
  8
ABF_Label
347
45
 62
     0
100
AcDbLine
 10
17.66613793103447
 20
16.256
 30
0.0
 11
18.52448275862068
 21
16.31293103448276
 31
0.0
  0
LINE
  5
B58
330
179
100
AcDbEntity
  8
ABF_Label
347
45
 62
     0
100
AcDbLine
 10
18.52448275862068
 20
16.31293103448276
 30
0.0
 11
19.08503448275863
 21
16.55379310344828
 31
0.0
  0
LINE
  5
B59
330
179
100
AcDbEntity
  8
ABF_Label
347
45
 62
     0
100
AcDbLine
 10
19.08503448275863
 20
16.55379310344828
 30
0.0
 11
19.49668965517242
 21
17.02675862068966
 31
0.0
  0
LINE
  5
B5A
330
179
100
AcDbEntity
  8
ABF_Label
347
45
 62
     0
100
AcDbLine
 10
19.49668965517242
 20
17.02675862068966
 30
0.0
 11
19.61931034482758
 21
17.74496551724138
 31
0.0
  0
LINE
  5
B5B
330
179
100
AcDbEntity
  8
ABF_Label
347
45
 62
     0
100
AcDbLine
 10
20.11855172413794
 20
13.41820689655172
 30
0.0
 11
19.97403448275861
 21
14.21962068965517
 31
0.0
  0
LINE
  5
B5C
330
179
100
AcDbEntity
  8
ABF_Label
347
45
 62
     0
100
AcDbLine
 10
19.97403448275861
 20
14.21962068965517
 30
0.0
 11
19.33903448275863
 21
14.75827586206896
 31
0.0
  0
LINE
  5
B5D
330
179
100
AcDbEntity
  8
ABF_Label
347
45
 62
     0
100
AcDbLine
 10
19.33903448275863
 20
14.75827586206896
 30
0.0
 11
18.68213793103448
 21
14.94220689655172
 31
0.0
  0
LINE
  5
B5E
330
179
100
AcDbEntity
  8
ABF_Label
347
45
 62
     0
100
AcDbLine
 10
18.68213793103448
 20
14.94220689655172
 30
0.0
 11
17.70993103448276
 21
14.97724137931034
 31
0.0
  0
LINE
  5
B5F
330
179
100
AcDbEntity
  8
ABF_Label
347
45
 62
     0
100
AcDbLine
 10
17.70993103448276
 20
14.97724137931034
 30
0.0
 11
15.77427586206896
 21
14.97724137931034
 31
0.0
  0
LINE
  5
B60
330
179
100
AcDbEntity
  8
ABF_Label
347
45
 62
     0
100
AcDbLine
 10
15.77427586206896
 20
14.97724137931034
 30
0.0
 11
15.77427586206896
 21
11.78034482758621
 31
0.0
  0
LINE
  5
B61
330
179
100
AcDbEntity
  8
ABF_Label
347
45
 62
     0
100
AcDbLine
 10
15.77427586206896
 20
11.78034482758621
 30
0.0
 11
17.20193103448275
 21
11.78034482758621
 31
0.0
  0
LINE
  5
B62
330
179
100
AcDbEntity
  8
ABF_Label
347
45
 62
     0
100
AcDbLine
 10
17.20193103448275
 20
11.78034482758621
 30
0.0
 11
18.57703448275862
 21
11.85041379310345
 31
0.0
  0
LINE
  5
B63
330
179
100
AcDbEntity
  8
ABF_Label
347
45
 62
     0
100
AcDbLine
 10
18.57703448275862
 20
11.85041379310345
 30
0.0
 11
19.41786206896552
 21
12.13068965517241
 31
0.0
  0
LINE
  5
B64
330
179
100
AcDbEntity
  8
ABF_Label
347
45
 62
     0
100
AcDbLine
 10
19.41786206896552
 20
12.13068965517241
 30
0.0
 11
19.95213793103449
 21
12.65620689655172
 31
0.0
  0
LINE
  5
B65
330
179
100
AcDbEntity
  8
ABF_Label
347
45
 62
     0
100
AcDbLine
 10
19.95213793103449
 20
12.65620689655172
 30
0.0
 11
20.11855172413794
 21
13.41820689655172
 31
0.0
  0
LINE
  5
B66
330
179
100
AcDbEntity
  8
ABF_Label
347
45
 62
     0
100
AcDbLine
 10
27.79986206896552
 20
10.23882758620689
 30
0.0
 11
24.16941379310345
 21
11.557
 31
0.0
  0
LINE
  5
B67
330
179
100
AcDbEntity
  8
ABF_Label
347
45
 62
     0
100
AcDbLine
 10
24.16941379310345
 20
11.557
 30
0.0
 11
22.87751724137931
 21
15.30131034482759
 31
0.0
  0
LINE
  5
B68
330
179
100
AcDbEntity
  8
ABF_Label
347
45
 62
     0
100
AcDbLine
 10
22.87751724137931
 20
15.30131034482759
 30
0.0
 11
24.13
 21
19.10693103448276
 31
0.0
  0
LINE
  5
B69
330
179
100
AcDbEntity
  8
ABF_Label
347
45
 62
     0
100
AcDbLine
 10
24.13
 20
19.10693103448276
 30
0.0
 11
27.40572413793104
 21
20.52144827586207
 31
0.0
  0
LINE
  5
B6A
330
179
100
AcDbEntity
  8
ABF_Label
347
45
 62
     0
100
AcDbLine
 10
27.40572413793104
 20
20.52144827586207
 30
0.0
 11
29.01731034482758
 21
20.25868965517241
 31
0.0
  0
LINE
  5
B6B
330
179
100
AcDbEntity
  8
ABF_Label
347
45
 62
     0
100
AcDbLine
 10
29.01731034482758
 20
20.25868965517241
 30
0.0
 11
30.24351724137931
 21
19.43537931034483
 31
0.0
  0
LINE
  5
B6C
330
179
100
AcDbEntity
  8
ABF_Label
347
45
 62
     0
100
AcDbLine
 10
30.24351724137931
 20
19.43537931034483
 30
0.0
 11
31.04931034482758
 21
18.06465517241379
 31
0.0
  0
LINE
  5
B6D
330
179
100
AcDbEntity
  8
ABF_Label
347
45
 62
     0
100
AcDbLine
 10
31.04931034482758
 20
18.06465517241379
 30
0.0
 11
31.32958620689656
 21
16.0808275862069
 31
0.0
  0
LINE
  5
B6E
330
179
100
AcDbEntity
  8
ABF_Label
347
45
 62
     0
100
AcDbLine
 10
31.32958620689656
 20
16.0808275862069
 30
0.0
 11
31.32958620689656
 21
15.18744827586207
 31
0.0
  0
LINE
  5
B6F
330
179
100
AcDbEntity
  8
ABF_Label
347
45
 62
     0
100
AcDbLine
 10
31.32958620689656
 20
15.18744827586207
 30
0.0
 11
24.55041379310347
 21
15.18744827586207
 31
0.0
  0
LINE
  5
B70
330
179
100
AcDbEntity
  8
ABF_Label
347
45
 62
     0
100
AcDbLine
 10
24.55041379310347
 20
15.18744827586207
 30
0.0
 11
25.40875862068965
 21
12.57737931034483
 31
0.0
  0
LINE
  5
B71
330
179
100
AcDbEntity
  8
ABF_Label
347
45
 62
     0
100
AcDbLine
 10
25.40875862068965
 20
12.57737931034483
 30
0.0
 11
27.78234482758622
 21
11.67524137931035
 31
0.0
  0
LINE
  5
B72
330
179
100
AcDbEntity
  8
ABF_Label
347
45
 62
     0
100
AcDbLine
 10
27.78234482758622
 20
11.67524137931035
 30
0.0
 11
28.84651724137932
 21
11.79786206896552
 31
0.0
  0
LINE
  5
B73
330
179
100
AcDbEntity
  8
ABF_Label
347
45
 62
     0
100
AcDbLine
 10
28.84651724137932
 20
11.79786206896552
 30
0.0
 11
29.78806896551724
 21
12.1131724137931
 31
0.0
  0
LINE
  5
B74
330
179
100
AcDbEntity
  8
ABF_Label
347
45
 62
     0
100
AcDbLine
 10
29.78806896551724
 20
12.1131724137931
 30
0.0
 11
30.54131034482759
 21
12.50293103448276
 31
0.0
  0
LINE
  5
B75
330
179
100
AcDbEntity
  8
ABF_Label
347
45
 62
     0
100
AcDbLine
 10
30.54131034482759
 20
12.50293103448276
 30
0.0
 11
31.04931034482758
 21
12.85765517241379
 31
0.0
  0
LINE
  5
B76
330
179
100
AcDbEntity
  8
ABF_Label
347
45
 62
     0
100
AcDbLine
 10
31.04931034482758
 20
12.85765517241379
 30
0.0
 11
31.14565517241379
 21
12.85765517241379
 31
0.0
  0
LINE
  5
B77
330
179
100
AcDbEntity
  8
ABF_Label
347
45
 62
     0
100
AcDbLine
 10
31.14565517241379
 20
12.85765517241379
 30
0.0
 11
31.14565517241379
 21
11.06213793103448
 31
0.0
  0
LINE
  5
B78
330
179
100
AcDbEntity
  8
ABF_Label
347
45
 62
     0
100
AcDbLine
 10
31.14565517241379
 20
11.06213793103448
 30
0.0
 11
30.42744827586207
 21
10.77748275862069
 31
0.0
  0
LINE
  5
B79
330
179
100
AcDbEntity
  8
ABF_Label
347
45
 62
     0
100
AcDbLine
 10
30.42744827586207
 20
10.77748275862069
 30
0.0
 11
29.65668965517243
 21
10.5103448275862
 31
0.0
  0
LINE
  5
B7A
330
179
100
AcDbEntity
  8
ABF_Label
347
45
 62
     0
100
AcDbLine
 10
29.65668965517243
 20
10.5103448275862
 30
0.0
 11
28.78520689655173
 21
10.30889655172414
 31
0.0
  0
LINE
  5
B7B
330
179
100
AcDbEntity
  8
ABF_Label
347
45
 62
     0
100
AcDbLine
 10
28.78520689655173
 20
10.30889655172414
 30
0.0
 11
27.79986206896552
 21
10.23882758620689
 31
0.0
  0
LINE
  5
B7C
330
179
100
AcDbEntity
  8
ABF_Label
347
45
 62
     0
100
AcDbLine
 10
29.72675862068965
 20
16.44868965517241
 30
0.0
 11
29.56910344827586
 21
17.59606896551724
 31
0.0
  0
LINE
  5
B7D
330
179
100
AcDbEntity
  8
ABF_Label
347
45
 62
     0
100
AcDbLine
 10
29.56910344827586
 20
17.59606896551724
 30
0.0
 11
29.16620689655175
 21
18.41062068965517
 31
0.0
  0
LINE
  5
B7E
330
179
100
AcDbEntity
  8
ABF_Label
347
45
 62
     0
100
AcDbLine
 10
29.16620689655175
 20
18.41062068965517
 30
0.0
 11
28.42610344827586
 21
18.9711724137931
 31
0.0
  0
LINE
  5
B7F
330
179
100
AcDbEntity
  8
ABF_Label
347
45
 62
     0
100
AcDbLine
 10
28.42610344827586
 20
18.9711724137931
 30
0.0
 11
27.30937931034482
 21
19.16386206896552
 31
0.0
  0
LINE
  5
B80
330
179
100
AcDbEntity
  8
ABF_Label
347
45
 62
     0
100
AcDbLine
 10
27.30937931034482
 20
19.16386206896552
 30
0.0
 11
26.19265517241378
 21
18.96679310344827
 31
0.0
  0
LINE
  5
B81
330
179
100
AcDbEntity
  8
ABF_Label
347
45
 62
     0
100
AcDbLine
 10
26.19265517241378
 20
18.96679310344827
 30
0.0
 11
25.35620689655174
 21
18.39310344827586
 31
0.0
  0
LINE
  5
B82
330
179
100
AcDbEntity
  8
ABF_Label
347
45
 62
     0
100
AcDbLine
 10
25.35620689655174
 20
18.39310344827586
 30
0.0
 11
24.79565517241378
 21
17.53913793103448
 31
0.0
  0
LINE
  5
B83
330
179
100
AcDbEntity
  8
ABF_Label
347
45
 62
     0
100
AcDbLine
 10
24.79565517241378
 20
17.53913793103448
 30
0.0
 11
24.55041379310347
 21
16.44868965517241
 31
0.0
  0
LINE
  5
B84
330
179
100
AcDbEntity
  8
ABF_Label
347
45
 62
     0
100
AcDbLine
 10
24.55041379310347
 20
16.44868965517241
 30
0.0
 11
29.72675862068965
 21
16.44868965517241
 31
0.0
  0
LINE
  5
B85
330
179
100
AcDbEntity
  8
ABF_Label
347
45
 62
     0
100
AcDbLine
 10
41.20055172413792
 20
15.61662068965517
 30
0.0
 11
40.03127586206896
 21
11.72341379310345
 31
0.0
  0
LINE
  5
B86
330
179
100
AcDbEntity
  8
ABF_Label
347
45
 62
     0
100
AcDbLine
 10
40.03127586206896
 20
11.72341379310345
 30
0.0
 11
37.07524137931034
 21
10.27386206896552
 31
0.0
  0
LINE
  5
B87
330
179
100
AcDbEntity
  8
ABF_Label
347
45
 62
     0
100
AcDbLine
 10
37.07524137931034
 20
10.27386206896552
 30
0.0
 11
35.78772413793104
 21
10.44027586206897
 31
0.0
  0
LINE
  5
B88
330
179
100
AcDbEntity
  8
ABF_Label
347
45
 62
     0
100
AcDbLine
 10
35.78772413793104
 20
10.44027586206897
 30
0.0
 11
34.6403448275862
 21
10.95703448275862
 31
0.0
  0
LINE
  5
B89
330
179
100
AcDbEntity
  8
ABF_Label
347
45
 62
     0
100
AcDbLine
 10
34.6403448275862
 20
10.95703448275862
 30
0.0
 11
34.6403448275862
 21
6.858
 31
0.0
  0
LINE
  5
B8A
330
179
100
AcDbEntity
  8
ABF_Label
347
45
 62
     0
100
AcDbLine
 10
34.6403448275862
 20
6.858
 30
0.0
 11
32.99372413793103
 21
6.858
 31
0.0
  0
LINE
  5
B8B
330
179
100
AcDbEntity
  8
ABF_Label
347
45
 62
     0
100
AcDbLine
 10
32.99372413793103
 20
6.858
 30
0.0
 11
32.99372413793103
 21
20.24993103448276
 31
0.0
  0
LINE
  5
B8C
330
179
100
AcDbEntity
  8
ABF_Label
347
45
 62
     0
100
AcDbLine
 10
32.99372413793103
 20
20.24993103448276
 30
0.0
 11
34.6403448275862
 21
20.24993103448276
 31
0.0
  0
LINE
  5
B8D
330
179
100
AcDbEntity
  8
ABF_Label
347
45
 62
     0
100
AcDbLine
 10
34.6403448275862
 20
20.24993103448276
 30
0.0
 11
34.6403448275862
 21
19.2251724137931
 31
0.0
  0
LINE
  5
B8E
330
179
100
AcDbEntity
  8
ABF_Label
347
45
 62
     0
100
AcDbLine
 10
34.6403448275862
 20
19.2251724137931
 30
0.0
 11
36.00231034482759
 21
20.14920689655172
 31
0.0
  0
LINE
  5
B8F
330
179
100
AcDbEntity
  8
ABF_Label
347
45
 62
     0
100
AcDbLine
 10
36.00231034482759
 20
20.14920689655172
 30
0.0
 11
37.63579310344827
 21
20.52144827586207
 31
0.0
  0
LINE
  5
B90
330
179
100
AcDbEntity
  8
ABF_Label
347
45
 62
     0
100
AcDbLine
 10
37.63579310344827
 20
20.52144827586207
 30
0.0
 11
40.259
 21
19.19013793103448
 31
0.0
  0
LINE
  5
B91
330
179
100
AcDbEntity
  8
ABF_Label
347
45
 62
     0
100
AcDbLine
 10
40.259
 20
19.19013793103448
 30
0.0
 11
41.20055172413792
 21
15.61662068965517
 31
0.0
  0
LINE
  5
B92
330
179
100
AcDbEntity
  8
ABF_Label
347
45
 62
     0
100
AcDbLine
 10
39.50137931034483
 20
15.43268965517242
 30
0.0
 11
38.96710344827586
 21
18.02962068965517
 31
0.0
  0
LINE
  5
B93
330
179
100
AcDbEntity
  8
ABF_Label
347
45
 62
     0
100
AcDbLine
 10
38.96710344827586
 20
18.02962068965517
 30
0.0
 11
37.23289655172414
 21
18.95365517241379
 31
0.0
  0
LINE
  5
B94
330
179
100
AcDbEntity
  8
ABF_Label
347
45
 62
     0
100
AcDbLine
 10
37.23289655172414
 20
18.95365517241379
 30
0.0
 11
35.87968965517241
 21
18.64272413793103
 31
0.0
  0
LINE
  5
B95
330
179
100
AcDbEntity
  8
ABF_Label
347
45
 62
     0
100
AcDbLine
 10
35.87968965517241
 20
18.64272413793103
 30
0.0
 11
34.6403448275862
 21
17.84131034482758
 31
0.0
  0
LINE
  5
B96
330
179
100
AcDbEntity
  8
ABF_Label
347
45
 62
     0
100
AcDbLine
 10
34.6403448275862
 20
17.84131034482758
 30
0.0
 11
34.6403448275862
 21
12.29710344827586
 31
0.0
  0
LINE
  5
B97
330
179
100
AcDbEntity
  8
ABF_Label
347
45
 62
     0
100
AcDbLine
 10
34.6403448275862
 20
12.29710344827586
 30
0.0
 11
35.74831034482759
 21
11.86793103448276
 31
0.0
  0
LINE
  5
B98
330
179
100
AcDbEntity
  8
ABF_Label
347
45
 62
     0
100
AcDbLine
 10
35.74831034482759
 20
11.86793103448276
 30
0.0
 11
36.80372413793102
 21
11.75406896551724
 31
0.0
  0
LINE
  5
B99
330
179
100
AcDbEntity
  8
ABF_Label
347
45
 62
     0
100
AcDbLine
 10
36.80372413793102
 20
11.75406896551724
 30
0.0
 11
38.79193103448276
 21
12.69124137931035
 31
0.0
  0
LINE
  5
B9A
330
179
100
AcDbEntity
  8
ABF_Label
347
45
 62
     0
100
AcDbLine
 10
38.79193103448276
 20
12.69124137931035
 30
0.0
 11
39.50137931034483
 21
15.43268965517242
 31
0.0
  0
LINE
  5
B9B
330
179
100
AcDbEntity
  8
ABF_Label
347
45
 62
     0
100
AcDbLine
 10
44.5901379310345
 20
10.46655172413793
 30
0.0
 11
42.94351724137931
 21
10.46655172413793
 31
0.0
  0
LINE
  5
B9C
330
179
100
AcDbEntity
  8
ABF_Label
347
45
 62
     0
100
AcDbLine
 10
42.94351724137931
 20
10.46655172413793
 30
0.0
 11
42.94351724137931
 21
20.24993103448276
 31
0.0
  0
LINE
  5
B9D
330
179
100
AcDbEntity
  8
ABF_Label
347
45
 62
     0
100
AcDbLine
 10
42.94351724137931
 20
20.24993103448276
 30
0.0
 11
44.5901379310345
 21
20.24993103448276
 31
0.0
  0
LINE
  5
B9E
330
179
100
AcDbEntity
  8
ABF_Label
347
45
 62
     0
100
AcDbLine
 10
44.5901379310345
 20
20.24993103448276
 30
0.0
 11
44.5901379310345
 21
10.46655172413793
 31
0.0
  0
LINE
  5
B9F
330
179
100
AcDbEntity
  8
ABF_Label
347
45
 62
     0
100
AcDbLine
 10
44.70400000000001
 20
21.88779310344827
 30
0.0
 11
42.82965517241381
 21
21.88779310344827
 31
0.0
  0
LINE
  5
BA0
330
179
100
AcDbEntity
  8
ABF_Label
347
45
 62
     0
100
AcDbLine
 10
42.82965517241381
 20
21.88779310344827
 30
0.0
 11
42.82965517241381
 21
23.59572413793103
 31
0.0
  0
LINE
  5
BA1
330
179
100
AcDbEntity
  8
ABF_Label
347
45
 62
     0
100
AcDbLine
 10
42.82965517241381
 20
23.59572413793103
 30
0.0
 11
44.70400000000001
 21
23.59572413793103
 31
0.0
  0
LINE
  5
BA2
330
179
100
AcDbEntity
  8
ABF_Label
347
45
 62
     0
100
AcDbLine
 10
44.70400000000001
 20
23.59572413793103
 30
0.0
 11
44.70400000000001
 21
21.88779310344827
 31
0.0
  0
LINE
  5
BA3
330
179
100
AcDbEntity
  8
ABF_Label
347
45
 62
     0
100
AcDbLine
 10
60.33813793103449
 20
10.46655172413793
 30
0.0
 11
58.69151724137929
 21
10.46655172413793
 31
0.0
  0
LINE
  5
BA4
330
179
100
AcDbEntity
  8
ABF_Label
347
45
 62
     0
100
AcDbLine
 10
58.69151724137929
 20
10.46655172413793
 30
0.0
 11
58.69151724137929
 21
18.83103448275862
 31
0.0
  0
LINE
  5
BA5
330
179
100
AcDbEntity
  8
ABF_Label
347
45
 62
     0
100
AcDbLine
 10
58.69151724137929
 20
18.83103448275862
 30
0.0
 11
54.25965517241379
 21
18.83103448275862
 31
0.0
  0
LINE
  5
BA6
330
179
100
AcDbEntity
  8
ABF_Label
347
45
 62
     0
100
AcDbLine
 10
54.25965517241379
 20
18.83103448275862
 30
0.0
 11
54.25965517241379
 21
10.46655172413793
 31
0.0
  0
LINE
  5
BA7
330
179
100
AcDbEntity
  8
ABF_Label
347
45
 62
     0
100
AcDbLine
 10
54.25965517241379
 20
10.46655172413793
 30
0.0
 11
52.61303448275859
 21
10.46655172413793
 31
0.0
  0
LINE
  5
BA8
330
179
100
AcDbEntity
  8
ABF_Label
347
45
 62
     0
100
AcDbLine
 10
52.61303448275859
 20
10.46655172413793
 30
0.0
 11
52.61303448275859
 21
20.24993103448276
 31
0.0
  0
LINE
  5
BA9
330
179
100
AcDbEntity
  8
ABF_Label
347
45
 62
     0
100
AcDbLine
 10
52.61303448275859
 20
20.24993103448276
 30
0.0
 11
60.33813793103449
 21
20.24993103448276
 31
0.0
  0
LINE
  5
BAA
330
179
100
AcDbEntity
  8
ABF_Label
347
45
 62
     0
100
AcDbLine
 10
60.33813793103449
 20
20.24993103448276
 30
0.0
 11
60.33813793103449
 21
10.46655172413793
 31
0.0
  0
LINE
  5
BAB
330
179
100
AcDbEntity
  8
ABF_Label
347
45
 62
     0
100
AcDbLine
 10
70.92731034482759
 20
15.61662068965517
 30
0.0
 11
69.7580344827586
 21
11.72341379310345
 31
0.0
  0
LINE
  5
BAC
330
179
100
AcDbEntity
  8
ABF_Label
347
45
 62
     0
100
AcDbLine
 10
69.7580344827586
 20
11.72341379310345
 30
0.0
 11
66.80199999999999
 21
10.27386206896552
 31
0.0
  0
LINE
  5
BAD
330
179
100
AcDbEntity
  8
ABF_Label
347
45
 62
     0
100
AcDbLine
 10
66.80199999999999
 20
10.27386206896552
 30
0.0
 11
65.51448275862067
 21
10.44027586206897
 31
0.0
  0
LINE
  5
BAE
330
179
100
AcDbEntity
  8
ABF_Label
347
45
 62
     0
100
AcDbLine
 10
65.51448275862067
 20
10.44027586206897
 30
0.0
 11
64.36710344827584
 21
10.95703448275862
 31
0.0
  0
LINE
  5
BAF
330
179
100
AcDbEntity
  8
ABF_Label
347
45
 62
     0
100
AcDbLine
 10
64.36710344827584
 20
10.95703448275862
 30
0.0
 11
64.36710344827584
 21
6.858
 31
0.0
  0
LINE
  5
BB0
330
179
100
AcDbEntity
  8
ABF_Label
347
45
 62
     0
100
AcDbLine
 10
64.36710344827584
 20
6.858
 30
0.0
 11
62.72048275862068
 21
6.858
 31
0.0
  0
LINE
  5
BB1
330
179
100
AcDbEntity
  8
ABF_Label
347
45
 62
     0
100
AcDbLine
 10
62.72048275862068
 20
6.858
 30
0.0
 11
62.72048275862068
 21
20.24993103448276
 31
0.0
  0
LINE
  5
BB2
330
179
100
AcDbEntity
  8
ABF_Label
347
45
 62
     0
100
AcDbLine
 10
62.72048275862068
 20
20.24993103448276
 30
0.0
 11
64.36710344827584
 21
20.24993103448276
 31
0.0
  0
LINE
  5
BB3
330
179
100
AcDbEntity
  8
ABF_Label
347
45
 62
     0
100
AcDbLine
 10
64.36710344827584
 20
20.24993103448276
 30
0.0
 11
64.36710344827584
 21
19.2251724137931
 31
0.0
  0
LINE
  5
BB4
330
179
100
AcDbEntity
  8
ABF_Label
347
45
 62
     0
100
AcDbLine
 10
64.36710344827584
 20
19.2251724137931
 30
0.0
 11
65.72906896551721
 21
20.14920689655172
 31
0.0
  0
LINE
  5
BB5
330
179
100
AcDbEntity
  8
ABF_Label
347
45
 62
     0
100
AcDbLine
 10
65.72906896551721
 20
20.14920689655172
 30
0.0
 11
67.36255172413794
 21
20.52144827586207
 31
0.0
  0
LINE
  5
BB6
330
179
100
AcDbEntity
  8
ABF_Label
347
45
 62
     0
100
AcDbLine
 10
67.36255172413794
 20
20.52144827586207
 30
0.0
 11
69.98575862068962
 21
19.19013793103448
 31
0.0
  0
LINE
  5
BB7
330
179
100
AcDbEntity
  8
ABF_Label
347
45
 62
     0
100
AcDbLine
 10
69.98575862068962
 20
19.19013793103448
 30
0.0
 11
70.92731034482759
 21
15.61662068965517
 31
0.0
  0
LINE
  5
BB8
330
179
100
AcDbEntity
  8
ABF_Label
347
45
 62
     0
100
AcDbLine
 10
69.22813793103448
 20
15.43268965517242
 30
0.0
 11
68.6938620689655
 21
18.02962068965517
 31
0.0
  0
LINE
  5
BB9
330
179
100
AcDbEntity
  8
ABF_Label
347
45
 62
     0
100
AcDbLine
 10
68.6938620689655
 20
18.02962068965517
 30
0.0
 11
66.95965517241379
 21
18.95365517241379
 31
0.0
  0
LINE
  5
BBA
330
179
100
AcDbEntity
  8
ABF_Label
347
45
 62
     0
100
AcDbLine
 10
66.95965517241379
 20
18.95365517241379
 30
0.0
 11
65.60644827586208
 21
18.64272413793103
 31
0.0
  0
LINE
  5
BBB
330
179
100
AcDbEntity
  8
ABF_Label
347
45
 62
     0
100
AcDbLine
 10
65.60644827586208
 20
18.64272413793103
 30
0.0
 11
64.36710344827584
 21
17.84131034482758
 31
0.0
  0
LINE
  5
BBC
330
179
100
AcDbEntity
  8
ABF_Label
347
45
 62
     0
100
AcDbLine
 10
64.36710344827584
 20
17.84131034482758
 30
0.0
 11
64.36710344827584
 21
12.29710344827586
 31
0.0
  0
LINE
  5
BBD
330
179
100
AcDbEntity
  8
ABF_Label
347
45
 62
     0
100
AcDbLine
 10
64.36710344827584
 20
12.29710344827586
 30
0.0
 11
65.47506896551727
 21
11.86793103448276
 31
0.0
  0
LINE
  5
BBE
330
179
100
AcDbEntity
  8
ABF_Label
347
45
 62
     0
100
AcDbLine
 10
65.47506896551727
 20
11.86793103448276
 30
0.0
 11
66.53048275862069
 21
11.75406896551724
 31
0.0
  0
LINE
  5
BBF
330
179
100
AcDbEntity
  8
ABF_Label
347
45
 62
     0
100
AcDbLine
 10
66.53048275862069
 20
11.75406896551724
 30
0.0
 11
68.51868965517241
 21
12.69124137931035
 31
0.0
  0
LINE
  5
BC0
330
179
100
AcDbEntity
  8
ABF_Label
347
45
 62
     0
100
AcDbLine
 10
68.51868965517241
 20
12.69124137931035
 30
0.0
 11
69.22813793103448
 21
15.43268965517242
 31
0.0
  0
LINE
  5
BC1
330
179
100
AcDbEntity
  8
ABF_Label
347
45
 62
     0
100
AcDbLine
 10
78.10062068965516
 20
12.8751724137931
 30
0.0
 11
78.10062068965516
 21
15.59034482758621
 31
0.0
  0
LINE
  5
BC2
330
179
100
AcDbEntity
  8
ABF_Label
347
45
 62
     0
100
AcDbLine
 10
78.10062068965516
 20
15.59034482758621
 30
0.0
 11
76.6160344827586
 21
15.4458275862069
 31
0.0
  0
LINE
  5
BC3
330
179
100
AcDbEntity
  8
ABF_Label
347
45
 62
     0
100
AcDbLine
 10
76.6160344827586
 20
15.4458275862069
 30
0.0
 11
75.16648275862069
 21
15.18744827586207
 31
0.0
  0
LINE
  5
BC4
330
179
100
AcDbEntity
  8
ABF_Label
347
45
 62
     0
100
AcDbLine
 10
75.16648275862069
 20
15.18744827586207
 30
0.0
 11
74.08041379310345
 21
14.56996551724138
 31
0.0
  0
LINE
  5
BC5
330
179
100
AcDbEntity
  8
ABF_Label
347
45
 62
     0
100
AcDbLine
 10
74.08041379310345
 20
14.56996551724138
 30
0.0
 11
73.65124137931035
 21
13.40944827586207
 31
0.0
  0
LINE
  5
BC6
330
179
100
AcDbEntity
  8
ABF_Label
347
45
 62
     0
100
AcDbLine
 10
73.65124137931035
 20
13.40944827586207
 30
0.0
 11
74.12420689655173
 21
12.13944827586207
 31
0.0
  0
LINE
  5
BC7
330
179
100
AcDbEntity
  8
ABF_Label
347
45
 62
     0
100
AcDbLine
 10
74.12420689655173
 20
12.13944827586207
 30
0.0
 11
75.50806896551725
 21
11.71027586206897
 31
0.0
  0
LINE
  5
BC8
330
179
100
AcDbEntity
  8
ABF_Label
347
45
 62
     0
100
AcDbLine
 10
75.50806896551725
 20
11.71027586206897
 30
0.0
 11
76.91820689655172
 21
12.04748275862069
 31
0.0
  0
LINE
  5
BC9
330
179
100
AcDbEntity
  8
ABF_Label
347
45
 62
     0
100
AcDbLine
 10
76.91820689655172
 20
12.04748275862069
 30
0.0
 11
78.10062068965516
 21
12.8751724137931
 31
0.0
  0
LINE
  5
BCA
330
179
100
AcDbEntity
  8
ABF_Label
347
45
 62
     0
100
AcDbLine
 10
78.10062068965516
 20
11.50882758620689
 30
0.0
 11
77.56196551724136
 21
11.09279310344828
 31
0.0
  0
LINE
  5
BCB
330
179
100
AcDbEntity
  8
ABF_Label
347
45
 62
     0
100
AcDbLine
 10
77.56196551724136
 20
11.09279310344828
 30
0.0
 11
76.90944827586205
 21
10.668
 31
0.0
  0
LINE
  5
BCC
330
179
100
AcDbEntity
  8
ABF_Label
347
45
 62
     0
100
AcDbLine
 10
76.90944827586205
 20
10.668
 30
0.0
 11
76.06424137931037
 21
10.31765517241379
 31
0.0
  0
LINE
  5
BCD
330
179
100
AcDbEntity
  8
ABF_Label
347
45
 62
     0
100
AcDbLine
 10
76.06424137931037
 20
10.31765517241379
 30
0.0
 11
74.92124137931033
 21
10.19503448275862
 31
0.0
  0
LINE
  5
BCE
330
179
100
AcDbEntity
  8
ABF_Label
347
45
 62
     0
100
AcDbLine
 10
74.92124137931033
 20
10.19503448275862
 30
0.0
 11
73.77386206896549
 21
10.42275862068966
 31
0.0
  0
LINE
  5
BCF
330
179
100
AcDbEntity
  8
ABF_Label
347
45
 62
     0
100
AcDbLine
 10
73.77386206896549
 20
10.42275862068966
 30
0.0
 11
72.8191724137931
 21
11.06213793103448
 31
0.0
  0
LINE
  5
BD0
330
179
100
AcDbEntity
  8
ABF_Label
347
45
 62
     0
100
AcDbLine
 10
72.8191724137931
 20
11.06213793103448
 30
0.0
 11
72.18855172413794
 21
12.05624137931034
 31
0.0
  0
LINE
  5
BD1
330
179
100
AcDbEntity
  8
ABF_Label
347
45
 62
     0
100
AcDbLine
 10
72.18855172413794
 20
12.05624137931034
 30
0.0
 11
71.95206896551724
 21
13.30434482758621
 31
0.0
  0
LINE
  5
BD2
330
179
100
AcDbEntity
  8
ABF_Label
347
45
 62
     0
100
AcDbLine
 10
71.95206896551724
 20
13.30434482758621
 30
0.0
 11
72.38124137931034
 21
15.0341724137931
 31
0.0
  0
LINE
  5
BD3
330
179
100
AcDbEntity
  8
ABF_Label
347
45
 62
     0
100
AcDbLine
 10
72.38124137931034
 20
15.0341724137931
 30
0.0
 11
73.73882758620688
 21
16.16841379310345
 31
0.0
  0
LINE
  5
BD4
330
179
100
AcDbEntity
  8
ABF_Label
347
45
 62
     0
100
AcDbLine
 10
73.73882758620688
 20
16.16841379310345
 30
0.0
 11
75.68324137931036
 21
16.68955172413793
 31
0.0
  0
LINE
  5
BD5
330
179
100
AcDbEntity
  8
ABF_Label
347
45
 62
     0
100
AcDbLine
 10
75.68324137931036
 20
16.68955172413793
 30
0.0
 11
78.10062068965516
 21
16.90413793103448
 31
0.0
  0
LINE
  5
BD6
330
179
100
AcDbEntity
  8
ABF_Label
347
45
 62
     0
100
AcDbLine
 10
78.10062068965516
 20
16.90413793103448
 30
0.0
 11
78.10062068965516
 21
17.21944827586207
 31
0.0
  0
LINE
  5
BD7
330
179
100
AcDbEntity
  8
ABF_Label
347
45
 62
     0
100
AcDbLine
 10
78.10062068965516
 20
17.21944827586207
 30
0.0
 11
77.92544827586207
 21
18.15224137931034
 31
0.0
  0
LINE
  5
BD8
330
179
100
AcDbEntity
  8
ABF_Label
347
45
 62
     0
100
AcDbLine
 10
77.92544827586207
 20
18.15224137931034
 30
0.0
 11
77.43496551724138
 21
18.69965517241379
 31
0.0
  0
LINE
  5
BD9
330
179
100
AcDbEntity
  8
ABF_Label
347
45
 62
     0
100
AcDbLine
 10
77.43496551724138
 20
18.69965517241379
 30
0.0
 11
76.66420689655172
 21
18.96679310344827
 31
0.0
  0
LINE
  5
BDA
330
179
100
AcDbEntity
  8
ABF_Label
347
45
 62
     0
100
AcDbLine
 10
76.66420689655172
 20
18.96679310344827
 30
0.0
 11
75.7270344827586
 21
19.03248275862069
 31
0.0
  0
LINE
  5
BDB
330
179
100
AcDbEntity
  8
ABF_Label
347
45
 62
     0
100
AcDbLine
 10
75.7270344827586
 20
19.03248275862069
 30
0.0
 11
74.38696551724135
 21
18.86168965517241
 31
0.0
  0
LINE
  5
BDC
330
179
100
AcDbEntity
  8
ABF_Label
347
45
 62
     0
100
AcDbLine
 10
74.38696551724135
 20
18.86168965517241
 30
0.0
 11
72.84544827586208
 21
18.3668275862069
 31
0.0
  0
LINE
  5
BDD
330
179
100
AcDbEntity
  8
ABF_Label
347
45
 62
     0
100
AcDbLine
 10
72.84544827586208
 20
18.3668275862069
 30
0.0
 11
72.74910344827587
 21
18.3668275862069
 31
0.0
  0
LINE
  5
BDE
330
179
100
AcDbEntity
  8
ABF_Label
347
45
 62
     0
100
AcDbLine
 10
72.74910344827587
 20
18.3668275862069
 30
0.0
 11
72.74910344827587
 21
20.03972413793103
 31
0.0
  0
LINE
  5
BDF
330
179
100
AcDbEntity
  8
ABF_Label
347
45
 62
     0
100
AcDbLine
 10
72.74910344827587
 20
20.03972413793103
 30
0.0
 11
74.0541379310345
 21
20.32875862068965
 31
0.0
  0
LINE
  5
BE0
330
179
100
AcDbEntity
  8
ABF_Label
347
45
 62
     0
100
AcDbLine
 10
74.0541379310345
 20
20.32875862068965
 30
0.0
 11
75.73579310344827
 21
20.48641379310344
 31
0.0
  0
LINE
  5
BE1
330
179
100
AcDbEntity
  8
ABF_Label
347
45
 62
     0
100
AcDbLine
 10
75.73579310344827
 20
20.48641379310344
 30
0.0
 11
77.43496551724138
 21
20.32875862068965
 31
0.0
  0
LINE
  5
BE2
330
179
100
AcDbEntity
  8
ABF_Label
347
45
 62
     0
100
AcDbLine
 10
77.43496551724138
 20
20.32875862068965
 30
0.0
 11
78.67868965517242
 21
19.75944827586207
 31
0.0
  0
LINE
  5
BE3
330
179
100
AcDbEntity
  8
ABF_Label
347
45
 62
     0
100
AcDbLine
 10
78.67868965517242
 20
19.75944827586207
 30
0.0
 11
79.47572413793101
 21
18.7171724137931
 31
0.0
  0
LINE
  5
BE4
330
179
100
AcDbEntity
  8
ABF_Label
347
45
 62
     0
100
AcDbLine
 10
79.47572413793101
 20
18.7171724137931
 30
0.0
 11
79.73848275862068
 21
17.15813793103449
 31
0.0
  0
LINE
  5
BE5
330
179
100
AcDbEntity
  8
ABF_Label
347
45
 62
     0
100
AcDbLine
 10
79.73848275862068
 20
17.15813793103449
 30
0.0
 11
79.73848275862068
 21
10.46655172413793
 31
0.0
  0
LINE
  5
BE6
330
179
100
AcDbEntity
  8
ABF_Label
347
45
 62
     0
100
AcDbLine
 10
79.73848275862068
 20
10.46655172413793
 30
0.0
 11
78.10062068965516
 21
10.46655172413793
 31
0.0
  0
LINE
  5
BE7
330
179
100
AcDbEntity
  8
ABF_Label
347
45
 62
     0
100
AcDbLine
 10
78.10062068965516
 20
10.46655172413793
 30
0.0
 11
78.10062068965516
 21
11.50882758620689
 31
0.0
  0
LINE
  5
BE8
330
179
100
AcDbEntity
  8
ABF_Label
347
45
 62
     0
100
AcDbLine
 10
89.7233103448276
 20
13.42696551724138
 30
0.0
 11
89.45179310344825
 21
12.17010344827586
 31
0.0
  0
LINE
  5
BE9
330
179
100
AcDbEntity
  8
ABF_Label
347
45
 62
     0
100
AcDbLine
 10
89.45179310344825
 20
12.17010344827586
 30
0.0
 11
88.70731034482758
 21
11.2548275862069
 31
0.0
  0
LINE
  5
BEA
330
179
100
AcDbEntity
  8
ABF_Label
347
45
 62
     0
100
AcDbLine
 10
88.70731034482758
 20
11.2548275862069
 30
0.0
 11
87.45920689655173
 21
10.62858620689655
 31
0.0
  0
LINE
  5
BEB
330
179
100
AcDbEntity
  8
ABF_Label
347
45
 62
     0
100
AcDbLine
 10
87.45920689655173
 20
10.62858620689655
 30
0.0
 11
85.89579310344828
 21
10.46655172413793
 31
0.0
  0
LINE
  5
BEC
330
179
100
AcDbEntity
  8
ABF_Label
347
45
 62
     0
100
AcDbLine
 10
85.89579310344828
 20
10.46655172413793
 30
0.0
 11
82.05075862068966
 21
10.46655172413793
 31
0.0
  0
LINE
  5
BED
330
179
100
AcDbEntity
  8
ABF_Label
347
45
 62
     0
100
AcDbLine
 10
82.05075862068966
 20
10.46655172413793
 30
0.0
 11
82.05075862068966
 21
20.24993103448276
 31
0.0
  0
LINE
  5
BEE
330
179
100
AcDbEntity
  8
ABF_Label
347
45
 62
     0
100
AcDbLine
 10
82.05075862068966
 20
20.24993103448276
 30
0.0
 11
85.64179310344828
 21
20.24993103448276
 31
0.0
  0
LINE
  5
BEF
330
179
100
AcDbEntity
  8
ABF_Label
347
45
 62
     0
100
AcDbLine
 10
85.64179310344828
 20
20.24993103448276
 30
0.0
 11
87.21834482758621
 21
20.18424137931034
 31
0.0
  0
LINE
  5
BF0
330
179
100
AcDbEntity
  8
ABF_Label
347
45
 62
     0
100
AcDbLine
 10
87.21834482758621
 20
20.18424137931034
 30
0.0
 11
88.20806896551721
 21
19.84703448275862
 31
0.0
  0
LINE
  5
BF1
330
179
100
AcDbEntity
  8
ABF_Label
347
45
 62
     0
100
AcDbLine
 10
88.20806896551721
 20
19.84703448275862
 30
0.0
 11
88.97006896551724
 21
19.10255172413792
 31
0.0
  0
LINE
  5
BF2
330
179
100
AcDbEntity
  8
ABF_Label
347
45
 62
     0
100
AcDbLine
 10
88.97006896551724
 20
19.10255172413792
 30
0.0
 11
89.21531034482756
 21
17.99896551724138
 31
0.0
  0
LINE
  5
BF3
330
179
100
AcDbEntity
  8
ABF_Label
347
45
 62
     0
100
AcDbLine
 10
89.21531034482756
 20
17.99896551724138
 30
0.0
 11
88.82993103448275
 21
16.74210344827586
 31
0.0
  0
LINE
  5
BF4
330
179
100
AcDbEntity
  8
ABF_Label
347
45
 62
     0
100
AcDbLine
 10
88.82993103448275
 20
16.74210344827586
 30
0.0
 11
87.8051724137931
 21
15.87937931034483
 31
0.0
  0
LINE
  5
BF5
330
179
100
AcDbEntity
  8
ABF_Label
347
45
 62
     0
100
AcDbLine
 10
87.8051724137931
 20
15.87937931034483
 30
0.0
 11
87.84896551724138
 21
15.81806896551724
 31
0.0
  0
LINE
  5
BF6
330
179
100
AcDbEntity
  8
ABF_Label
347
45
 62
     0
100
AcDbLine
 10
87.84896551724138
 20
15.81806896551724
 30
0.0
 11
89.18465517241378
 21
15.00351724137931
 31
0.0
  0
LINE
  5
BF7
330
179
100
AcDbEntity
  8
ABF_Label
347
45
 62
     0
100
AcDbLine
 10
89.18465517241378
 20
15.00351724137931
 30
0.0
 11
89.7233103448276
 21
13.42696551724138
 31
0.0
  0
LINE
  5
BF8
330
179
100
AcDbEntity
  8
ABF_Label
347
45
 62
     0
100
AcDbLine
 10
87.52489655172413
 20
17.74496551724138
 30
0.0
 11
87.41541379310345
 21
18.32303448275862
 31
0.0
  0
LINE
  5
BF9
330
179
100
AcDbEntity
  8
ABF_Label
347
45
 62
     0
100
AcDbLine
 10
87.41541379310345
 20
18.32303448275862
 30
0.0
 11
87.03441379310344
 21
18.70841379310344
 31
0.0
  0
LINE
  5
BFA
330
179
100
AcDbEntity
  8
ABF_Label
347
45
 62
     0
100
AcDbLine
 10
87.03441379310344
 20
18.70841379310344
 30
0.0
 11
86.32934482758621
 21
18.90548275862069
 31
0.0
  0
LINE
  5
BFB
330
179
100
AcDbEntity
  8
ABF_Label
347
45
 62
     0
100
AcDbLine
 10
86.32934482758621
 20
18.90548275862069
 30
0.0
 11
85.2476551724138
 21
18.93613793103448
 31
0.0
  0
LINE
  5
BFC
330
179
100
AcDbEntity
  8
ABF_Label
347
45
 62
     0
100
AcDbLine
 10
85.2476551724138
 20
18.93613793103448
 30
0.0
 11
83.6798620689655
 21
18.93613793103448
 31
0.0
  0
LINE
  5
BFD
330
179
100
AcDbEntity
  8
ABF_Label
347
45
 62
     0
100
AcDbLine
 10
83.6798620689655
 20
18.93613793103448
 30
0.0
 11
83.6798620689655
 21
16.256
 31
0.0
  0
LINE
  5
BFE
330
179
100
AcDbEntity
  8
ABF_Label
347
45
 62
     0
100
AcDbLine
 10
83.6798620689655
 20
16.256
 30
0.0
 11
85.57172413793101
 21
16.256
 31
0.0
  0
LINE
  5
BFF
330
179
100
AcDbEntity
  8
ABF_Label
347
45
 62
     0
100
AcDbLine
 10
85.57172413793101
 20
16.256
 30
0.0
 11
86.43006896551725
 21
16.31293103448276
 31
0.0
  0
LINE
  5
C00
330
179
100
AcDbEntity
  8
ABF_Label
347
45
 62
     0
100
AcDbLine
 10
86.43006896551725
 20
16.31293103448276
 30
0.0
 11
86.99062068965516
 21
16.55379310344828
 31
0.0
  0
LINE
  5
C01
330
179
100
AcDbEntity
  8
ABF_Label
347
45
 62
     0
100
AcDbLine
 10
86.99062068965516
 20
16.55379310344828
 30
0.0
 11
87.40227586206895
 21
17.02675862068966
 31
0.0
  0
LINE
  5
C02
330
179
100
AcDbEntity
  8
ABF_Label
347
45
 62
     0
100
AcDbLine
 10
87.40227586206895
 20
17.02675862068966
 30
0.0
 11
87.52489655172413
 21
17.74496551724138
 31
0.0
  0
LINE
  5
C03
330
179
100
AcDbEntity
  8
ABF_Label
347
45
 62
     0
100
AcDbLine
 10
88.02413793103449
 20
13.41820689655172
 30
0.0
 11
87.87962068965516
 21
14.21962068965517
 31
0.0
  0
LINE
  5
C04
330
179
100
AcDbEntity
  8
ABF_Label
347
45
 62
     0
100
AcDbLine
 10
87.87962068965516
 20
14.21962068965517
 30
0.0
 11
87.24462068965519
 21
14.75827586206896
 31
0.0
  0
LINE
  5
C05
330
179
100
AcDbEntity
  8
ABF_Label
347
45
 62
     0
100
AcDbLine
 10
87.24462068965519
 20
14.75827586206896
 30
0.0
 11
86.58772413793105
 21
14.94220689655172
 31
0.0
  0
LINE
  5
C06
330
179
100
AcDbEntity
  8
ABF_Label
347
45
 62
     0
100
AcDbLine
 10
86.58772413793105
 20
14.94220689655172
 30
0.0
 11
85.61551724137931
 21
14.97724137931034
 31
0.0
  0
LINE
  5
C07
330
179
100
AcDbEntity
  8
ABF_Label
347
45
 62
     0
100
AcDbLine
 10
85.61551724137931
 20
14.97724137931034
 30
0.0
 11
83.6798620689655
 21
14.97724137931034
 31
0.0
  0
LINE
  5
C08
330
179
100
AcDbEntity
  8
ABF_Label
347
45
 62
     0
100
AcDbLine
 10
83.6798620689655
 20
14.97724137931034
 30
0.0
 11
83.6798620689655
 21
11.78034482758621
 31
0.0
  0
LINE
  5
C09
330
179
100
AcDbEntity
  8
ABF_Label
347
45
 62
     0
100
AcDbLine
 10
83.6798620689655
 20
11.78034482758621
 30
0.0
 11
85.10751724137931
 21
11.78034482758621
 31
0.0
  0
LINE
  5
C0A
330
179
100
AcDbEntity
  8
ABF_Label
347
45
 62
     0
100
AcDbLine
 10
85.10751724137931
 20
11.78034482758621
 30
0.0
 11
86.48262068965516
 21
11.85041379310345
 31
0.0
  0
LINE
  5
C0B
330
179
100
AcDbEntity
  8
ABF_Label
347
45
 62
     0
100
AcDbLine
 10
86.48262068965516
 20
11.85041379310345
 30
0.0
 11
87.32344827586205
 21
12.13068965517241
 31
0.0
  0
LINE
  5
C0C
330
179
100
AcDbEntity
  8
ABF_Label
347
45
 62
     0
100
AcDbLine
 10
87.32344827586205
 20
12.13068965517241
 30
0.0
 11
87.85772413793102
 21
12.65620689655172
 31
0.0
  0
LINE
  5
C0D
330
179
100
AcDbEntity
  8
ABF_Label
347
45
 62
     0
100
AcDbLine
 10
87.85772413793102
 20
12.65620689655172
 30
0.0
 11
88.02413793103449
 21
13.41820689655172
 31
0.0
  0
LINE
  5
C0E
330
179
100
AcDbEntity
  8
ABF_Label
347
45
 62
     0
100
AcDbLine
 10
93.13917241379312
 20
10.46655172413793
 30
0.0
 11
91.49255172413793
 21
10.46655172413793
 31
0.0
  0
LINE
  5
C0F
330
179
100
AcDbEntity
  8
ABF_Label
347
45
 62
     0
100
AcDbLine
 10
91.49255172413793
 20
10.46655172413793
 30
0.0
 11
91.49255172413793
 21
20.24993103448276
 31
0.0
  0
LINE
  5
C10
330
179
100
AcDbEntity
  8
ABF_Label
347
45
 62
     0
100
AcDbLine
 10
91.49255172413793
 20
20.24993103448276
 30
0.0
 11
93.13917241379312
 21
20.24993103448276
 31
0.0
  0
LINE
  5
C11
330
179
100
AcDbEntity
  8
ABF_Label
347
45
 62
     0
100
AcDbLine
 10
93.13917241379312
 20
20.24993103448276
 30
0.0
 11
93.13917241379312
 21
10.46655172413793
 31
0.0
  0
LINE
  5
C12
330
179
100
AcDbEntity
  8
ABF_Label
347
45
 62
     0
100
AcDbLine
 10
93.25303448275862
 20
21.88779310344827
 30
0.0
 11
91.37868965517242
 21
21.88779310344827
 31
0.0
  0
LINE
  5
C13
330
179
100
AcDbEntity
  8
ABF_Label
347
45
 62
     0
100
AcDbLine
 10
91.37868965517242
 20
21.88779310344827
 30
0.0
 11
91.37868965517242
 21
23.59572413793103
 31
0.0
  0
LINE
  5
C14
330
179
100
AcDbEntity
  8
ABF_Label
347
45
 62
     0
100
AcDbLine
 10
91.37868965517242
 20
23.59572413793103
 30
0.0
 11
93.25303448275862
 21
23.59572413793103
 31
0.0
  0
LINE
  5
C15
330
179
100
AcDbEntity
  8
ABF_Label
347
45
 62
     0
100
AcDbLine
 10
93.25303448275862
 20
23.59572413793103
 30
0.0
 11
93.25303448275862
 21
21.88779310344827
 31
0.0
  0
LINE
  5
C16
330
179
100
AcDbEntity
  8
ABF_Label
347
45
 62
     0
100
AcDbLine
 10
11.60898198938372
 20
-10.57317554330826
 30
0.0
 11
13.00575780248643
 21
-13.716
 31
0.0
  0
LINE
  5
C17
330
179
100
AcDbEntity
  8
ABF_Label
347
45
 62
     0
100
AcDbLine
 10
8.945599561691298
 20
-4.580415426254274
 30
0.0
 11
11.60898198938372
 21
-10.57317554330826
 31
0.0
  0
LINE
  5
C18
330
179
100
AcDbEntity
  8
ABF_Label
347
45
 62
     0
100
AcDbLine
 10
5.207446859836597
 20
-13.716
 30
0.0
 11
6.493446519136456
 21
-10.57317554330826
 31
0.0
  0
LINE
  5
C19
330
179
100
AcDbEntity
  8
ABF_Label
347
45
 62
     0
100
AcDbLine
 10
6.493446519136456
 20
-10.57317554330826
 30
0.0
 11
8.945599561691298
 21
-4.580415426254274
 31
0.0
  0
LINE
  5
C1A
330
179
100
AcDbEntity
  8
ABF_Label
347
45
 62
     0
100
AcDbLine
 10
6.493446519136456
 20
-10.57317554330826
 30
0.0
 11
11.60898198938372
 21
-10.57317554330826
 31
0.0
  0
LINE
  5
C1B
330
179
100
AcDbEntity
  8
ABF_Label
347
45
 62
     0
100
AcDbLine
 10
20.286461288929
 20
-6.83563811397553
 30
0.0
 11
19.50937814950947
 21
-5.3839256105423
 31
0.0
  0
LINE
  5
C1C
330
179
100
AcDbEntity
  8
ABF_Label
347
45
 62
     0
100
AcDbLine
 10
20.0365946364403
 20
-9.902114881038669
 30
0.0
 11
20.74415319204334
 21
-11.59471429800987
 31
0.0
  0
LINE
  5
C1D
330
179
100
AcDbEntity
  8
ABF_Label
347
45
 62
     0
100
AcDbLine
 10
19.50937814950947
 20
-5.3839256105423
 30
0.0
 11
17.95535781621937
 21
-4.876400266647341
 31
0.0
  0
LINE
  5
C1E
330
179
100
AcDbEntity
  8
ABF_Label
347
45
 62
     0
100
AcDbLine
 10
14.52975780248645
 20
-4.876400266647341
 30
0.0
 11
17.95535781621937
 21
-4.876400266647341
 31
0.0
  0
LINE
  5
C1F
330
179
100
AcDbEntity
  8
ABF_Label
347
45
 62
     0
100
AcDbLine
 10
17.95535781621937
 20
-8.97890088415146
 30
0.0
 11
19.55097808122638
 21
-8.251021076202397
 31
0.0
  0
LINE
  5
C20
330
179
100
AcDbEntity
  8
ABF_Label
347
45
 62
     0
100
AcDbLine
 10
17.95535781621937
 20
-13.716
 30
0.0
 11
19.75897834539417
 21
-13.35673622018099
 31
0.0
  0
LINE
  5
C21
330
179
100
AcDbEntity
  8
ABF_Label
347
45
 62
     0
100
AcDbLine
 10
14.52975780248645
 20
-13.716
 30
0.0
 11
17.95535781621937
 21
-13.716
 31
0.0
  0
LINE
  5
C22
330
179
100
AcDbEntity
  8
ABF_Label
347
45
 62
     0
100
AcDbLine
 10
14.52975780248645
 20
-8.97890088415146
 30
0.0
 11
14.52975780248645
 21
-13.716
 31
0.0
  0
LINE
  5
C23
330
179
100
AcDbEntity
  8
ABF_Label
347
45
 62
     0
100
AcDbLine
 10
14.52975780248645
 20
-8.97890088415146
 30
0.0
 11
17.95535781621937
 21
-8.97890088415146
 31
0.0
  0
LINE
  5
C24
330
179
100
AcDbEntity
  8
ABF_Label
347
45
 62
     0
100
AcDbLine
 10
14.52975780248645
 20
-4.876400266647341
 30
0.0
 11
14.52975780248645
 21
-8.97890088415146
 31
0.0
  0
LINE
  5
C25
330
179
100
AcDbEntity
  8
ABF_Label
347
45
 62
     0
100
AcDbLine
 10
17.95535781621937
 20
-8.97890088415146
 30
0.0
 11
20.0365946364403
 21
-9.902114881038669
 31
0.0
  0
LINE
  5
C26
330
179
100
AcDbEntity
  8
ABF_Label
347
45
 62
     0
100
AcDbLine
 10
20.74415319204334
 20
-11.59471429800987
 30
0.0
 11
19.75897834539417
 21
-13.35673622018099
 31
0.0
  0
LINE
  5
C27
330
179
100
AcDbEntity
  8
ABF_Label
347
45
 62
     0
100
AcDbLine
 10
19.55097808122638
 20
-8.251021076202397
 30
0.0
 11
20.286461288929
 21
-6.83563811397553
 31
0.0
  0
LINE
  5
C28
330
179
100
AcDbEntity
  8
ABF_Label
347
45
 62
     0
100
AcDbLine
 10
22.26815319204333
 20
-8.97454341030121
 30
0.0
 11
27.08615307474138
 21
-8.97454341030121
 31
0.0
  0
LINE
  5
C29
330
179
100
AcDbEntity
  8
ABF_Label
347
45
 62
     0
100
AcDbLine
 10
22.26815319204333
 20
-4.787599969863896
 30
0.0
 11
22.26815319204333
 21
-8.97454341030121
 31
0.0
  0
LINE
  5
C2A
330
179
100
AcDbEntity
  8
ABF_Label
347
45
 62
     0
100
AcDbLine
 10
22.26815319204333
 20
-4.787599969863896
 30
0.0
 11
27.81255314016344
 21
-4.787599969863896
 31
0.0
  0
LINE
  5
C2B
330
179
100
AcDbEntity
  8
ABF_Label
347
45
 62
     0
100
AcDbLine
 10
22.26815319204333
 20
-8.97454341030121
 30
0.0
 11
22.26815319204333
 21
-13.716
 31
0.0
  0
LINE
  5
C2C
330
179
100
AcDbEntity
  8
ABF_Label
347
45
 62
     0
100
AcDbLine
 10
-74.01910344827586
 20
0.0
 30
0.0
 11
107.0391034482759
 21
0.0
 31
0.0
  0
POLYLINE
  5
C2D
330
179
100
AcDbEntity
  8
ABF_Label
347
45
 62
     0
100
AcDb3dPolyline
 66
     1
 10
0.0
 20
0.0
 30
0.0
 70
     9
  0
VERTEX
  5
C2E
330
C2D
100
AcDbEntity
  8
ABF_Label
 62
     0
100
AcDbVertex
100
AcDb3dPolylineVertex
 10
-74.01910344827586
 20
0.0
 30
0.0
 70
    32
  0
VERTEX
  5
C2F
330
C2D
100
AcDbEntity
  8
ABF_Label
 62
     0
100
AcDbVertex
100
AcDb3dPolylineVertex
 10
-99.41910344827585
 20
-25.4
 30
0.0
 70
    32
  0
VERTEX
  5
C30
330
C2D
100
AcDbEntity
  8
ABF_Label
 62
     0
100
AcDbVertex
100
AcDb3dPolylineVertex
 10
-124.8191034482759
 20
0.0
 30
0.0
 70
    32
  0
VERTEX
  5
C31
330
C2D
100
AcDbEntity
  8
ABF_Label
 62
     0
100
AcDbVertex
100
AcDb3dPolylineVertex
 10
-99.41910344827585
 20
25.4
 30
0.0
 70
    32
  0
VERTEX
  5
C32
330
C2D
100
AcDbEntity
  8
ABF_Label
 62
     0
100
AcDbVertex
100
AcDb3dPolylineVertex
 10
-74.01910344827586
 20
0.0
 30
0.0
 70
    32
  0
SEQEND
  5
C33
330
C2D
100
AcDbEntity
  8
ABF_Label
347
45
 62
     0
  0
POLYLINE
  5
C34
330
179
100
AcDbEntity
  8
ABF_Label
347
45
 62
     0
100
AcDb3dPolyline
 66
     1
 10
0.0
 20
0.0
 30
0.0
 70
     9
  0
VERTEX
  5
C35
330
C34
100
AcDbEntity
  8
ABF_Label
 62
     0
100
AcDbVertex
100
AcDb3dPolylineVertex
 10
107.0391034482759
 20
17.78
 30
0.0
 70
    32
  0
VERTEX
  5
C36
330
C34
100
AcDbEntity
  8
ABF_Label
 62
     0
100
AcDbVertex
100
AcDb3dPolylineVertex
 10
124.8191034482759
 20
0.0
 30
0.0
 70
    32
  0
VERTEX
  5
C37
330
C34
100
AcDbEntity
  8
ABF_Label
 62
     0
100
AcDbVertex
100
AcDb3dPolylineVertex
 10
107.0391034482759
 20
-17.78
 30
0.0
 70
    32
  0
VERTEX
  5
C38
330
C34
100
AcDbEntity
  8
ABF_Label
 62
     0
100
AcDbVertex
100
AcDb3dPolylineVertex
 10
107.0391034482759
 20
17.78
 30
0.0
 70
    32
  0
SEQEND
  5
C39
330
C34
100
AcDbEntity
  8
ABF_Label
347
45
 62
     0
  0
ENDBLK
  5
17B
330
179
100
AcDbEntity
  8
0
100
AcDbBlockEnd
  0
BLOCK
  5
17D
330
17C
100
AcDbEntity
  8
0
100
AcDbBlockBegin
  2
Group151#1
 70
     0
 10
0.0
 20
0.0
 30
0.0
  3
Group151#1
  1

  0
LINE
  5
C3A
330
17C
100
AcDbEntity
  8
ABF_Label
347
45
 62
     0
100
AcDbLine
 10
-84.02435154089868
 20
-10.76117802066273
 30
0.0
 11
-85.7504282916126
 21
-8.06585578133
 31
0.0
  0
LINE
  5
C3B
330
17C
100
AcDbEntity
  8
ABF_Label
347
45
 62
     0
100
AcDbLine
 10
-72.77727789798915
 20
-3.628597346570755
 30
0.0
 11
-75.01106103989356
 21
-10.29110673969984
 31
0.0
  0
LINE
  5
C3C
330
17C
100
AcDbEntity
  8
ABF_Label
347
45
 62
     0
100
AcDbLine
 10
-86.5858255502867
 20
4.795345224115587
 30
0.0
 11
-84.58122709962599
 21
10.35483482503891
 31
0.0
  0
LINE
  5
C3D
330
17C
100
AcDbEntity
  8
ABF_Label
347
45
 62
     0
100
AcDbLine
 10
-74.9328884757844
 20
-0.2006794295310972
 30
0.0
 11
-72.77727789798915
 21
4.795345224115587
 31
0.0
  0
LINE
  5
C3E
330
17C
100
AcDbEntity
  8
ABF_Label
347
45
 62
     0
100
AcDbLine
 10
-79.7371633032912
 20
12.6578802154859
 30
0.0
 11
-74.61470531065801
 21
10.35483482503891
 31
0.0
  0
LINE
  5
C3F
330
17C
100
AcDbEntity
  8
ABF_Label
347
45
 62
     0
100
AcDbLine
 10
-84.52562479346533
 20
-0.7443364403247831
 30
0.0
 11
-79.7371633032912
 21
-2.674033014403448
 31
0.0
  0
LINE
  5
C40
330
17C
100
AcDbEntity
  8
ABF_Label
347
45
 62
     0
100
AcDbLine
 10
-84.58122709962599
 20
10.35483482503891
 30
0.0
 11
-79.7371633032912
 21
12.6578802154859
 31
0.0
  0
LINE
  5
C41
330
17C
100
AcDbEntity
  8
ABF_Label
347
45
 62
     0
100
AcDbLine
 10
-86.5858255502867
 20
4.795345224115587
 30
0.0
 11
-84.52562479346533
 21
-0.7443364403247831
 31
0.0
  0
LINE
  5
C42
330
17C
100
AcDbEntity
  8
ABF_Label
347
45
 62
     0
100
AcDbLine
 10
-79.7371633032912
 20
-12.446
 30
0.0
 11
-84.02435154089868
 21
-10.76117802066273
 31
0.0
  0
LINE
  5
C43
330
17C
100
AcDbEntity
  8
ABF_Label
347
45
 62
     0
100
AcDbLine
 10
-75.01106103989356
 20
-10.29110673969984
 30
0.0
 11
-79.7371633032912
 21
-12.446
 31
0.0
  0
LINE
  5
C44
330
17C
100
AcDbEntity
  8
ABF_Label
347
45
 62
     0
100
AcDbLine
 10
-72.77727789798915
 20
4.795345224115587
 30
0.0
 11
-72.77727789798915
 21
-3.628597346570755
 31
0.0
  0
LINE
  5
C45
330
17C
100
AcDbEntity
  8
ABF_Label
347
45
 62
     0
100
AcDbLine
 10
-74.61470531065801
 20
10.35483482503891
 30
0.0
 11
-72.77727789798915
 21
4.795345224115587
 31
0.0
  0
LINE
  5
C46
330
17C
100
AcDbEntity
  8
ABF_Label
347
45
 62
     0
100
AcDbLine
 10
-79.7371633032912
 20
-2.674033014403448
 30
0.0
 11
-74.9328884757844
 21
-0.2006794295310972
 31
0.0
  0
LINE
  5
C47
330
17C
100
AcDbEntity
  8
ABF_Label
347
45
 62
     0
100
AcDbLine
 10
-33.03313793103448
 20
7.033172413793104
 30
0.0
 11
-37.58762068965517
 21
7.033172413793104
 31
0.0
  0
LINE
  5
C48
330
17C
100
AcDbEntity
  8
ABF_Label
347
45
 62
     0
100
AcDbLine
 10
-37.58762068965517
 20
7.033172413793104
 30
0.0
 11
-37.58762068965517
 21
24.09496551724138
 31
0.0
  0
LINE
  5
C49
330
17C
100
AcDbEntity
  8
ABF_Label
347
45
 62
     0
100
AcDbLine
 10
-37.58762068965517
 20
24.09496551724138
 30
0.0
 11
-33.03313793103448
 21
24.09496551724138
 31
0.0
  0
LINE
  5
C4A
330
17C
100
AcDbEntity
  8
ABF_Label
347
45
 62
     0
100
AcDbLine
 10
-33.03313793103448
 20
24.09496551724138
 30
0.0
 11
-33.03313793103448
 21
22.84248275862069
 31
0.0
  0
LINE
  5
C4B
330
17C
100
AcDbEntity
  8
ABF_Label
347
45
 62
     0
100
AcDbLine
 10
-33.03313793103448
 20
22.84248275862069
 30
0.0
 11
-36.05486206896552
 21
22.84248275862069
 31
0.0
  0
LINE
  5
C4C
330
17C
100
AcDbEntity
  8
ABF_Label
347
45
 62
     0
100
AcDbLine
 10
-36.05486206896552
 20
22.84248275862069
 30
0.0
 11
-36.05486206896552
 21
8.285655172413794
 31
0.0
  0
LINE
  5
C4D
330
17C
100
AcDbEntity
  8
ABF_Label
347
45
 62
     0
100
AcDbLine
 10
-36.05486206896552
 20
8.285655172413794
 30
0.0
 11
-33.03313793103448
 21
8.285655172413794
 31
0.0
  0
LINE
  5
C4E
330
17C
100
AcDbEntity
  8
ABF_Label
347
45
 62
     0
100
AcDbLine
 10
-33.03313793103448
 20
8.285655172413794
 30
0.0
 11
-33.03313793103448
 21
7.033172413793104
 31
0.0
  0
LINE
  5
C4F
330
17C
100
AcDbEntity
  8
ABF_Label
347
45
 62
     0
100
AcDbLine
 10
-32.26237931034483
 20
10.46655172413793
 30
0.0
 11
-27.86555172413793
 21
23.50813793103448
 31
0.0
  0
LINE
  5
C50
330
17C
100
AcDbEntity
  8
ABF_Label
347
45
 62
     0
100
AcDbLine
 10
-27.86555172413793
 20
23.50813793103448
 30
0.0
 11
-25.72844827586206
 21
23.50813793103448
 31
0.0
  0
LINE
  5
C51
330
17C
100
AcDbEntity
  8
ABF_Label
347
45
 62
     0
100
AcDbLine
 10
-25.72844827586206
 20
23.50813793103448
 30
0.0
 11
-21.33162068965517
 21
10.46655172413793
 31
0.0
  0
LINE
  5
C52
330
17C
100
AcDbEntity
  8
ABF_Label
347
45
 62
     0
100
AcDbLine
 10
-21.33162068965517
 20
10.46655172413793
 30
0.0
 11
-23.1621724137931
 21
10.46655172413793
 31
0.0
  0
LINE
  5
C53
330
17C
100
AcDbEntity
  8
ABF_Label
347
45
 62
     0
100
AcDbLine
 10
-23.1621724137931
 20
10.46655172413793
 30
0.0
 11
-24.34458620689655
 21
14.11013793103448
 31
0.0
  0
LINE
  5
C54
330
17C
100
AcDbEntity
  8
ABF_Label
347
45
 62
     0
100
AcDbLine
 10
-24.34458620689655
 20
14.11013793103448
 30
0.0
 11
-29.32824137931034
 21
14.11013793103448
 31
0.0
  0
LINE
  5
C55
330
17C
100
AcDbEntity
  8
ABF_Label
347
45
 62
     0
100
AcDbLine
 10
-29.32824137931034
 20
14.11013793103448
 30
0.0
 11
-30.51065517241379
 21
10.46655172413793
 31
0.0
  0
LINE
  5
C56
330
17C
100
AcDbEntity
  8
ABF_Label
347
45
 62
     0
100
AcDbLine
 10
-30.51065517241379
 20
10.46655172413793
 30
0.0
 11
-32.26237931034483
 21
10.46655172413793
 31
0.0
  0
LINE
  5
C57
330
17C
100
AcDbEntity
  8
ABF_Label
347
45
 62
     0
100
AcDbLine
 10
-24.82631034482758
 20
15.59034482758621
 30
0.0
 11
-26.84079310344828
 21
21.73889655172414
 31
0.0
  0
LINE
  5
C58
330
17C
100
AcDbEntity
  8
ABF_Label
347
45
 62
     0
100
AcDbLine
 10
-26.84079310344828
 20
21.73889655172414
 30
0.0
 11
-28.84651724137931
 21
15.59034482758621
 31
0.0
  0
LINE
  5
C59
330
17C
100
AcDbEntity
  8
ABF_Label
347
45
 62
     0
100
AcDbLine
 10
-28.84651724137931
 20
15.59034482758621
 30
0.0
 11
-24.82631034482758
 21
15.59034482758621
 31
0.0
  0
LINE
  5
C5A
330
17C
100
AcDbEntity
  8
ABF_Label
347
45
 62
     0
100
AcDbLine
 10
-13.08099999999999
 20
10.46655172413793
 30
0.0
 11
-19.43975862068966
 21
10.46655172413793
 31
0.0
  0
LINE
  5
C5B
330
17C
100
AcDbEntity
  8
ABF_Label
347
45
 62
     0
100
AcDbLine
 10
-19.43975862068966
 20
10.46655172413793
 30
0.0
 11
-19.43975862068966
 21
11.79786206896552
 31
0.0
  0
LINE
  5
C5C
330
17C
100
AcDbEntity
  8
ABF_Label
347
45
 62
     0
100
AcDbLine
 10
-19.43975862068966
 20
11.79786206896552
 30
0.0
 11
-17.07493103448276
 21
11.79786206896552
 31
0.0
  0
LINE
  5
C5D
330
17C
100
AcDbEntity
  8
ABF_Label
347
45
 62
     0
100
AcDbLine
 10
-17.07493103448276
 20
11.79786206896552
 30
0.0
 11
-17.07493103448276
 21
20.53896551724138
 31
0.0
  0
LINE
  5
C5E
330
17C
100
AcDbEntity
  8
ABF_Label
347
45
 62
     0
100
AcDbLine
 10
-17.07493103448276
 20
20.53896551724138
 30
0.0
 11
-19.43975862068966
 21
20.53896551724138
 31
0.0
  0
LINE
  5
C5F
330
17C
100
AcDbEntity
  8
ABF_Label
347
45
 62
     0
100
AcDbLine
 10
-19.43975862068966
 20
20.53896551724138
 30
0.0
 11
-19.43975862068966
 21
21.73013793103448
 31
0.0
  0
LINE
  5
C60
330
17C
100
AcDbEntity
  8
ABF_Label
347
45
 62
     0
100
AcDbLine
 10
-19.43975862068966
 20
21.73013793103448
 30
0.0
 11
-17.46468965517242
 21
22.11113793103448
 31
0.0
  0
LINE
  5
C61
330
17C
100
AcDbEntity
  8
ABF_Label
347
45
 62
     0
100
AcDbLine
 10
-17.46468965517242
 20
22.11113793103448
 30
0.0
 11
-16.75086206896551
 21
23.55193103448276
 31
0.0
  0
LINE
  5
C62
330
17C
100
AcDbEntity
  8
ABF_Label
347
45
 62
     0
100
AcDbLine
 10
-16.75086206896551
 20
23.55193103448276
 30
0.0
 11
-15.39327586206897
 21
23.55193103448276
 31
0.0
  0
LINE
  5
C63
330
17C
100
AcDbEntity
  8
ABF_Label
347
45
 62
     0
100
AcDbLine
 10
-15.39327586206897
 20
23.55193103448276
 30
0.0
 11
-15.39327586206897
 21
11.79786206896552
 31
0.0
  0
LINE
  5
C64
330
17C
100
AcDbEntity
  8
ABF_Label
347
45
 62
     0
100
AcDbLine
 10
-15.39327586206897
 20
11.79786206896552
 30
0.0
 11
-13.08099999999999
 21
11.79786206896552
 31
0.0
  0
LINE
  5
C65
330
17C
100
AcDbEntity
  8
ABF_Label
347
45
 62
     0
100
AcDbLine
 10
-13.08099999999999
 20
11.79786206896552
 30
0.0
 11
-13.08099999999999
 21
10.46655172413793
 31
0.0
  0
LINE
  5
C66
330
17C
100
AcDbEntity
  8
ABF_Label
347
45
 62
     0
100
AcDbLine
 10
-6.21424137931035
 20
7.033172413793104
 30
0.0
 11
-10.76872413793104
 21
7.033172413793104
 31
0.0
  0
LINE
  5
C67
330
17C
100
AcDbEntity
  8
ABF_Label
347
45
 62
     0
100
AcDbLine
 10
-10.76872413793104
 20
7.033172413793104
 30
0.0
 11
-10.76872413793104
 21
8.285655172413794
 31
0.0
  0
LINE
  5
C68
330
17C
100
AcDbEntity
  8
ABF_Label
347
45
 62
     0
100
AcDbLine
 10
-10.76872413793104
 20
8.285655172413794
 30
0.0
 11
-7.746999999999993
 21
8.285655172413794
 31
0.0
  0
LINE
  5
C69
330
17C
100
AcDbEntity
  8
ABF_Label
347
45
 62
     0
100
AcDbLine
 10
-7.746999999999993
 20
8.285655172413794
 30
0.0
 11
-7.746999999999993
 21
22.84248275862069
 31
0.0
  0
LINE
  5
C6A
330
17C
100
AcDbEntity
  8
ABF_Label
347
45
 62
     0
100
AcDbLine
 10
-7.746999999999993
 20
22.84248275862069
 30
0.0
 11
-10.76872413793104
 21
22.84248275862069
 31
0.0
  0
LINE
  5
C6B
330
17C
100
AcDbEntity
  8
ABF_Label
347
45
 62
     0
100
AcDbLine
 10
-10.76872413793104
 20
22.84248275862069
 30
0.0
 11
-10.76872413793104
 21
24.09496551724138
 31
0.0
  0
LINE
  5
C6C
330
17C
100
AcDbEntity
  8
ABF_Label
347
45
 62
     0
100
AcDbLine
 10
-10.76872413793104
 20
24.09496551724138
 30
0.0
 11
-6.21424137931035
 21
24.09496551724138
 31
0.0
  0
LINE
  5
C6D
330
17C
100
AcDbEntity
  8
ABF_Label
347
45
 62
     0
100
AcDbLine
 10
-6.21424137931035
 20
24.09496551724138
 30
0.0
 11
-6.21424137931035
 21
7.033172413793104
 31
0.0
  0
LINE
  5
C6E
330
17C
100
AcDbEntity
  8
ABF_Label
347
45
 62
     0
100
AcDbLine
 10
10.77748275862069
 20
7.838965517241379
 30
0.0
 11
10.49720689655171
 21
7.838965517241379
 31
0.0
  0
LINE
  5
C6F
330
17C
100
AcDbEntity
  8
ABF_Label
347
45
 62
     0
100
AcDbLine
 10
0.7050689655172302
 20
7.838965517241379
 30
0.0
 11
0.7050689655172302
 21
8.97758620689655
 31
0.0
  0
LINE
  5
C70
330
17C
100
AcDbEntity
  8
ABF_Label
347
45
 62
     0
100
AcDbLine
 10
0.7050689655172302
 20
8.97758620689655
 30
0.0
 11
10.49720689655171
 21
8.97758620689655
 31
0.0
  0
LINE
  5
C71
330
17C
100
AcDbEntity
  8
ABF_Label
347
45
 62
     0
100
AcDbLine
 10
10.77748275862069
 20
8.97758620689655
 30
0.0
 11
10.77748275862069
 21
7.838965517241379
 31
0.0
  0
LINE
  5
C72
330
17C
100
AcDbEntity
  8
ABF_Label
347
45
 62
     0
100
AcDbLine
 10
10.49720689655171
 20
7.838965517241379
 30
0.0
 11
0.7050689655172302
 21
7.838965517241379
 31
0.0
  0
LINE
  5
C73
330
17C
100
AcDbEntity
  8
ABF_Label
347
45
 62
     0
100
AcDbLine
 10
20.56962068965517
 20
7.838965517241379
 30
0.0
 11
10.49720689655171
 21
7.838965517241379
 31
0.0
  0
LINE
  5
C74
330
17C
100
AcDbEntity
  8
ABF_Label
347
45
 62
     0
100
AcDbLine
 10
10.49720689655171
 20
8.97758620689655
 30
0.0
 11
10.77748275862069
 21
8.97758620689655
 31
0.0
  0
LINE
  5
C75
330
17C
100
AcDbEntity
  8
ABF_Label
347
45
 62
     0
100
AcDbLine
 10
10.49720689655171
 20
7.838965517241379
 30
0.0
 11
10.49720689655171
 21
8.97758620689655
 31
0.0
  0
LINE
  5
C76
330
17C
100
AcDbEntity
  8
ABF_Label
347
45
 62
     0
100
AcDbLine
 10
10.49720689655171
 20
8.97758620689655
 30
0.0
 11
20.56962068965517
 21
8.97758620689655
 31
0.0
  0
LINE
  5
C77
330
17C
100
AcDbEntity
  8
ABF_Label
347
45
 62
     0
100
AcDbLine
 10
20.56962068965517
 20
8.97758620689655
 30
0.0
 11
20.56962068965517
 21
7.838965517241379
 31
0.0
  0
LINE
  5
C78
330
17C
100
AcDbEntity
  8
ABF_Label
347
45
 62
     0
100
AcDbLine
 10
31.39527586206896
 20
10.46655172413793
 30
0.0
 11
29.18810344827584
 21
10.46655172413793
 31
0.0
  0
LINE
  5
C79
330
17C
100
AcDbEntity
  8
ABF_Label
347
45
 62
     0
100
AcDbLine
 10
29.18810344827584
 20
10.46655172413793
 30
0.0
 11
24.58106896551724
 21
16.43993103448276
 31
0.0
  0
LINE
  5
C7A
330
17C
100
AcDbEntity
  8
ABF_Label
347
45
 62
     0
100
AcDbLine
 10
24.58106896551724
 20
16.43993103448276
 30
0.0
 11
23.48624137931034
 21
16.43993103448276
 31
0.0
  0
LINE
  5
C7B
330
17C
100
AcDbEntity
  8
ABF_Label
347
45
 62
     0
100
AcDbLine
 10
23.48624137931034
 20
16.43993103448276
 30
0.0
 11
23.48624137931034
 21
10.46655172413793
 31
0.0
  0
LINE
  5
C7C
330
17C
100
AcDbEntity
  8
ABF_Label
347
45
 62
     0
100
AcDbLine
 10
23.48624137931034
 20
10.46655172413793
 30
0.0
 11
21.75203448275862
 21
10.46655172413793
 31
0.0
  0
LINE
  5
C7D
330
17C
100
AcDbEntity
  8
ABF_Label
347
45
 62
     0
100
AcDbLine
 10
21.75203448275862
 20
10.46655172413793
 30
0.0
 11
21.75203448275862
 21
23.50813793103448
 31
0.0
  0
LINE
  5
C7E
330
17C
100
AcDbEntity
  8
ABF_Label
347
45
 62
     0
100
AcDbLine
 10
21.75203448275862
 20
23.50813793103448
 30
0.0
 11
23.48624137931034
 21
23.50813793103448
 31
0.0
  0
LINE
  5
C7F
330
17C
100
AcDbEntity
  8
ABF_Label
347
45
 62
     0
100
AcDbLine
 10
23.48624137931034
 20
23.50813793103448
 30
0.0
 11
23.48624137931034
 21
17.63110344827586
 31
0.0
  0
LINE
  5
C80
330
17C
100
AcDbEntity
  8
ABF_Label
347
45
 62
     0
100
AcDbLine
 10
23.48624137931034
 20
17.63110344827586
 30
0.0
 11
25.11096551724137
 21
18.14786206896552
 31
0.0
  0
LINE
  5
C81
330
17C
100
AcDbEntity
  8
ABF_Label
347
45
 62
     0
100
AcDbLine
 10
25.11096551724137
 20
18.14786206896552
 30
0.0
 11
26.08755172413792
 21
19.53172413793103
 31
0.0
  0
LINE
  5
C82
330
17C
100
AcDbEntity
  8
ABF_Label
347
45
 62
     0
100
AcDbLine
 10
26.08755172413792
 20
19.53172413793103
 30
0.0
 11
26.37220689655171
 21
20.28058620689655
 31
0.0
  0
LINE
  5
C83
330
17C
100
AcDbEntity
  8
ABF_Label
347
45
 62
     0
100
AcDbLine
 10
26.37220689655171
 20
20.28058620689655
 30
0.0
 11
26.57803448275861
 21
20.88055172413793
 31
0.0
  0
LINE
  5
C84
330
17C
100
AcDbEntity
  8
ABF_Label
347
45
 62
     0
100
AcDbLine
 10
26.57803448275861
 20
20.88055172413793
 30
0.0
 11
27.91810344827587
 21
22.94320689655172
 31
0.0
  0
LINE
  5
C85
330
17C
100
AcDbEntity
  8
ABF_Label
347
45
 62
     0
100
AcDbLine
 10
27.91810344827587
 20
22.94320689655172
 30
0.0
 11
30.17782758620688
 21
23.50813793103448
 31
0.0
  0
LINE
  5
C86
330
17C
100
AcDbEntity
  8
ABF_Label
347
45
 62
     0
100
AcDbLine
 10
30.17782758620688
 20
23.50813793103448
 30
0.0
 11
30.71210344827585
 21
23.50813793103448
 31
0.0
  0
LINE
  5
C87
330
17C
100
AcDbEntity
  8
ABF_Label
347
45
 62
     0
100
AcDbLine
 10
30.71210344827585
 20
23.50813793103448
 30
0.0
 11
30.71210344827585
 21
21.95786206896551
 31
0.0
  0
LINE
  5
C88
330
17C
100
AcDbEntity
  8
ABF_Label
347
45
 62
     0
100
AcDbLine
 10
30.71210344827585
 20
21.95786206896551
 30
0.0
 11
30.27417241379311
 21
21.95786206896551
 31
0.0
  0
LINE
  5
C89
330
17C
100
AcDbEntity
  8
ABF_Label
347
45
 62
     0
100
AcDbLine
 10
30.27417241379311
 20
21.95786206896551
 30
0.0
 11
28.77644827586206
 21
21.5418275862069
 31
0.0
  0
LINE
  5
C8A
330
17C
100
AcDbEntity
  8
ABF_Label
347
45
 62
     0
100
AcDbLine
 10
28.77644827586206
 20
21.5418275862069
 30
0.0
 11
27.98817241379309
 21
19.96965517241379
 31
0.0
  0
LINE
  5
C8B
330
17C
100
AcDbEntity
  8
ABF_Label
347
45
 62
     0
100
AcDbLine
 10
27.98817241379309
 20
19.96965517241379
 30
0.0
 11
27.18237931034482
 21
18.27486206896551
 31
0.0
  0
LINE
  5
C8C
330
17C
100
AcDbEntity
  8
ABF_Label
347
45
 62
     0
100
AcDbLine
 10
27.18237931034482
 20
18.27486206896551
 30
0.0
 11
26.10506896551723
 21
17.32455172413793
 31
0.0
  0
LINE
  5
C8D
330
17C
100
AcDbEntity
  8
ABF_Label
347
45
 62
     0
100
AcDbLine
 10
26.10506896551723
 20
17.32455172413793
 30
0.0
 11
31.39527586206896
 21
10.46655172413793
 31
0.0
  0
LINE
  5
C8E
330
17C
100
AcDbEntity
  8
ABF_Label
347
45
 62
     0
100
AcDbLine
 10
40.63562068965518
 20
15.61662068965517
 30
0.0
 11
39.4663448275862
 21
11.72341379310345
 31
0.0
  0
LINE
  5
C8F
330
17C
100
AcDbEntity
  8
ABF_Label
347
45
 62
     0
100
AcDbLine
 10
39.4663448275862
 20
11.72341379310345
 30
0.0
 11
36.51031034482758
 21
10.27386206896552
 31
0.0
  0
LINE
  5
C90
330
17C
100
AcDbEntity
  8
ABF_Label
347
45
 62
     0
100
AcDbLine
 10
36.51031034482758
 20
10.27386206896552
 30
0.0
 11
35.22279310344825
 21
10.44027586206897
 31
0.0
  0
LINE
  5
C91
330
17C
100
AcDbEntity
  8
ABF_Label
347
45
 62
     0
100
AcDbLine
 10
35.22279310344825
 20
10.44027586206897
 30
0.0
 11
34.07541379310344
 21
10.95703448275862
 31
0.0
  0
LINE
  5
C92
330
17C
100
AcDbEntity
  8
ABF_Label
347
45
 62
     0
100
AcDbLine
 10
34.07541379310344
 20
10.95703448275862
 30
0.0
 11
34.07541379310344
 21
6.858
 31
0.0
  0
LINE
  5
C93
330
17C
100
AcDbEntity
  8
ABF_Label
347
45
 62
     0
100
AcDbLine
 10
34.07541379310344
 20
6.858
 30
0.0
 11
32.42879310344827
 21
6.858
 31
0.0
  0
LINE
  5
C94
330
17C
100
AcDbEntity
  8
ABF_Label
347
45
 62
     0
100
AcDbLine
 10
32.42879310344827
 20
6.858
 30
0.0
 11
32.42879310344827
 21
20.24993103448276
 31
0.0
  0
LINE
  5
C95
330
17C
100
AcDbEntity
  8
ABF_Label
347
45
 62
     0
100
AcDbLine
 10
32.42879310344827
 20
20.24993103448276
 30
0.0
 11
34.07541379310344
 21
20.24993103448276
 31
0.0
  0
LINE
  5
C96
330
17C
100
AcDbEntity
  8
ABF_Label
347
45
 62
     0
100
AcDbLine
 10
34.07541379310344
 20
20.24993103448276
 30
0.0
 11
34.07541379310344
 21
19.2251724137931
 31
0.0
  0
LINE
  5
C97
330
17C
100
AcDbEntity
  8
ABF_Label
347
45
 62
     0
100
AcDbLine
 10
34.07541379310344
 20
19.2251724137931
 30
0.0
 11
35.43737931034482
 21
20.14920689655172
 31
0.0
  0
LINE
  5
C98
330
17C
100
AcDbEntity
  8
ABF_Label
347
45
 62
     0
100
AcDbLine
 10
35.43737931034482
 20
20.14920689655172
 30
0.0
 11
37.07086206896553
 21
20.52144827586207
 31
0.0
  0
LINE
  5
C99
330
17C
100
AcDbEntity
  8
ABF_Label
347
45
 62
     0
100
AcDbLine
 10
37.07086206896553
 20
20.52144827586207
 30
0.0
 11
39.69406896551723
 21
19.19013793103448
 31
0.0
  0
LINE
  5
C9A
330
17C
100
AcDbEntity
  8
ABF_Label
347
45
 62
     0
100
AcDbLine
 10
39.69406896551723
 20
19.19013793103448
 30
0.0
 11
40.63562068965518
 21
15.61662068965517
 31
0.0
  0
LINE
  5
C9B
330
17C
100
AcDbEntity
  8
ABF_Label
347
45
 62
     0
100
AcDbLine
 10
38.93644827586206
 20
15.43268965517242
 30
0.0
 11
38.4021724137931
 21
18.02962068965517
 31
0.0
  0
LINE
  5
C9C
330
17C
100
AcDbEntity
  8
ABF_Label
347
45
 62
     0
100
AcDbLine
 10
38.4021724137931
 20
18.02962068965517
 30
0.0
 11
36.66796551724137
 21
18.95365517241379
 31
0.0
  0
LINE
  5
C9D
330
17C
100
AcDbEntity
  8
ABF_Label
347
45
 62
     0
100
AcDbLine
 10
36.66796551724137
 20
18.95365517241379
 30
0.0
 11
35.31475862068967
 21
18.64272413793103
 31
0.0
  0
LINE
  5
C9E
330
17C
100
AcDbEntity
  8
ABF_Label
347
45
 62
     0
100
AcDbLine
 10
35.31475862068967
 20
18.64272413793103
 30
0.0
 11
34.07541379310344
 21
17.84131034482758
 31
0.0
  0
LINE
  5
C9F
330
17C
100
AcDbEntity
  8
ABF_Label
347
45
 62
     0
100
AcDbLine
 10
34.07541379310344
 20
17.84131034482758
 30
0.0
 11
34.07541379310344
 21
12.29710344827586
 31
0.0
  0
LINE
  5
CA0
330
17C
100
AcDbEntity
  8
ABF_Label
347
45
 62
     0
100
AcDbLine
 10
34.07541379310344
 20
12.29710344827586
 30
0.0
 11
35.18337931034483
 21
11.86793103448276
 31
0.0
  0
LINE
  5
CA1
330
17C
100
AcDbEntity
  8
ABF_Label
347
45
 62
     0
100
AcDbLine
 10
35.18337931034483
 20
11.86793103448276
 30
0.0
 11
36.23879310344828
 21
11.75406896551724
 31
0.0
  0
LINE
  5
CA2
330
17C
100
AcDbEntity
  8
ABF_Label
347
45
 62
     0
100
AcDbLine
 10
36.23879310344828
 20
11.75406896551724
 30
0.0
 11
38.227
 21
12.69124137931035
 31
0.0
  0
LINE
  5
CA3
330
17C
100
AcDbEntity
  8
ABF_Label
347
45
 62
     0
100
AcDbLine
 10
38.227
 20
12.69124137931035
 30
0.0
 11
38.93644827586206
 21
15.43268965517242
 31
0.0
  0
LINE
  5
CA4
330
17C
100
AcDbEntity
  8
ABF_Label
347
45
 62
     0
100
AcDbLine
 10
50.06865517241378
 20
10.46655172413793
 30
0.0
 11
48.43955172413792
 21
10.46655172413793
 31
0.0
  0
LINE
  5
CA5
330
17C
100
AcDbEntity
  8
ABF_Label
347
45
 62
     0
100
AcDbLine
 10
48.43955172413792
 20
10.46655172413793
 30
0.0
 11
48.43955172413792
 21
17.76248275862069
 31
0.0
  0
LINE
  5
CA6
330
17C
100
AcDbEntity
  8
ABF_Label
347
45
 62
     0
100
AcDbLine
 10
48.43955172413792
 20
17.76248275862069
 30
0.0
 11
43.83251724137931
 21
10.46655172413793
 31
0.0
  0
LINE
  5
CA7
330
17C
100
AcDbEntity
  8
ABF_Label
347
45
 62
     0
100
AcDbLine
 10
43.83251724137931
 20
10.46655172413793
 30
0.0
 11
42.34355172413792
 21
10.46655172413793
 31
0.0
  0
LINE
  5
CA8
330
17C
100
AcDbEntity
  8
ABF_Label
347
45
 62
     0
100
AcDbLine
 10
42.34355172413792
 20
10.46655172413793
 30
0.0
 11
42.34355172413792
 21
20.24993103448276
 31
0.0
  0
LINE
  5
CA9
330
17C
100
AcDbEntity
  8
ABF_Label
347
45
 62
     0
100
AcDbLine
 10
42.34355172413792
 20
20.24993103448276
 30
0.0
 11
43.97265517241378
 21
20.24993103448276
 31
0.0
  0
LINE
  5
CAA
330
17C
100
AcDbEntity
  8
ABF_Label
347
45
 62
     0
100
AcDbLine
 10
43.97265517241378
 20
20.24993103448276
 30
0.0
 11
43.97265517241378
 21
13.06786206896552
 31
0.0
  0
LINE
  5
CAB
330
17C
100
AcDbEntity
  8
ABF_Label
347
45
 62
     0
100
AcDbLine
 10
43.97265517241378
 20
13.06786206896552
 30
0.0
 11
48.52713793103447
 21
20.24993103448276
 31
0.0
  0
LINE
  5
CAC
330
17C
100
AcDbEntity
  8
ABF_Label
347
45
 62
     0
100
AcDbLine
 10
48.52713793103447
 20
20.24993103448276
 30
0.0
 11
50.06865517241378
 21
20.24993103448276
 31
0.0
  0
LINE
  5
CAD
330
17C
100
AcDbEntity
  8
ABF_Label
347
45
 62
     0
100
AcDbLine
 10
50.06865517241378
 20
20.24993103448276
 30
0.0
 11
50.06865517241378
 21
10.46655172413793
 31
0.0
  0
LINE
  5
CAE
330
17C
100
AcDbEntity
  8
ABF_Label
347
45
 62
     0
100
AcDbLine
 10
64.02989655172415
 20
10.46655172413793
 30
0.0
 11
52.45100000000001
 21
10.46655172413793
 31
0.0
  0
LINE
  5
CAF
330
17C
100
AcDbEntity
  8
ABF_Label
347
45
 62
     0
100
AcDbLine
 10
52.45100000000001
 20
10.46655172413793
 30
0.0
 11
52.45100000000001
 21
20.24993103448276
 31
0.0
  0
LINE
  5
CB0
330
17C
100
AcDbEntity
  8
ABF_Label
347
45
 62
     0
100
AcDbLine
 10
52.45100000000001
 20
20.24993103448276
 30
0.0
 11
54.09762068965516
 21
20.24993103448276
 31
0.0
  0
LINE
  5
CB1
330
17C
100
AcDbEntity
  8
ABF_Label
347
45
 62
     0
100
AcDbLine
 10
54.09762068965516
 20
20.24993103448276
 30
0.0
 11
54.09762068965516
 21
11.8591724137931
 31
0.0
  0
LINE
  5
CB2
330
17C
100
AcDbEntity
  8
ABF_Label
347
45
 62
     0
100
AcDbLine
 10
54.09762068965516
 20
11.8591724137931
 30
0.0
 11
57.41713793103448
 21
11.8591724137931
 31
0.0
  0
LINE
  5
CB3
330
17C
100
AcDbEntity
  8
ABF_Label
347
45
 62
     0
100
AcDbLine
 10
57.41713793103448
 20
11.8591724137931
 30
0.0
 11
57.41713793103448
 21
20.24993103448276
 31
0.0
  0
LINE
  5
CB4
330
17C
100
AcDbEntity
  8
ABF_Label
347
45
 62
     0
100
AcDbLine
 10
57.41713793103448
 20
20.24993103448276
 30
0.0
 11
59.06375862068963
 21
20.24993103448276
 31
0.0
  0
LINE
  5
CB5
330
17C
100
AcDbEntity
  8
ABF_Label
347
45
 62
     0
100
AcDbLine
 10
59.06375862068963
 20
20.24993103448276
 30
0.0
 11
59.06375862068963
 21
11.8591724137931
 31
0.0
  0
LINE
  5
CB6
330
17C
100
AcDbEntity
  8
ABF_Label
347
45
 62
     0
100
AcDbLine
 10
59.06375862068963
 20
11.8591724137931
 30
0.0
 11
62.38327586206896
 21
11.8591724137931
 31
0.0
  0
LINE
  5
CB7
330
17C
100
AcDbEntity
  8
ABF_Label
347
45
 62
     0
100
AcDbLine
 10
62.38327586206896
 20
11.8591724137931
 30
0.0
 11
62.38327586206896
 21
20.24993103448276
 31
0.0
  0
LINE
  5
CB8
330
17C
100
AcDbEntity
  8
ABF_Label
347
45
 62
     0
100
AcDbLine
 10
62.38327586206896
 20
20.24993103448276
 30
0.0
 11
64.02989655172415
 21
20.24993103448276
 31
0.0
  0
LINE
  5
CB9
330
17C
100
AcDbEntity
  8
ABF_Label
347
45
 62
     0
100
AcDbLine
 10
64.02989655172415
 20
20.24993103448276
 30
0.0
 11
64.02989655172415
 21
10.46655172413793
 31
0.0
  0
LINE
  5
CBA
330
17C
100
AcDbEntity
  8
ABF_Label
347
45
 62
     0
100
AcDbLine
 10
71.87762068965513
 20
12.8751724137931
 30
0.0
 11
71.87762068965513
 21
15.59034482758621
 31
0.0
  0
LINE
  5
CBB
330
17C
100
AcDbEntity
  8
ABF_Label
347
45
 62
     0
100
AcDbLine
 10
71.87762068965513
 20
15.59034482758621
 30
0.0
 11
70.39303448275862
 21
15.4458275862069
 31
0.0
  0
LINE
  5
CBC
330
17C
100
AcDbEntity
  8
ABF_Label
347
45
 62
     0
100
AcDbLine
 10
70.39303448275862
 20
15.4458275862069
 30
0.0
 11
68.94348275862066
 21
15.18744827586207
 31
0.0
  0
LINE
  5
CBD
330
17C
100
AcDbEntity
  8
ABF_Label
347
45
 62
     0
100
AcDbLine
 10
68.94348275862066
 20
15.18744827586207
 30
0.0
 11
67.85741379310342
 21
14.56996551724138
 31
0.0
  0
LINE
  5
CBE
330
17C
100
AcDbEntity
  8
ABF_Label
347
45
 62
     0
100
AcDbLine
 10
67.85741379310342
 20
14.56996551724138
 30
0.0
 11
67.42824137931032
 21
13.40944827586207
 31
0.0
  0
LINE
  5
CBF
330
17C
100
AcDbEntity
  8
ABF_Label
347
45
 62
     0
100
AcDbLine
 10
67.42824137931032
 20
13.40944827586207
 30
0.0
 11
67.9012068965517
 21
12.13944827586207
 31
0.0
  0
LINE
  5
CC0
330
17C
100
AcDbEntity
  8
ABF_Label
347
45
 62
     0
100
AcDbLine
 10
67.9012068965517
 20
12.13944827586207
 30
0.0
 11
69.28506896551723
 21
11.71027586206897
 31
0.0
  0
LINE
  5
CC1
330
17C
100
AcDbEntity
  8
ABF_Label
347
45
 62
     0
100
AcDbLine
 10
69.28506896551723
 20
11.71027586206897
 30
0.0
 11
70.6952068965517
 21
12.04748275862069
 31
0.0
  0
LINE
  5
CC2
330
17C
100
AcDbEntity
  8
ABF_Label
347
45
 62
     0
100
AcDbLine
 10
70.6952068965517
 20
12.04748275862069
 30
0.0
 11
71.87762068965513
 21
12.8751724137931
 31
0.0
  0
LINE
  5
CC3
330
17C
100
AcDbEntity
  8
ABF_Label
347
45
 62
     0
100
AcDbLine
 10
71.87762068965513
 20
11.50882758620689
 30
0.0
 11
71.33896551724138
 21
11.09279310344828
 31
0.0
  0
LINE
  5
CC4
330
17C
100
AcDbEntity
  8
ABF_Label
347
45
 62
     0
100
AcDbLine
 10
71.33896551724138
 20
11.09279310344828
 30
0.0
 11
70.68644827586206
 21
10.668
 31
0.0
  0
LINE
  5
CC5
330
17C
100
AcDbEntity
  8
ABF_Label
347
45
 62
     0
100
AcDbLine
 10
70.68644827586206
 20
10.668
 30
0.0
 11
69.84124137931035
 21
10.31765517241379
 31
0.0
  0
LINE
  5
CC6
330
17C
100
AcDbEntity
  8
ABF_Label
347
45
 62
     0
100
AcDbLine
 10
69.84124137931035
 20
10.31765517241379
 30
0.0
 11
68.69824137931035
 21
10.19503448275862
 31
0.0
  0
LINE
  5
CC7
330
17C
100
AcDbEntity
  8
ABF_Label
347
45
 62
     0
100
AcDbLine
 10
68.69824137931035
 20
10.19503448275862
 30
0.0
 11
67.55086206896551
 21
10.42275862068966
 31
0.0
  0
LINE
  5
CC8
330
17C
100
AcDbEntity
  8
ABF_Label
347
45
 62
     0
100
AcDbLine
 10
67.55086206896551
 20
10.42275862068966
 30
0.0
 11
66.59617241379308
 21
11.06213793103448
 31
0.0
  0
LINE
  5
CC9
330
17C
100
AcDbEntity
  8
ABF_Label
347
45
 62
     0
100
AcDbLine
 10
66.59617241379308
 20
11.06213793103448
 30
0.0
 11
65.96555172413791
 21
12.05624137931034
 31
0.0
  0
LINE
  5
CCA
330
17C
100
AcDbEntity
  8
ABF_Label
347
45
 62
     0
100
AcDbLine
 10
65.96555172413791
 20
12.05624137931034
 30
0.0
 11
65.72906896551721
 21
13.30434482758621
 31
0.0
  0
LINE
  5
CCB
330
17C
100
AcDbEntity
  8
ABF_Label
347
45
 62
     0
100
AcDbLine
 10
65.72906896551721
 20
13.30434482758621
 30
0.0
 11
66.15824137931035
 21
15.0341724137931
 31
0.0
  0
LINE
  5
CCC
330
17C
100
AcDbEntity
  8
ABF_Label
347
45
 62
     0
100
AcDbLine
 10
66.15824137931035
 20
15.0341724137931
 30
0.0
 11
67.5158275862069
 21
16.16841379310345
 31
0.0
  0
LINE
  5
CCD
330
17C
100
AcDbEntity
  8
ABF_Label
347
45
 62
     0
100
AcDbLine
 10
67.5158275862069
 20
16.16841379310345
 30
0.0
 11
69.46024137931033
 21
16.68955172413793
 31
0.0
  0
LINE
  5
CCE
330
17C
100
AcDbEntity
  8
ABF_Label
347
45
 62
     0
100
AcDbLine
 10
69.46024137931033
 20
16.68955172413793
 30
0.0
 11
71.87762068965513
 21
16.90413793103448
 31
0.0
  0
LINE
  5
CCF
330
17C
100
AcDbEntity
  8
ABF_Label
347
45
 62
     0
100
AcDbLine
 10
71.87762068965513
 20
16.90413793103448
 30
0.0
 11
71.87762068965513
 21
17.21944827586207
 31
0.0
  0
LINE
  5
CD0
330
17C
100
AcDbEntity
  8
ABF_Label
347
45
 62
     0
100
AcDbLine
 10
71.87762068965513
 20
17.21944827586207
 30
0.0
 11
71.70244827586204
 21
18.15224137931034
 31
0.0
  0
LINE
  5
CD1
330
17C
100
AcDbEntity
  8
ABF_Label
347
45
 62
     0
100
AcDbLine
 10
71.70244827586204
 20
18.15224137931034
 30
0.0
 11
71.21196551724135
 21
18.69965517241379
 31
0.0
  0
LINE
  5
CD2
330
17C
100
AcDbEntity
  8
ABF_Label
347
45
 62
     0
100
AcDbLine
 10
71.21196551724135
 20
18.69965517241379
 30
0.0
 11
70.44120689655169
 21
18.96679310344827
 31
0.0
  0
LINE
  5
CD3
330
17C
100
AcDbEntity
  8
ABF_Label
347
45
 62
     0
100
AcDbLine
 10
70.44120689655169
 20
18.96679310344827
 30
0.0
 11
69.50403448275861
 21
19.03248275862069
 31
0.0
  0
LINE
  5
CD4
330
17C
100
AcDbEntity
  8
ABF_Label
347
45
 62
     0
100
AcDbLine
 10
69.50403448275861
 20
19.03248275862069
 30
0.0
 11
68.16396551724138
 21
18.86168965517241
 31
0.0
  0
LINE
  5
CD5
330
17C
100
AcDbEntity
  8
ABF_Label
347
45
 62
     0
100
AcDbLine
 10
68.16396551724138
 20
18.86168965517241
 30
0.0
 11
66.62244827586206
 21
18.3668275862069
 31
0.0
  0
LINE
  5
CD6
330
17C
100
AcDbEntity
  8
ABF_Label
347
45
 62
     0
100
AcDbLine
 10
66.62244827586206
 20
18.3668275862069
 30
0.0
 11
66.52610344827586
 21
18.3668275862069
 31
0.0
  0
LINE
  5
CD7
330
17C
100
AcDbEntity
  8
ABF_Label
347
45
 62
     0
100
AcDbLine
 10
66.52610344827586
 20
18.3668275862069
 30
0.0
 11
66.52610344827586
 21
20.03972413793103
 31
0.0
  0
LINE
  5
CD8
330
17C
100
AcDbEntity
  8
ABF_Label
347
45
 62
     0
100
AcDbLine
 10
66.52610344827586
 20
20.03972413793103
 30
0.0
 11
67.83113793103449
 21
20.32875862068965
 31
0.0
  0
LINE
  5
CD9
330
17C
100
AcDbEntity
  8
ABF_Label
347
45
 62
     0
100
AcDbLine
 10
67.83113793103449
 20
20.32875862068965
 30
0.0
 11
69.51279310344825
 21
20.48641379310344
 31
0.0
  0
LINE
  5
CDA
330
17C
100
AcDbEntity
  8
ABF_Label
347
45
 62
     0
100
AcDbLine
 10
69.51279310344825
 20
20.48641379310344
 30
0.0
 11
71.21196551724135
 21
20.32875862068965
 31
0.0
  0
LINE
  5
CDB
330
17C
100
AcDbEntity
  8
ABF_Label
347
45
 62
     0
100
AcDbLine
 10
71.21196551724135
 20
20.32875862068965
 30
0.0
 11
72.45568965517239
 21
19.75944827586207
 31
0.0
  0
LINE
  5
CDC
330
17C
100
AcDbEntity
  8
ABF_Label
347
45
 62
     0
100
AcDbLine
 10
72.45568965517239
 20
19.75944827586207
 30
0.0
 11
73.25272413793103
 21
18.7171724137931
 31
0.0
  0
LINE
  5
CDD
330
17C
100
AcDbEntity
  8
ABF_Label
347
45
 62
     0
100
AcDbLine
 10
73.25272413793103
 20
18.7171724137931
 30
0.0
 11
73.51548275862066
 21
17.15813793103449
 31
0.0
  0
LINE
  5
CDE
330
17C
100
AcDbEntity
  8
ABF_Label
347
45
 62
     0
100
AcDbLine
 10
73.51548275862066
 20
17.15813793103449
 30
0.0
 11
73.51548275862066
 21
10.46655172413793
 31
0.0
  0
LINE
  5
CDF
330
17C
100
AcDbEntity
  8
ABF_Label
347
45
 62
     0
100
AcDbLine
 10
73.51548275862066
 20
10.46655172413793
 30
0.0
 11
71.87762068965513
 21
10.46655172413793
 31
0.0
  0
LINE
  5
CE0
330
17C
100
AcDbEntity
  8
ABF_Label
347
45
 62
     0
100
AcDbLine
 10
71.87762068965513
 20
10.46655172413793
 30
0.0
 11
71.87762068965513
 21
11.50882758620689
 31
0.0
  0
LINE
  5
CE1
330
17C
100
AcDbEntity
  8
ABF_Label
347
45
 62
     0
100
AcDbLine
 10
11.60898198938369
 20
-10.57317554330826
 30
0.0
 11
13.00575780248641
 21
-13.716
 31
0.0
  0
LINE
  5
CE2
330
17C
100
AcDbEntity
  8
ABF_Label
347
45
 62
     0
100
AcDbLine
 10
8.945599561691276
 20
-4.580415426254274
 30
0.0
 11
11.60898198938369
 21
-10.57317554330826
 31
0.0
  0
LINE
  5
CE3
330
17C
100
AcDbEntity
  8
ABF_Label
347
45
 62
     0
100
AcDbLine
 10
5.207446859836574
 20
-13.716
 30
0.0
 11
6.493446519136434
 21
-10.57317554330826
 31
0.0
  0
LINE
  5
CE4
330
17C
100
AcDbEntity
  8
ABF_Label
347
45
 62
     0
100
AcDbLine
 10
6.493446519136434
 20
-10.57317554330826
 30
0.0
 11
8.945599561691276
 21
-4.580415426254274
 31
0.0
  0
LINE
  5
CE5
330
17C
100
AcDbEntity
  8
ABF_Label
347
45
 62
     0
100
AcDbLine
 10
6.493446519136434
 20
-10.57317554330826
 30
0.0
 11
11.60898198938369
 21
-10.57317554330826
 31
0.0
  0
LINE
  5
CE6
330
17C
100
AcDbEntity
  8
ABF_Label
347
45
 62
     0
100
AcDbLine
 10
20.28646128892898
 20
-6.83563811397553
 30
0.0
 11
19.50937814950944
 21
-5.3839256105423
 31
0.0
  0
LINE
  5
CE7
330
17C
100
AcDbEntity
  8
ABF_Label
347
45
 62
     0
100
AcDbLine
 10
20.03659463644027
 20
-9.902114881038669
 30
0.0
 11
20.74415319204332
 21
-11.59471429800987
 31
0.0
  0
LINE
  5
CE8
330
17C
100
AcDbEntity
  8
ABF_Label
347
45
 62
     0
100
AcDbLine
 10
19.50937814950944
 20
-5.3839256105423
 30
0.0
 11
17.95535781621934
 21
-4.876400266647341
 31
0.0
  0
LINE
  5
CE9
330
17C
100
AcDbEntity
  8
ABF_Label
347
45
 62
     0
100
AcDbLine
 10
14.52975780248642
 20
-4.876400266647341
 30
0.0
 11
17.95535781621934
 21
-4.876400266647341
 31
0.0
  0
LINE
  5
CEA
330
17C
100
AcDbEntity
  8
ABF_Label
347
45
 62
     0
100
AcDbLine
 10
17.95535781621934
 20
-8.97890088415146
 30
0.0
 11
19.55097808122635
 21
-8.251021076202397
 31
0.0
  0
LINE
  5
CEB
330
17C
100
AcDbEntity
  8
ABF_Label
347
45
 62
     0
100
AcDbLine
 10
17.95535781621934
 20
-13.716
 30
0.0
 11
19.75897834539415
 21
-13.35673622018099
 31
0.0
  0
LINE
  5
CEC
330
17C
100
AcDbEntity
  8
ABF_Label
347
45
 62
     0
100
AcDbLine
 10
14.52975780248642
 20
-13.716
 30
0.0
 11
17.95535781621934
 21
-13.716
 31
0.0
  0
LINE
  5
CED
330
17C
100
AcDbEntity
  8
ABF_Label
347
45
 62
     0
100
AcDbLine
 10
14.52975780248642
 20
-8.97890088415146
 30
0.0
 11
14.52975780248642
 21
-13.716
 31
0.0
  0
LINE
  5
CEE
330
17C
100
AcDbEntity
  8
ABF_Label
347
45
 62
     0
100
AcDbLine
 10
14.52975780248642
 20
-8.97890088415146
 30
0.0
 11
17.95535781621934
 21
-8.97890088415146
 31
0.0
  0
LINE
  5
CEF
330
17C
100
AcDbEntity
  8
ABF_Label
347
45
 62
     0
100
AcDbLine
 10
14.52975780248642
 20
-4.876400266647341
 30
0.0
 11
14.52975780248642
 21
-8.97890088415146
 31
0.0
  0
LINE
  5
CF0
330
17C
100
AcDbEntity
  8
ABF_Label
347
45
 62
     0
100
AcDbLine
 10
17.95535781621934
 20
-8.97890088415146
 30
0.0
 11
20.03659463644027
 21
-9.902114881038669
 31
0.0
  0
LINE
  5
CF1
330
17C
100
AcDbEntity
  8
ABF_Label
347
45
 62
     0
100
AcDbLine
 10
20.74415319204332
 20
-11.59471429800987
 30
0.0
 11
19.75897834539415
 21
-13.35673622018099
 31
0.0
  0
LINE
  5
CF2
330
17C
100
AcDbEntity
  8
ABF_Label
347
45
 62
     0
100
AcDbLine
 10
19.55097808122635
 20
-8.251021076202397
 30
0.0
 11
20.28646128892898
 21
-6.83563811397553
 31
0.0
  0
LINE
  5
CF3
330
17C
100
AcDbEntity
  8
ABF_Label
347
45
 62
     0
100
AcDbLine
 10
22.26815319204331
 20
-8.97454341030121
 30
0.0
 11
27.08615307474136
 21
-8.97454341030121
 31
0.0
  0
LINE
  5
CF4
330
17C
100
AcDbEntity
  8
ABF_Label
347
45
 62
     0
100
AcDbLine
 10
22.26815319204331
 20
-4.787599969863896
 30
0.0
 11
22.26815319204331
 21
-8.97454341030121
 31
0.0
  0
LINE
  5
CF5
330
17C
100
AcDbEntity
  8
ABF_Label
347
45
 62
     0
100
AcDbLine
 10
22.26815319204331
 20
-4.787599969863896
 30
0.0
 11
27.81255314016342
 21
-4.787599969863896
 31
0.0
  0
LINE
  5
CF6
330
17C
100
AcDbEntity
  8
ABF_Label
347
45
 62
     0
100
AcDbLine
 10
22.26815319204331
 20
-8.97454341030121
 30
0.0
 11
22.26815319204331
 21
-13.716
 31
0.0
  0
LINE
  5
CF7
330
17C
100
AcDbEntity
  8
ABF_Label
347
45
 62
     0
100
AcDbLine
 10
-54.28155172413793
 20
0.0
 30
0.0
 11
87.30155172413792
 21
0.0
 31
0.0
  0
POLYLINE
  5
CF8
330
17C
100
AcDbEntity
  8
ABF_Label
347
45
 62
     0
100
AcDb3dPolyline
 66
     1
 10
0.0
 20
0.0
 30
0.0
 70
     9
  0
VERTEX
  5
CF9
330
CF8
100
AcDbEntity
  8
ABF_Label
 62
     0
100
AcDbVertex
100
AcDb3dPolylineVertex
 10
-54.28155172413793
 20
0.0
 30
0.0
 70
    32
  0
VERTEX
  5
CFA
330
CF8
100
AcDbEntity
  8
ABF_Label
 62
     0
100
AcDbVertex
100
AcDb3dPolylineVertex
 10
-79.68155172413793
 20
-25.4
 30
0.0
 70
    32
  0
VERTEX
  5
CFB
330
CF8
100
AcDbEntity
  8
ABF_Label
 62
     0
100
AcDbVertex
100
AcDb3dPolylineVertex
 10
-105.0815517241379
 20
0.0
 30
0.0
 70
    32
  0
VERTEX
  5
CFC
330
CF8
100
AcDbEntity
  8
ABF_Label
 62
     0
100
AcDbVertex
100
AcDb3dPolylineVertex
 10
-79.68155172413793
 20
25.4
 30
0.0
 70
    32
  0
VERTEX
  5
CFD
330
CF8
100
AcDbEntity
  8
ABF_Label
 62
     0
100
AcDbVertex
100
AcDb3dPolylineVertex
 10
-54.28155172413793
 20
0.0
 30
0.0
 70
    32
  0
SEQEND
  5
CFE
330
CF8
100
AcDbEntity
  8
ABF_Label
347
45
 62
     0
  0
POLYLINE
  5
CFF
330
17C
100
AcDbEntity
  8
ABF_Label
347
45
 62
     0
100
AcDb3dPolyline
 66
     1
 10
0.0
 20
0.0
 30
0.0
 70
     9
  0
VERTEX
  5
D00
330
CFF
100
AcDbEntity
  8
ABF_Label
 62
     0
100
AcDbVertex
100
AcDb3dPolylineVertex
 10
87.30155172413792
 20
17.78
 30
0.0
 70
    32
  0
VERTEX
  5
D01
330
CFF
100
AcDbEntity
  8
ABF_Label
 62
     0
100
AcDbVertex
100
AcDb3dPolylineVertex
 10
105.0815517241379
 20
0.0
 30
0.0
 70
    32
  0
VERTEX
  5
D02
330
CFF
100
AcDbEntity
  8
ABF_Label
 62
     0
100
AcDbVertex
100
AcDb3dPolylineVertex
 10
87.30155172413792
 20
-17.78
 30
0.0
 70
    32
  0
VERTEX
  5
D03
330
CFF
100
AcDbEntity
  8
ABF_Label
 62
     0
100
AcDbVertex
100
AcDb3dPolylineVertex
 10
87.30155172413792
 20
17.78
 30
0.0
 70
    32
  0
SEQEND
  5
D04
330
CFF
100
AcDbEntity
  8
ABF_Label
347
45
 62
     0
  0
ENDBLK
  5
17E
330
17C
100
AcDbEntity
  8
0
100
AcDbBlockEnd
  0
BLOCK
  5
180
330
17F
100
AcDbEntity
  8
0
100
AcDbBlockBegin
  2
Group153#1
 70
     0
 10
0.0
 20
0.0
 30
0.0
  3
Group153#1
  1

  0
POLYLINE
  5
D05
330
17F
100
AcDbEntity
  8
ABF_cuttingLines
347
45
 62
     0
100
AcDb3dPolyline
 66
     1
 10
0.0
 20
0.0
 30
0.0
 70
     9
  0
VERTEX
  5
D06
330
D05
100
AcDbEntity
  8
ABF_cuttingLines
 62
     0
100
AcDbVertex
100
AcDb3dPolylineVertex
 10
-756.000000000004
 20
949.9999999999998
 30
0.0
 70
    32
  0
VERTEX
  5
D07
330
D05
100
AcDbEntity
  8
ABF_cuttingLines
 62
     0
100
AcDbVertex
100
AcDb3dPolylineVertex
 10
-756.0000000000039
 20
1.999999999999604
 30
0.0
 70
    32
  0
VERTEX
  5
D08
330
D05
100
AcDbEntity
  8
ABF_cuttingLines
 62
     0
100
AcDbVertex
100
AcDb3dPolylineVertex
 10
-1.999999999999907
 20
1.999999999999725
 30
0.0
 70
    32
  0
VERTEX
  5
D09
330
D05
100
AcDbEntity
  8
ABF_cuttingLines
 62
     0
100
AcDbVertex
100
AcDb3dPolylineVertex
 10
-2.000000000000059
 20
950.0
 30
0.0
 70
    32
  0
VERTEX
  5
D0A
330
D05
100
AcDbEntity
  8
ABF_cuttingLines
 62
     0
100
AcDbVertex
100
AcDb3dPolylineVertex
 10
-756.000000000004
 20
949.9999999999998
 30
0.0
 70
    32
  0
SEQEND
  5
D0B
330
D05
100
AcDbEntity
  8
ABF_cuttingLines
347
45
 62
     0
  0
ENDBLK
  5
181
330
17F
100
AcDbEntity
  8
0
100
AcDbBlockEnd
  0
BLOCK
  5
183
330
182
100
AcDbEntity
  8
0
100
AcDbBlockBegin
  2
Group154#1
 70
     0
 10
0.0
 20
0.0
 30
0.0
  3
Group154#1
  1

  0
POLYLINE
  5
D0C
330
182
100
AcDbEntity
  8
ABF_cuttingLines
347
45
 62
     0
100
AcDb3dPolyline
 66
     1
 10
0.0
 20
0.0
 30
0.0
 70
     9
  0
VERTEX
  5
D0D
330
D0C
100
AcDbEntity
  8
ABF_cuttingLines
 62
     0
100
AcDbVertex
100
AcDb3dPolylineVertex
 10
-948.5000000000013
 20
754.5000000000038
 30
0.0
 70
    32
  0
VERTEX
  5
D0E
330
D0C
100
AcDbEntity
  8
ABF_cuttingLines
 62
     0
100
AcDbVertex
100
AcDb3dPolylineVertex
 10
-948.5000000000013
 20
3.500000000000018
 30
0.0
 70
    32
  0
VERTEX
  5
D0F
330
D0C
100
AcDbEntity
  8
ABF_cuttingLines
 62
     0
100
AcDbVertex
100
AcDb3dPolylineVertex
 10
-479.5000000000006
 20
3.50000000000002
 30
0.0
 70
    32
  0
VERTEX
  5
D10
330
D0C
100
AcDbEntity
  8
ABF_cuttingLines
 62
     0
100
AcDbVertex
100
AcDb3dPolylineVertex
 10
-479.5000000000006
 20
754.5000000000038
 30
0.0
 70
    32
  0
VERTEX
  5
D11
330
D0C
100
AcDbEntity
  8
ABF_cuttingLines
 62
     0
100
AcDbVertex
100
AcDb3dPolylineVertex
 10
-948.5000000000013
 20
754.5000000000038
 30
0.0
 70
    32
  0
SEQEND
  5
D12
330
D0C
100
AcDbEntity
  8
ABF_cuttingLines
347
45
 62
     0
  0
ENDBLK
  5
184
330
182
100
AcDbEntity
  8
0
100
AcDbBlockEnd
  0
BLOCK
  5
186
330
185
100
AcDbEntity
  8
0
100
AcDbBlockBegin
  2
Group155#1
 70
     0
 10
0.0
 20
0.0
 30
0.0
  3
Group155#1
  1

  0
POLYLINE
  5
D13
330
185
100
AcDbEntity
  8
ABF_edgeBanding
347
45
 62
     0
100
AcDb3dPolyline
 66
     1
 10
0.0
 20
0.0
 30
0.0
 70
     9
  0
VERTEX
  5
D14
330
D13
100
AcDbEntity
  8
ABF_edgeBanding
 62
     0
100
AcDbVertex
100
AcDb3dPolylineVertex
 10
-714.0000000000009
 20
747.6554162936475
 30
0.0
 70
    32
  0
VERTEX
  5
D15
330
D13
100
AcDbEntity
  8
ABF_edgeBanding
 62
     0
100
AcDbVertex
100
AcDb3dPolylineVertex
 10
-679.7770814682194
 20
713.4324977618659
 30
0.0
 70
    32
  0
VERTEX
  5
D16
330
D13
100
AcDbEntity
  8
ABF_edgeBanding
 62
     0
100
AcDbVertex
100
AcDb3dPolylineVertex
 10
-748.2229185317825
 20
713.4324977618659
 30
0.0
 70
    32
  0
VERTEX
  5
D17
330
D13
100
AcDbEntity
  8
ABF_edgeBanding
 62
     0
100
AcDbVertex
100
AcDb3dPolylineVertex
 10
-714.0000000000009
 20
747.6554162936475
 30
0.0
 70
    32
  0
SEQEND
  5
D18
330
D13
100
AcDbEntity
  8
ABF_edgeBanding
347
45
 62
     0
  0
POLYLINE
  5
D19
330
185
100
AcDbEntity
  8
ABF_edgeBanding
347
45
 62
     0
100
AcDb3dPolyline
 66
     1
 10
0.0
 20
0.0
 30
0.0
 70
     9
  0
VERTEX
  5
D1A
330
D19
100
AcDbEntity
  8
ABF_edgeBanding
 62
     0
100
AcDbVertex
100
AcDb3dPolylineVertex
 10
-941.655416293645
 20
379.0000000000019
 30
0.0
 70
    32
  0
VERTEX
  5
D1B
330
D19
100
AcDbEntity
  8
ABF_edgeBanding
 62
     0
100
AcDbVertex
100
AcDb3dPolylineVertex
 10
-907.4324977618634
 20
413.2229185317834
 30
0.0
 70
    32
  0
VERTEX
  5
D1C
330
D19
100
AcDbEntity
  8
ABF_edgeBanding
 62
     0
100
AcDbVertex
100
AcDb3dPolylineVertex
 10
-907.4324977618634
 20
344.7770814682203
 30
0.0
 70
    32
  0
VERTEX
  5
D1D
330
D19
100
AcDbEntity
  8
ABF_edgeBanding
 62
     0
100
AcDbVertex
100
AcDb3dPolylineVertex
 10
-941.655416293645
 20
379.0000000000019
 30
0.0
 70
    32
  0
SEQEND
  5
D1E
330
D19
100
AcDbEntity
  8
ABF_edgeBanding
347
45
 62
     0
  0
POLYLINE
  5
D1F
330
185
100
AcDbEntity
  8
ABF_edgeBanding
347
45
 62
     0
100
AcDb3dPolyline
 66
     1
 10
0.0
 20
0.0
 30
0.0
 70
     9
  0
VERTEX
  5
D20
330
D1F
100
AcDbEntity
  8
ABF_edgeBanding
 62
     0
100
AcDbVertex
100
AcDb3dPolylineVertex
 10
-714.0000000000009
 20
10.34458370635634
 30
0.0
 70
    32
  0
VERTEX
  5
D21
330
D1F
100
AcDbEntity
  8
ABF_edgeBanding
 62
     0
100
AcDbVertex
100
AcDb3dPolylineVertex
 10
-748.2229185317825
 20
44.56750223813793
 30
0.0
 70
    32
  0
VERTEX
  5
D22
330
D1F
100
AcDbEntity
  8
ABF_edgeBanding
 62
     0
100
AcDbVertex
100
AcDb3dPolylineVertex
 10
-679.7770814682194
 20
44.56750223813793
 30
0.0
 70
    32
  0
VERTEX
  5
D23
330
D1F
100
AcDbEntity
  8
ABF_edgeBanding
 62
     0
100
AcDbVertex
100
AcDb3dPolylineVertex
 10
-714.0000000000009
 20
10.34458370635634
 30
0.0
 70
    32
  0
SEQEND
  5
D24
330
D1F
100
AcDbEntity
  8
ABF_edgeBanding
347
45
 62
     0
  0
POLYLINE
  5
D25
330
185
100
AcDbEntity
  8
ABF_edgeBanding
347
45
 62
     0
100
AcDb3dPolyline
 66
     1
 10
0.0
 20
0.0
 30
0.0
 70
     9
  0
VERTEX
  5
D26
330
D25
100
AcDbEntity
  8
ABF_edgeBanding
 62
     0
100
AcDbVertex
100
AcDb3dPolylineVertex
 10
-486.3445837063568
 20
379.0000000000019
 30
0.0
 70
    32
  0
VERTEX
  5
D27
330
D25
100
AcDbEntity
  8
ABF_edgeBanding
 62
     0
100
AcDbVertex
100
AcDb3dPolylineVertex
 10
-520.5675022381384
 20
344.7770814682203
 30
0.0
 70
    32
  0
VERTEX
  5
D28
330
D25
100
AcDbEntity
  8
ABF_edgeBanding
 62
     0
100
AcDbVertex
100
AcDb3dPolylineVertex
 10
-520.5675022381384
 20
413.2229185317834
 30
0.0
 70
    32
  0
VERTEX
  5
D29
330
D25
100
AcDbEntity
  8
ABF_edgeBanding
 62
     0
100
AcDbVertex
100
AcDb3dPolylineVertex
 10
-486.3445837063568
 20
379.0000000000019
 30
0.0
 70
    32
  0
SEQEND
  5
D2A
330
D25
100
AcDbEntity
  8
ABF_edgeBanding
347
45
 62
     0
  0
ENDBLK
  5
187
330
185
100
AcDbEntity
  8
0
100
AcDbBlockEnd
  0
BLOCK
  5
189
330
188
100
AcDbEntity
  8
0
100
AcDbBlockBegin
  2
Group156#1
 70
     0
 10
0.0
 20
0.0
 30
0.0
  3
Group156#1
  1

  0
POLYLINE
  5
D2B
330
188
100
AcDbEntity
  8
ABF_cuttingLines
347
45
 62
     0
100
AcDb3dPolyline
 66
     1
 10
0.0
 20
0.0
 30
0.0
 70
     9
  0
VERTEX
  5
D2C
330
D2B
100
AcDbEntity
  8
ABF_cuttingLines
 62
     0
100
AcDbVertex
100
AcDb3dPolylineVertex
 10
-472.5000000000013
 20
754.5000000000038
 30
0.0
 70
    32
  0
VERTEX
  5
D2D
330
D2B
100
AcDbEntity
  8
ABF_cuttingLines
 62
     0
100
AcDbVertex
100
AcDb3dPolylineVertex
 10
-472.5000000000013
 20
3.500000000000018
 30
0.0
 70
    32
  0
VERTEX
  5
D2E
330
D2B
100
AcDbEntity
  8
ABF_cuttingLines
 62
     0
100
AcDbVertex
100
AcDb3dPolylineVertex
 10
-3.500000000000559
 20
3.50000000000002
 30
0.0
 70
    32
  0
VERTEX
  5
D2F
330
D2B
100
AcDbEntity
  8
ABF_cuttingLines
 62
     0
100
AcDbVertex
100
AcDb3dPolylineVertex
 10
-3.500000000000561
 20
754.5000000000038
 30
0.0
 70
    32
  0
VERTEX
  5
D30
330
D2B
100
AcDbEntity
  8
ABF_cuttingLines
 62
     0
100
AcDbVertex
100
AcDb3dPolylineVertex
 10
-472.5000000000013
 20
754.5000000000038
 30
0.0
 70
    32
  0
SEQEND
  5
D31
330
D2B
100
AcDbEntity
  8
ABF_cuttingLines
347
45
 62
     0
  0
ENDBLK
  5
18A
330
188
100
AcDbEntity
  8
0
100
AcDbBlockEnd
  0
BLOCK
  5
18C
330
18B
100
AcDbEntity
  8
0
100
AcDbBlockBegin
  2
Group157#1
 70
     0
 10
0.0
 20
0.0
 30
0.0
  3
Group157#1
  1

  0
POLYLINE
  5
D32
330
18B
100
AcDbEntity
  8
ABF_edgeBanding
347
45
 62
     0
100
AcDb3dPolyline
 66
     1
 10
0.0
 20
0.0
 30
0.0
 70
     9
  0
VERTEX
  5
D33
330
D32
100
AcDbEntity
  8
ABF_edgeBanding
 62
     0
100
AcDbVertex
100
AcDb3dPolylineVertex
 10
-10.34458370635688
 20
379.0000000000019
 30
0.0
 70
    32
  0
VERTEX
  5
D34
330
D32
100
AcDbEntity
  8
ABF_edgeBanding
 62
     0
100
AcDbVertex
100
AcDb3dPolylineVertex
 10
-44.56750223813847
 20
344.7770814682203
 30
0.0
 70
    32
  0
VERTEX
  5
D35
330
D32
100
AcDbEntity
  8
ABF_edgeBanding
 62
     0
100
AcDbVertex
100
AcDb3dPolylineVertex
 10
-44.56750223813847
 20
413.2229185317834
 30
0.0
 70
    32
  0
VERTEX
  5
D36
330
D32
100
AcDbEntity
  8
ABF_edgeBanding
 62
     0
100
AcDbVertex
100
AcDb3dPolylineVertex
 10
-10.34458370635688
 20
379.0000000000019
 30
0.0
 70
    32
  0
SEQEND
  5
D37
330
D32
100
AcDbEntity
  8
ABF_edgeBanding
347
45
 62
     0
  0
POLYLINE
  5
D38
330
18B
100
AcDbEntity
  8
ABF_edgeBanding
347
45
 62
     0
100
AcDb3dPolyline
 66
     1
 10
0.0
 20
0.0
 30
0.0
 70
     9
  0
VERTEX
  5
D39
330
D38
100
AcDbEntity
  8
ABF_edgeBanding
 62
     0
100
AcDbVertex
100
AcDb3dPolylineVertex
 10
-465.655416293645
 20
379.0000000000019
 30
0.0
 70
    32
  0
VERTEX
  5
D3A
330
D38
100
AcDbEntity
  8
ABF_edgeBanding
 62
     0
100
AcDbVertex
100
AcDb3dPolylineVertex
 10
-431.4324977618634
 20
413.2229185317834
 30
0.0
 70
    32
  0
VERTEX
  5
D3B
330
D38
100
AcDbEntity
  8
ABF_edgeBanding
 62
     0
100
AcDbVertex
100
AcDb3dPolylineVertex
 10
-431.4324977618634
 20
344.7770814682203
 30
0.0
 70
    32
  0
VERTEX
  5
D3C
330
D38
100
AcDbEntity
  8
ABF_edgeBanding
 62
     0
100
AcDbVertex
100
AcDb3dPolylineVertex
 10
-465.655416293645
 20
379.0000000000019
 30
0.0
 70
    32
  0
SEQEND
  5
D3D
330
D38
100
AcDbEntity
  8
ABF_edgeBanding
347
45
 62
     0
  0
POLYLINE
  5
D3E
330
18B
100
AcDbEntity
  8
ABF_edgeBanding
347
45
 62
     0
100
AcDb3dPolyline
 66
     1
 10
0.0
 20
0.0
 30
0.0
 70
     9
  0
VERTEX
  5
D3F
330
D3E
100
AcDbEntity
  8
ABF_edgeBanding
 62
     0
100
AcDbVertex
100
AcDb3dPolylineVertex
 10
-238.0000000000009
 20
747.6554162936475
 30
0.0
 70
    32
  0
VERTEX
  5
D40
330
D3E
100
AcDbEntity
  8
ABF_edgeBanding
 62
     0
100
AcDbVertex
100
AcDb3dPolylineVertex
 10
-203.7770814682193
 20
713.4324977618659
 30
0.0
 70
    32
  0
VERTEX
  5
D41
330
D3E
100
AcDbEntity
  8
ABF_edgeBanding
 62
     0
100
AcDbVertex
100
AcDb3dPolylineVertex
 10
-272.2229185317825
 20
713.4324977618659
 30
0.0
 70
    32
  0
VERTEX
  5
D42
330
D3E
100
AcDbEntity
  8
ABF_edgeBanding
 62
     0
100
AcDbVertex
100
AcDb3dPolylineVertex
 10
-238.0000000000009
 20
747.6554162936475
 30
0.0
 70
    32
  0
SEQEND
  5
D43
330
D3E
100
AcDbEntity
  8
ABF_edgeBanding
347
45
 62
     0
  0
POLYLINE
  5
D44
330
18B
100
AcDbEntity
  8
ABF_edgeBanding
347
45
 62
     0
100
AcDb3dPolyline
 66
     1
 10
0.0
 20
0.0
 30
0.0
 70
     9
  0
VERTEX
  5
D45
330
D44
100
AcDbEntity
  8
ABF_edgeBanding
 62
     0
100
AcDbVertex
100
AcDb3dPolylineVertex
 10
-238.0000000000009
 20
10.34458370635634
 30
0.0
 70
    32
  0
VERTEX
  5
D46
330
D44
100
AcDbEntity
  8
ABF_edgeBanding
 62
     0
100
AcDbVertex
100
AcDb3dPolylineVertex
 10
-272.2229185317825
 20
44.56750223813793
 30
0.0
 70
    32
  0
VERTEX
  5
D47
330
D44
100
AcDbEntity
  8
ABF_edgeBanding
 62
     0
100
AcDbVertex
100
AcDb3dPolylineVertex
 10
-203.7770814682193
 20
44.56750223813793
 30
0.0
 70
    32
  0
VERTEX
  5
D48
330
D44
100
AcDbEntity
  8
ABF_edgeBanding
 62
     0
100
AcDbVertex
100
AcDb3dPolylineVertex
 10
-238.0000000000009
 20
10.34458370635634
 30
0.0
 70
    32
  0
SEQEND
  5
D49
330
D44
100
AcDbEntity
  8
ABF_edgeBanding
347
45
 62
     0
  0
ENDBLK
  5
18D
330
18B
100
AcDbEntity
  8
0
100
AcDbBlockEnd
  0
BLOCK
  5
18F
330
18E
100
AcDbEntity
  8
0
100
AcDbBlockBegin
  2
Group158#1
 70
     0
 10
0.0
 20
0.0
 30
0.0
  3
Group158#1
  1

  0
POLYLINE
  5
D4A
330
18E
100
AcDbEntity
  8
ABF_cuttingLines
347
45
 62
     0
100
AcDb3dPolyline
 66
     1
 10
0.0
 20
0.0
 30
0.0
 70
     9
  0
VERTEX
  5
D4B
330
D4A
100
AcDbEntity
  8
ABF_cuttingLines
 62
     0
100
AcDbVertex
100
AcDb3dPolylineVertex
 10
-18.40000000000007
 20
617.5999999999999
 30
0.0
 70
    32
  0
VERTEX
  5
D4C
330
D4A
100
AcDbEntity
  8
ABF_cuttingLines
 62
     0
100
AcDbVertex
100
AcDb3dPolylineVertex
 10
-369.6000000000041
 20
617.5999999999999
 30
0.0
 70
    32
  0
VERTEX
  5
D4D
330
D4A
100
AcDbEntity
  8
ABF_cuttingLines
 62
     0
100
AcDbVertex
100
AcDb3dPolylineVertex
 10
-369.6000000000042
 20
19.99999999999998
 30
0.0
 70
    32
  0
VERTEX
  5
D4E
330
D4A
100
AcDbEntity
  8
ABF_cuttingLines
 62
     0
100
AcDbVertex
100
AcDb3dPolylineVertex
 10
-18.40000000000011
 20
19.99999999999996
 30
0.0
 70
    32
  0
VERTEX
  5
D4F
330
D4A
100
AcDbEntity
  8
ABF_cuttingLines
 62
     0
100
AcDbVertex
100
AcDb3dPolylineVertex
 10
-18.40000000000007
 20
617.5999999999999
 30
0.0
 70
    32
  0
SEQEND
  5
D50
330
D4A
100
AcDbEntity
  8
ABF_cuttingLines
347
45
 62
     0
  0
ENDBLK
  5
190
330
18E
100
AcDbEntity
  8
0
100
AcDbBlockEnd
  0
BLOCK
  5
192
330
191
100
AcDbEntity
  8
0
100
AcDbBlockBegin
  2
Group159#1
 70
     0
 10
0.0
 20
0.0
 30
0.0
  3
Group159#1
  1

  0
POLYLINE
  5
D51
330
191
100
AcDbEntity
  8
ABF_edgeBanding
347
45
 62
     0
100
AcDb3dPolyline
 66
     1
 10
0.0
 20
0.0
 30
0.0
 70
     9
  0
VERTEX
  5
D52
330
D51
100
AcDbEntity
  8
ABF_edgeBanding
 62
     0
100
AcDbVertex
100
AcDb3dPolylineVertex
 10
-194.0000000000021
 20
24.73358746293944
 30
0.0
 70
    32
  0
VERTEX
  5
D53
330
D51
100
AcDbEntity
  8
ABF_edgeBanding
 62
     0
100
AcDbVertex
100
AcDb3dPolylineVertex
 10
-222.4015247776389
 20
53.13511224057622
 30
0.0
 70
    32
  0
VERTEX
  5
D54
330
D51
100
AcDbEntity
  8
ABF_edgeBanding
 62
     0
100
AcDbVertex
100
AcDb3dPolylineVertex
 10
-165.5984752223654
 20
53.13511224057622
 30
0.0
 70
    32
  0
VERTEX
  5
D55
330
D51
100
AcDbEntity
  8
ABF_edgeBanding
 62
     0
100
AcDbVertex
100
AcDb3dPolylineVertex
 10
-194.0000000000021
 20
24.73358746293944
 30
0.0
 70
    32
  0
SEQEND
  5
D56
330
D51
100
AcDbEntity
  8
ABF_edgeBanding
347
45
 62
     0
  0
POLYLINE
  5
D57
330
191
100
AcDbEntity
  8
ABF_edgeBanding
347
45
 62
     0
100
AcDb3dPolyline
 66
     1
 10
0.0
 20
0.0
 30
0.0
 70
     9
  0
VERTEX
  5
D58
330
D57
100
AcDbEntity
  8
ABF_edgeBanding
 62
     0
100
AcDbVertex
100
AcDb3dPolylineVertex
 10
-23.13358746293956
 20
317.9999999999999
 30
0.0
 70
    32
  0
VERTEX
  5
D59
330
D57
100
AcDbEntity
  8
ABF_edgeBanding
 62
     0
100
AcDbVertex
100
AcDb3dPolylineVertex
 10
-51.53511224057632
 20
289.5984752223632
 30
0.0
 70
    32
  0
VERTEX
  5
D5A
330
D57
100
AcDbEntity
  8
ABF_edgeBanding
 62
     0
100
AcDbVertex
100
AcDb3dPolylineVertex
 10
-51.53511224057632
 20
346.4015247776367
 30
0.0
 70
    32
  0
VERTEX
  5
D5B
330
D57
100
AcDbEntity
  8
ABF_edgeBanding
 62
     0
100
AcDbVertex
100
AcDb3dPolylineVertex
 10
-23.13358746293956
 20
317.9999999999999
 30
0.0
 70
    32
  0
SEQEND
  5
D5C
330
D57
100
AcDbEntity
  8
ABF_edgeBanding
347
45
 62
     0
  0
POLYLINE
  5
D5D
330
191
100
AcDbEntity
  8
ABF_edgeBanding
347
45
 62
     0
100
AcDb3dPolyline
 66
     1
 10
0.0
 20
0.0
 30
0.0
 70
     9
  0
VERTEX
  5
D5E
330
D5D
100
AcDbEntity
  8
ABF_edgeBanding
 62
     0
100
AcDbVertex
100
AcDb3dPolylineVertex
 10
-364.8664125370647
 20
317.9999999999999
 30
0.0
 70
    32
  0
VERTEX
  5
D5F
330
D5D
100
AcDbEntity
  8
ABF_edgeBanding
 62
     0
100
AcDbVertex
100
AcDb3dPolylineVertex
 10
-336.4648877594279
 20
346.4015247776367
 30
0.0
 70
    32
  0
VERTEX
  5
D60
330
D5D
100
AcDbEntity
  8
ABF_edgeBanding
 62
     0
100
AcDbVertex
100
AcDb3dPolylineVertex
 10
-336.4648877594279
 20
289.5984752223632
 30
0.0
 70
    32
  0
VERTEX
  5
D61
330
D5D
100
AcDbEntity
  8
ABF_edgeBanding
 62
     0
100
AcDbVertex
100
AcDb3dPolylineVertex
 10
-364.8664125370647
 20
317.9999999999999
 30
0.0
 70
    32
  0
SEQEND
  5
D62
330
D5D
100
AcDbEntity
  8
ABF_edgeBanding
347
45
 62
     0
  0
POLYLINE
  5
D63
330
191
100
AcDbEntity
  8
ABF_edgeBanding
347
45
 62
     0
100
AcDb3dPolyline
 66
     1
 10
0.0
 20
0.0
 30
0.0
 70
     9
  0
VERTEX
  5
D64
330
D63
100
AcDbEntity
  8
ABF_edgeBanding
 62
     0
100
AcDbVertex
100
AcDb3dPolylineVertex
 10
-194.0000000000021
 20
612.8664125370605
 30
0.0
 70
    32
  0
VERTEX
  5
D65
330
D63
100
AcDbEntity
  8
ABF_edgeBanding
 62
     0
100
AcDbVertex
100
AcDb3dPolylineVertex
 10
-165.5984752223653
 20
584.4648877594237
 30
0.0
 70
    32
  0
VERTEX
  5
D66
330
D63
100
AcDbEntity
  8
ABF_edgeBanding
 62
     0
100
AcDbVertex
100
AcDb3dPolylineVertex
 10
-222.4015247776389
 20
584.4648877594237
 30
0.0
 70
    32
  0
VERTEX
  5
D67
330
D63
100
AcDbEntity
  8
ABF_edgeBanding
 62
     0
100
AcDbVertex
100
AcDb3dPolylineVertex
 10
-194.0000000000021
 20
612.8664125370605
 30
0.0
 70
    32
  0
SEQEND
  5
D68
330
D63
100
AcDbEntity
  8
ABF_edgeBanding
347
45
 62
     0
  0
ENDBLK
  5
193
330
191
100
AcDbEntity
  8
0
100
AcDbBlockEnd
  0
BLOCK
  5
195
330
194
100
AcDbEntity
  8
0
100
AcDbBlockBegin
  2
Group160#1
 70
     0
 10
0.0
 20
0.0
 30
0.0
  3
Group160#1
  1

  0
POLYLINE
  5
D69
330
194
100
AcDbEntity
  8
ABF_cuttingLines
347
45
 62
     0
100
AcDb3dPolyline
 66
     1
 10
0.0
 20
0.0
 30
0.0
 70
     9
  0
VERTEX
  5
D6A
330
D69
100
AcDbEntity
  8
ABF_cuttingLines
 62
     0
100
AcDbVertex
100
AcDb3dPolylineVertex
 10
617.5999999999999
 20
18.39999999999988
 30
0.0
 70
    32
  0
VERTEX
  5
D6B
330
D69
100
AcDbEntity
  8
ABF_cuttingLines
 62
     0
100
AcDbVertex
100
AcDb3dPolylineVertex
 10
617.5999999999999
 20
739.6000000000039
 30
0.0
 70
    32
  0
VERTEX
  5
D6C
330
D69
100
AcDbEntity
  8
ABF_cuttingLines
 62
     0
100
AcDbVertex
100
AcDb3dPolylineVertex
 10
19.99999999999996
 20
739.6000000000039
 30
0.0
 70
    32
  0
VERTEX
  5
D6D
330
D69
100
AcDbEntity
  8
ABF_cuttingLines
 62
     0
100
AcDbVertex
100
AcDb3dPolylineVertex
 10
19.99999999999996
 20
18.39999999999988
 30
0.0
 70
    32
  0
VERTEX
  5
D6E
330
D69
100
AcDbEntity
  8
ABF_cuttingLines
 62
     0
100
AcDbVertex
100
AcDb3dPolylineVertex
 10
617.5999999999999
 20
18.39999999999988
 30
0.0
 70
    32
  0
SEQEND
  5
D6F
330
D69
100
AcDbEntity
  8
ABF_cuttingLines
347
45
 62
     0
  0
ENDBLK
  5
196
330
194
100
AcDbEntity
  8
0
100
AcDbBlockEnd
  0
BLOCK
  5
198
330
197
100
AcDbEntity
  8
0
100
AcDbBlockBegin
  2
Group161#1
 70
     0
 10
0.0
 20
0.0
 30
0.0
  3
Group161#1
  1

  0
POLYLINE
  5
D70
330
197
100
AcDbEntity
  8
ABF_edgeBanding
347
45
 62
     0
100
AcDb3dPolyline
 66
     1
 10
0.0
 20
0.0
 30
0.0
 70
     9
  0
VERTEX
  5
D71
330
D70
100
AcDbEntity
  8
ABF_edgeBanding
 62
     0
100
AcDbVertex
100
AcDb3dPolylineVertex
 10
27.86899756583312
 20
379.0000000000019
 30
0.0
 70
    32
  0
VERTEX
  5
D72
330
D70
100
AcDbEntity
  8
ABF_edgeBanding
 62
     0
100
AcDbVertex
100
AcDb3dPolylineVertex
 10
67.21398539499886
 20
418.3449878291676
 30
0.0
 70
    32
  0
VERTEX
  5
D73
330
D70
100
AcDbEntity
  8
ABF_edgeBanding
 62
     0
100
AcDbVertex
100
AcDb3dPolylineVertex
 10
67.21398539499886
 20
339.6550121708361
 30
0.0
 70
    32
  0
VERTEX
  5
D74
330
D70
100
AcDbEntity
  8
ABF_edgeBanding
 62
     0
100
AcDbVertex
100
AcDb3dPolylineVertex
 10
27.86899756583312
 20
379.0000000000019
 30
0.0
 70
    32
  0
SEQEND
  5
D75
330
D70
100
AcDbEntity
  8
ABF_edgeBanding
347
45
 62
     0
  0
POLYLINE
  5
D76
330
197
100
AcDbEntity
  8
ABF_edgeBanding
347
45
 62
     0
100
AcDb3dPolyline
 66
     1
 10
0.0
 20
0.0
 30
0.0
 70
     9
  0
VERTEX
  5
D77
330
D76
100
AcDbEntity
  8
ABF_edgeBanding
 62
     0
100
AcDbVertex
100
AcDb3dPolylineVertex
 10
609.7310024341667
 20
379.0000000000019
 30
0.0
 70
    32
  0
VERTEX
  5
D78
330
D76
100
AcDbEntity
  8
ABF_edgeBanding
 62
     0
100
AcDbVertex
100
AcDb3dPolylineVertex
 10
570.386014605001
 20
339.6550121708361
 30
0.0
 70
    32
  0
VERTEX
  5
D79
330
D76
100
AcDbEntity
  8
ABF_edgeBanding
 62
     0
100
AcDbVertex
100
AcDb3dPolylineVertex
 10
570.386014605001
 20
418.3449878291676
 30
0.0
 70
    32
  0
VERTEX
  5
D7A
330
D76
100
AcDbEntity
  8
ABF_edgeBanding
 62
     0
100
AcDbVertex
100
AcDb3dPolylineVertex
 10
609.7310024341667
 20
379.0000000000019
 30
0.0
 70
    32
  0
SEQEND
  5
D7B
330
D76
100
AcDbEntity
  8
ABF_edgeBanding
347
45
 62
     0
  0
POLYLINE
  5
D7C
330
197
100
AcDbEntity
  8
ABF_edgeBanding
347
45
 62
     0
100
AcDb3dPolyline
 66
     1
 10
0.0
 20
0.0
 30
0.0
 70
     9
  0
VERTEX
  5
D7D
330
D7C
100
AcDbEntity
  8
ABF_edgeBanding
 62
     0
100
AcDbVertex
100
AcDb3dPolylineVertex
 10
317.9999999999999
 20
26.26899756583302
 30
0.0
 70
    32
  0
VERTEX
  5
D7E
330
D7C
100
AcDbEntity
  8
ABF_edgeBanding
 62
     0
100
AcDbVertex
100
AcDb3dPolylineVertex
 10
278.6550121708343
 20
65.61398539499876
 30
0.0
 70
    32
  0
VERTEX
  5
D7F
330
D7C
100
AcDbEntity
  8
ABF_edgeBanding
 62
     0
100
AcDbVertex
100
AcDb3dPolylineVertex
 10
357.3449878291657
 20
65.61398539499876
 30
0.0
 70
    32
  0
VERTEX
  5
D80
330
D7C
100
AcDbEntity
  8
ABF_edgeBanding
 62
     0
100
AcDbVertex
100
AcDb3dPolylineVertex
 10
317.9999999999999
 20
26.26899756583302
 30
0.0
 70
    32
  0
SEQEND
  5
D81
330
D7C
100
AcDbEntity
  8
ABF_edgeBanding
347
45
 62
     0
  0
POLYLINE
  5
D82
330
197
100
AcDbEntity
  8
ABF_edgeBanding
347
45
 62
     0
100
AcDb3dPolyline
 66
     1
 10
0.0
 20
0.0
 30
0.0
 70
     9
  0
VERTEX
  5
D83
330
D82
100
AcDbEntity
  8
ABF_edgeBanding
 62
     0
100
AcDbVertex
100
AcDb3dPolylineVertex
 10
317.9999999999999
 20
731.7310024341707
 30
0.0
 70
    32
  0
VERTEX
  5
D84
330
D82
100
AcDbEntity
  8
ABF_edgeBanding
 62
     0
100
AcDbVertex
100
AcDb3dPolylineVertex
 10
357.3449878291657
 20
692.386014605005
 30
0.0
 70
    32
  0
VERTEX
  5
D85
330
D82
100
AcDbEntity
  8
ABF_edgeBanding
 62
     0
100
AcDbVertex
100
AcDb3dPolylineVertex
 10
278.6550121708343
 20
692.386014605005
 30
0.0
 70
    32
  0
VERTEX
  5
D86
330
D82
100
AcDbEntity
  8
ABF_edgeBanding
 62
     0
100
AcDbVertex
100
AcDb3dPolylineVertex
 10
317.9999999999999
 20
731.7310024341707
 30
0.0
 70
    32
  0
SEQEND
  5
D87
330
D82
100
AcDbEntity
  8
ABF_edgeBanding
347
45
 62
     0
  0
ENDBLK
  5
199
330
197
100
AcDbEntity
  8
0
100
AcDbBlockEnd
  0
BLOCK
  5
19B
330
19A
100
AcDbEntity
  8
0
100
AcDbBlockBegin
  2
Group162#1
 70
     0
 10
0.0
 20
0.0
 30
0.0
  3
Group162#1
  1

  0
POLYLINE
  5
D88
330
19A
100
AcDbEntity
  8
ABF_cuttingLines
347
45
 62
     0
100
AcDb3dPolyline
 66
     1
 10
0.0
 20
0.0
 30
0.0
 70
     9
  0
VERTEX
  5
D89
330
D88
100
AcDbEntity
  8
ABF_cuttingLines
 62
     0
100
AcDbVertex
100
AcDb3dPolylineVertex
 10
-19.99999999999996
 20
18.40000000000034
 30
0.0
 70
    32
  0
VERTEX
  5
D8A
330
D88
100
AcDbEntity
  8
ABF_cuttingLines
 62
     0
100
AcDbVertex
100
AcDb3dPolylineVertex
 10
-19.99999999999996
 20
739.6000000000043
 30
0.0
 70
    32
  0
VERTEX
  5
D8B
330
D88
100
AcDbEntity
  8
ABF_cuttingLines
 62
     0
100
AcDbVertex
100
AcDb3dPolylineVertex
 10
-617.5999999999999
 20
739.6000000000043
 30
0.0
 70
    32
  0
VERTEX
  5
D8C
330
D88
100
AcDbEntity
  8
ABF_cuttingLines
 62
     0
100
AcDbVertex
100
AcDb3dPolylineVertex
 10
-617.5999999999999
 20
18.40000000000034
 30
0.0
 70
    32
  0
VERTEX
  5
D8D
330
D88
100
AcDbEntity
  8
ABF_cuttingLines
 62
     0
100
AcDbVertex
100
AcDb3dPolylineVertex
 10
-19.99999999999996
 20
18.40000000000034
 30
0.0
 70
    32
  0
SEQEND
  5
D8E
330
D88
100
AcDbEntity
  8
ABF_cuttingLines
347
45
 62
     0
  0
ENDBLK
  5
19C
330
19A
100
AcDbEntity
  8
0
100
AcDbBlockEnd
  0
BLOCK
  5
19E
330
19D
100
AcDbEntity
  8
0
100
AcDbBlockBegin
  2
Group163#1
 70
     0
 10
0.0
 20
0.0
 30
0.0
  3
Group163#1
  1

  0
POLYLINE
  5
D8F
330
19D
100
AcDbEntity
  8
ABF_edgeBanding
347
45
 62
     0
100
AcDb3dPolyline
 66
     1
 10
0.0
 20
0.0
 30
0.0
 70
     9
  0
VERTEX
  5
D90
330
D8F
100
AcDbEntity
  8
ABF_edgeBanding
 62
     0
100
AcDbVertex
100
AcDb3dPolylineVertex
 10
-317.9999999999999
 20
26.2689975658335
 30
0.0
 70
    32
  0
VERTEX
  5
D91
330
D8F
100
AcDbEntity
  8
ABF_edgeBanding
 62
     0
100
AcDbVertex
100
AcDb3dPolylineVertex
 10
-357.3449878291657
 20
65.61398539499923
 30
0.0
 70
    32
  0
VERTEX
  5
D92
330
D8F
100
AcDbEntity
  8
ABF_edgeBanding
 62
     0
100
AcDbVertex
100
AcDb3dPolylineVertex
 10
-278.6550121708343
 20
65.61398539499923
 30
0.0
 70
    32
  0
VERTEX
  5
D93
330
D8F
100
AcDbEntity
  8
ABF_edgeBanding
 62
     0
100
AcDbVertex
100
AcDb3dPolylineVertex
 10
-317.9999999999999
 20
26.2689975658335
 30
0.0
 70
    32
  0
SEQEND
  5
D94
330
D8F
100
AcDbEntity
  8
ABF_edgeBanding
347
45
 62
     0
  0
POLYLINE
  5
D95
330
19D
100
AcDbEntity
  8
ABF_edgeBanding
347
45
 62
     0
100
AcDb3dPolyline
 66
     1
 10
0.0
 20
0.0
 30
0.0
 70
     9
  0
VERTEX
  5
D96
330
D95
100
AcDbEntity
  8
ABF_edgeBanding
 62
     0
100
AcDbVertex
100
AcDb3dPolylineVertex
 10
-609.7310024341667
 20
379.0000000000023
 30
0.0
 70
    32
  0
VERTEX
  5
D97
330
D95
100
AcDbEntity
  8
ABF_edgeBanding
 62
     0
100
AcDbVertex
100
AcDb3dPolylineVertex
 10
-570.386014605001
 20
418.3449878291681
 30
0.0
 70
    32
  0
VERTEX
  5
D98
330
D95
100
AcDbEntity
  8
ABF_edgeBanding
 62
     0
100
AcDbVertex
100
AcDb3dPolylineVertex
 10
-570.386014605001
 20
339.6550121708366
 30
0.0
 70
    32
  0
VERTEX
  5
D99
330
D95
100
AcDbEntity
  8
ABF_edgeBanding
 62
     0
100
AcDbVertex
100
AcDb3dPolylineVertex
 10
-609.7310024341667
 20
379.0000000000023
 30
0.0
 70
    32
  0
SEQEND
  5
D9A
330
D95
100
AcDbEntity
  8
ABF_edgeBanding
347
45
 62
     0
  0
POLYLINE
  5
D9B
330
19D
100
AcDbEntity
  8
ABF_edgeBanding
347
45
 62
     0
100
AcDb3dPolyline
 66
     1
 10
0.0
 20
0.0
 30
0.0
 70
     9
  0
VERTEX
  5
D9C
330
D9B
100
AcDbEntity
  8
ABF_edgeBanding
 62
     0
100
AcDbVertex
100
AcDb3dPolylineVertex
 10
-317.9999999999999
 20
731.7310024341712
 30
0.0
 70
    32
  0
VERTEX
  5
D9D
330
D9B
100
AcDbEntity
  8
ABF_edgeBanding
 62
     0
100
AcDbVertex
100
AcDb3dPolylineVertex
 10
-278.6550121708343
 20
692.3860146050055
 30
0.0
 70
    32
  0
VERTEX
  5
D9E
330
D9B
100
AcDbEntity
  8
ABF_edgeBanding
 62
     0
100
AcDbVertex
100
AcDb3dPolylineVertex
 10
-357.3449878291657
 20
692.3860146050055
 30
0.0
 70
    32
  0
VERTEX
  5
D9F
330
D9B
100
AcDbEntity
  8
ABF_edgeBanding
 62
     0
100
AcDbVertex
100
AcDb3dPolylineVertex
 10
-317.9999999999999
 20
731.7310024341712
 30
0.0
 70
    32
  0
SEQEND
  5
DA0
330
D9B
100
AcDbEntity
  8
ABF_edgeBanding
347
45
 62
     0
  0
POLYLINE
  5
DA1
330
19D
100
AcDbEntity
  8
ABF_edgeBanding
347
45
 62
     0
100
AcDb3dPolyline
 66
     1
 10
0.0
 20
0.0
 30
0.0
 70
     9
  0
VERTEX
  5
DA2
330
DA1
100
AcDbEntity
  8
ABF_edgeBanding
 62
     0
100
AcDbVertex
100
AcDb3dPolylineVertex
 10
-27.86899756583312
 20
379.0000000000023
 30
0.0
 70
    32
  0
VERTEX
  5
DA3
330
DA1
100
AcDbEntity
  8
ABF_edgeBanding
 62
     0
100
AcDbVertex
100
AcDb3dPolylineVertex
 10
-67.21398539499886
 20
339.6550121708366
 30
0.0
 70
    32
  0
VERTEX
  5
DA4
330
DA1
100
AcDbEntity
  8
ABF_edgeBanding
 62
     0
100
AcDbVertex
100
AcDb3dPolylineVertex
 10
-67.21398539499886
 20
418.3449878291681
 30
0.0
 70
    32
  0
VERTEX
  5
DA5
330
DA1
100
AcDbEntity
  8
ABF_edgeBanding
 62
     0
100
AcDbVertex
100
AcDb3dPolylineVertex
 10
-27.86899756583312
 20
379.0000000000023
 30
0.0
 70
    32
  0
SEQEND
  5
DA6
330
DA1
100
AcDbEntity
  8
ABF_edgeBanding
347
45
 62
     0
  0
ENDBLK
  5
19F
330
19D
100
AcDbEntity
  8
0
100
AcDbBlockEnd
  0
BLOCK
  5
1A1
330
1A0
100
AcDbEntity
  8
0
100
AcDbBlockBegin
  2
Group164#1
 70
     0
 10
0.0
 20
0.0
 30
0.0
  3
Group164#1
  1

  0
POLYLINE
  5
DA7
330
1A0
100
AcDbEntity
  8
ABF_cuttingLines
347
45
 62
     0
100
AcDb3dPolyline
 66
     1
 10
0.0
 20
0.0
 30
0.0
 70
     9
  0
VERTEX
  5
DA8
330
DA7
100
AcDbEntity
  8
ABF_cuttingLines
 62
     0
100
AcDbVertex
100
AcDb3dPolylineVertex
 10
-617.5999999999999
 20
-18.40000000000035
 30
0.0
 70
    32
  0
VERTEX
  5
DA9
330
DA7
100
AcDbEntity
  8
ABF_cuttingLines
 62
     0
100
AcDbVertex
100
AcDb3dPolylineVertex
 10
-617.5999999999999
 20
-933.6000000000006
 30
0.0
 70
    32
  0
VERTEX
  5
DAA
330
DA7
100
AcDbEntity
  8
ABF_cuttingLines
 62
     0
100
AcDbVertex
100
AcDb3dPolylineVertex
 10
-19.99999999999993
 20
-933.6000000000006
 30
0.0
 70
    32
  0
VERTEX
  5
DAB
330
DA7
100
AcDbEntity
  8
ABF_cuttingLines
 62
     0
100
AcDbVertex
100
AcDb3dPolylineVertex
 10
-19.99999999999987
 20
-18.40000000000042
 30
0.0
 70
    32
  0
VERTEX
  5
DAC
330
DA7
100
AcDbEntity
  8
ABF_cuttingLines
 62
     0
100
AcDbVertex
100
AcDb3dPolylineVertex
 10
-617.5999999999999
 20
-18.40000000000035
 30
0.0
 70
    32
  0
SEQEND
  5
DAD
330
DA7
100
AcDbEntity
  8
ABF_cuttingLines
347
45
 62
     0
  0
ENDBLK
  5
1A2
330
1A0
100
AcDbEntity
  8
0
100
AcDbBlockEnd
  0
BLOCK
  5
1A4
330
1A3
100
AcDbEntity
  8
0
100
AcDbBlockBegin
  2
Group165#1
 70
     0
 10
0.0
 20
0.0
 30
0.0
  3
Group165#1
  1

  0
POLYLINE
  5
DAE
330
1A3
100
AcDbEntity
  8
ABF_edgeBanding
347
45
 62
     0
100
AcDb3dPolyline
 66
     1
 10
0.0
 20
0.0
 30
0.0
 70
     9
  0
VERTEX
  5
DAF
330
DAE
100
AcDbEntity
  8
ABF_edgeBanding
 62
     0
100
AcDbVertex
100
AcDb3dPolylineVertex
 10
-27.86899756583306
 20
-476.0000000000006
 30
0.0
 70
    32
  0
VERTEX
  5
DB0
330
DAE
100
AcDbEntity
  8
ABF_edgeBanding
 62
     0
100
AcDbVertex
100
AcDb3dPolylineVertex
 10
-67.2139853949988
 20
-515.3449878291663
 30
0.0
 70
    32
  0
VERTEX
  5
DB1
330
DAE
100
AcDbEntity
  8
ABF_edgeBanding
 62
     0
100
AcDbVertex
100
AcDb3dPolylineVertex
 10
-67.2139853949988
 20
-436.6550121708348
 30
0.0
 70
    32
  0
VERTEX
  5
DB2
330
DAE
100
AcDbEntity
  8
ABF_edgeBanding
 62
     0
100
AcDbVertex
100
AcDb3dPolylineVertex
 10
-27.86899756583306
 20
-476.0000000000006
 30
0.0
 70
    32
  0
SEQEND
  5
DB3
330
DAE
100
AcDbEntity
  8
ABF_edgeBanding
347
45
 62
     0
  0
POLYLINE
  5
DB4
330
1A3
100
AcDbEntity
  8
ABF_edgeBanding
347
45
 62
     0
100
AcDb3dPolyline
 66
     1
 10
0.0
 20
0.0
 30
0.0
 70
     9
  0
VERTEX
  5
DB5
330
DB4
100
AcDbEntity
  8
ABF_edgeBanding
 62
     0
100
AcDbVertex
100
AcDb3dPolylineVertex
 10
-317.9999999999999
 20
-26.26899756583355
 30
0.0
 70
    32
  0
VERTEX
  5
DB6
330
DB4
100
AcDbEntity
  8
ABF_edgeBanding
 62
     0
100
AcDbVertex
100
AcDb3dPolylineVertex
 10
-278.6550121708341
 20
-65.6139853949993
 30
0.0
 70
    32
  0
VERTEX
  5
DB7
330
DB4
100
AcDbEntity
  8
ABF_edgeBanding
 62
     0
100
AcDbVertex
100
AcDb3dPolylineVertex
 10
-357.3449878291656
 20
-65.6139853949993
 30
0.0
 70
    32
  0
VERTEX
  5
DB8
330
DB4
100
AcDbEntity
  8
ABF_edgeBanding
 62
     0
100
AcDbVertex
100
AcDb3dPolylineVertex
 10
-317.9999999999999
 20
-26.26899756583355
 30
0.0
 70
    32
  0
SEQEND
  5
DB9
330
DB4
100
AcDbEntity
  8
ABF_edgeBanding
347
45
 62
     0
  0
POLYLINE
  5
DBA
330
1A3
100
AcDbEntity
  8
ABF_edgeBanding
347
45
 62
     0
100
AcDb3dPolyline
 66
     1
 10
0.0
 20
0.0
 30
0.0
 70
     9
  0
VERTEX
  5
DBB
330
DBA
100
AcDbEntity
  8
ABF_edgeBanding
 62
     0
100
AcDbVertex
100
AcDb3dPolylineVertex
 10
-317.9999999999999
 20
-925.7310024341676
 30
0.0
 70
    32
  0
VERTEX
  5
DBC
330
DBA
100
AcDbEntity
  8
ABF_edgeBanding
 62
     0
100
AcDbVertex
100
AcDb3dPolylineVertex
 10
-357.3449878291657
 20
-886.386014605002
 30
0.0
 70
    32
  0
VERTEX
  5
DBD
330
DBA
100
AcDbEntity
  8
ABF_edgeBanding
 62
     0
100
AcDbVertex
100
AcDb3dPolylineVertex
 10
-278.6550121708343
 20
-886.386014605002
 30
0.0
 70
    32
  0
VERTEX
  5
DBE
330
DBA
100
AcDbEntity
  8
ABF_edgeBanding
 62
     0
100
AcDbVertex
100
AcDb3dPolylineVertex
 10
-317.9999999999999
 20
-925.7310024341676
 30
0.0
 70
    32
  0
SEQEND
  5
DBF
330
DBA
100
AcDbEntity
  8
ABF_edgeBanding
347
45
 62
     0
  0
POLYLINE
  5
DC0
330
1A3
100
AcDbEntity
  8
ABF_edgeBanding
347
45
 62
     0
100
AcDb3dPolyline
 66
     1
 10
0.0
 20
0.0
 30
0.0
 70
     9
  0
VERTEX
  5
DC1
330
DC0
100
AcDbEntity
  8
ABF_edgeBanding
 62
     0
100
AcDbVertex
100
AcDb3dPolylineVertex
 10
-609.7310024341667
 20
-476.0000000000006
 30
0.0
 70
    32
  0
VERTEX
  5
DC2
330
DC0
100
AcDbEntity
  8
ABF_edgeBanding
 62
     0
100
AcDbVertex
100
AcDb3dPolylineVertex
 10
-570.3860146050009
 20
-436.6550121708348
 30
0.0
 70
    32
  0
VERTEX
  5
DC3
330
DC0
100
AcDbEntity
  8
ABF_edgeBanding
 62
     0
100
AcDbVertex
100
AcDb3dPolylineVertex
 10
-570.3860146050009
 20
-515.3449878291663
 30
0.0
 70
    32
  0
VERTEX
  5
DC4
330
DC0
100
AcDbEntity
  8
ABF_edgeBanding
 62
     0
100
AcDbVertex
100
AcDb3dPolylineVertex
 10
-609.7310024341667
 20
-476.0000000000006
 30
0.0
 70
    32
  0
SEQEND
  5
DC5
330
DC0
100
AcDbEntity
  8
ABF_edgeBanding
347
45
 62
     0
  0
ENDBLK
  5
1A5
330
1A3
100
AcDbEntity
  8
0
100
AcDbBlockEnd
  0
BLOCK
  5
1A7
330
1A6
100
AcDbEntity
  8
0
100
AcDbBlockBegin
  2
Group166#1
 70
     0
 10
0.0
 20
0.0
 30
0.0
  3
Group166#1
  1

  0
POLYLINE
  5
DC6
330
1A6
100
AcDbEntity
  8
ABF_cuttingLines
347
45
 62
     0
100
AcDb3dPolyline
 66
     1
 10
0.0
 20
0.0
 30
0.0
 70
     9
  0
VERTEX
  5
DC7
330
DC6
100
AcDbEntity
  8
ABF_cuttingLines
 62
     0
100
AcDbVertex
100
AcDb3dPolylineVertex
 10
-19.99999999999987
 20
0.4000000000001817
 30
0.0
 70
    32
  0
VERTEX
  5
DC8
330
DC6
100
AcDbEntity
  8
ABF_cuttingLines
 62
     0
100
AcDbVertex
100
AcDb3dPolylineVertex
 10
-19.99999999999982
 20
951.6000000000001
 30
0.0
 70
    32
  0
VERTEX
  5
DC9
330
DC6
100
AcDbEntity
  8
ABF_cuttingLines
 62
     0
100
AcDbVertex
100
AcDb3dPolylineVertex
 10
-617.5999999999998
 20
951.6000000000001
 30
0.0
 70
    32
  0
VERTEX
  5
DCA
330
DC6
100
AcDbEntity
  8
ABF_cuttingLines
 62
     0
100
AcDbVertex
100
AcDb3dPolylineVertex
 10
-617.5999999999999
 20
0.4000000000002442
 30
0.0
 70
    32
  0
VERTEX
  5
DCB
330
DC6
100
AcDbEntity
  8
ABF_cuttingLines
 62
     0
100
AcDbVertex
100
AcDb3dPolylineVertex
 10
-19.99999999999987
 20
0.4000000000001817
 30
0.0
 70
    32
  0
SEQEND
  5
DCC
330
DC6
100
AcDbEntity
  8
ABF_cuttingLines
347
45
 62
     0
  0
ENDBLK
  5
1A8
330
1A6
100
AcDbEntity
  8
0
100
AcDbBlockEnd
  0
BLOCK
  5
1AA
330
1A9
100
AcDbEntity
  8
0
100
AcDbBlockBegin
  2
Group167#1
 70
     0
 10
0.0
 20
0.0
 30
0.0
  3
Group167#1
  1

  0
POLYLINE
  5
DCD
330
1A9
100
AcDbEntity
  8
ABF_edgeBanding
347
45
 62
     0
100
AcDb3dPolyline
 66
     1
 10
0.0
 20
0.0
 30
0.0
 70
     9
  0
VERTEX
  5
DCE
330
DCD
100
AcDbEntity
  8
ABF_edgeBanding
 62
     0
100
AcDbVertex
100
AcDb3dPolylineVertex
 10
-27.868997565833
 20
476.0000000000002
 30
0.0
 70
    32
  0
VERTEX
  5
DCF
330
DCD
100
AcDbEntity
  8
ABF_edgeBanding
 62
     0
100
AcDbVertex
100
AcDb3dPolylineVertex
 10
-67.21398539499873
 20
436.6550121708345
 30
0.0
 70
    32
  0
VERTEX
  5
DD0
330
DCD
100
AcDbEntity
  8
ABF_edgeBanding
 62
     0
100
AcDbVertex
100
AcDb3dPolylineVertex
 10
-67.21398539499873
 20
515.3449878291659
 30
0.0
 70
    32
  0
VERTEX
  5
DD1
330
DCD
100
AcDbEntity
  8
ABF_edgeBanding
 62
     0
100
AcDbVertex
100
AcDb3dPolylineVertex
 10
-27.868997565833
 20
476.0000000000002
 30
0.0
 70
    32
  0
SEQEND
  5
DD2
330
DCD
100
AcDbEntity
  8
ABF_edgeBanding
347
45
 62
     0
  0
POLYLINE
  5
DD3
330
1A9
100
AcDbEntity
  8
ABF_edgeBanding
347
45
 62
     0
100
AcDb3dPolyline
 66
     1
 10
0.0
 20
0.0
 30
0.0
 70
     9
  0
VERTEX
  5
DD4
330
DD3
100
AcDbEntity
  8
ABF_edgeBanding
 62
     0
100
AcDbVertex
100
AcDb3dPolylineVertex
 10
-317.9999999999998
 20
943.7310024341672
 30
0.0
 70
    32
  0
VERTEX
  5
DD5
330
DD3
100
AcDbEntity
  8
ABF_edgeBanding
 62
     0
100
AcDbVertex
100
AcDb3dPolylineVertex
 10
-278.655012170834
 20
904.3860146050014
 30
0.0
 70
    32
  0
VERTEX
  5
DD6
330
DD3
100
AcDbEntity
  8
ABF_edgeBanding
 62
     0
100
AcDbVertex
100
AcDb3dPolylineVertex
 10
-357.3449878291655
 20
904.3860146050014
 30
0.0
 70
    32
  0
VERTEX
  5
DD7
330
DD3
100
AcDbEntity
  8
ABF_edgeBanding
 62
     0
100
AcDbVertex
100
AcDb3dPolylineVertex
 10
-317.9999999999998
 20
943.7310024341672
 30
0.0
 70
    32
  0
SEQEND
  5
DD8
330
DD3
100
AcDbEntity
  8
ABF_edgeBanding
347
45
 62
     0
  0
POLYLINE
  5
DD9
330
1A9
100
AcDbEntity
  8
ABF_edgeBanding
347
45
 62
     0
100
AcDb3dPolyline
 66
     1
 10
0.0
 20
0.0
 30
0.0
 70
     9
  0
VERTEX
  5
DDA
330
DD9
100
AcDbEntity
  8
ABF_edgeBanding
 62
     0
100
AcDbVertex
100
AcDb3dPolylineVertex
 10
-317.9999999999999
 20
8.26899756583335
 30
0.0
 70
    32
  0
VERTEX
  5
DDB
330
DD9
100
AcDbEntity
  8
ABF_edgeBanding
 62
     0
100
AcDbVertex
100
AcDb3dPolylineVertex
 10
-357.3449878291656
 20
47.61398539499909
 30
0.0
 70
    32
  0
VERTEX
  5
DDC
330
DD9
100
AcDbEntity
  8
ABF_edgeBanding
 62
     0
100
AcDbVertex
100
AcDb3dPolylineVertex
 10
-278.6550121708341
 20
47.61398539499909
 30
0.0
 70
    32
  0
VERTEX
  5
DDD
330
DD9
100
AcDbEntity
  8
ABF_edgeBanding
 62
     0
100
AcDbVertex
100
AcDb3dPolylineVertex
 10
-317.9999999999999
 20
8.26899756583335
 30
0.0
 70
    32
  0
SEQEND
  5
DDE
330
DD9
100
AcDbEntity
  8
ABF_edgeBanding
347
45
 62
     0
  0
POLYLINE
  5
DDF
330
1A9
100
AcDbEntity
  8
ABF_edgeBanding
347
45
 62
     0
100
AcDb3dPolyline
 66
     1
 10
0.0
 20
0.0
 30
0.0
 70
     9
  0
VERTEX
  5
DE0
330
DDF
100
AcDbEntity
  8
ABF_edgeBanding
 62
     0
100
AcDbVertex
100
AcDb3dPolylineVertex
 10
-609.7310024341667
 20
476.0000000000002
 30
0.0
 70
    32
  0
VERTEX
  5
DE1
330
DDF
100
AcDbEntity
  8
ABF_edgeBanding
 62
     0
100
AcDbVertex
100
AcDb3dPolylineVertex
 10
-570.3860146050009
 20
515.3449878291659
 30
0.0
 70
    32
  0
VERTEX
  5
DE2
330
DDF
100
AcDbEntity
  8
ABF_edgeBanding
 62
     0
100
AcDbVertex
100
AcDb3dPolylineVertex
 10
-570.3860146050009
 20
436.6550121708345
 30
0.0
 70
    32
  0
VERTEX
  5
DE3
330
DDF
100
AcDbEntity
  8
ABF_edgeBanding
 62
     0
100
AcDbVertex
100
AcDb3dPolylineVertex
 10
-609.7310024341667
 20
476.0000000000002
 30
0.0
 70
    32
  0
SEQEND
  5
DE4
330
DDF
100
AcDbEntity
  8
ABF_edgeBanding
347
45
 62
     0
  0
ENDBLK
  5
1AB
330
1A9
100
AcDbEntity
  8
0
100
AcDbBlockEnd
  0
BLOCK
  5
1AD
330
1AC
100
AcDbEntity
  8
0
100
AcDbBlockBegin
  2
Group168#1
 70
     0
 10
0.0
 20
0.0
 30
0.0
  3
Group168#1
  1

  0
POLYLINE
  5
DE5
330
1AC
100
AcDbEntity
  8
ABF_cuttingLines
347
45
 62
     0
100
AcDb3dPolyline
 66
     1
 10
0.0
 20
0.0
 30
0.0
 70
     9
  0
VERTEX
  5
DE6
330
DE5
100
AcDbEntity
  8
ABF_cuttingLines
 62
     0
100
AcDbVertex
100
AcDb3dPolylineVertex
 10
-617.5999999999999
 20
-0.4000000000004771
 30
0.0
 70
    32
  0
VERTEX
  5
DE7
330
DE5
100
AcDbEntity
  8
ABF_cuttingLines
 62
     0
100
AcDbVertex
100
AcDb3dPolylineVertex
 10
-617.5999999999999
 20
-951.6000000000008
 30
0.0
 70
    32
  0
VERTEX
  5
DE8
330
DE5
100
AcDbEntity
  8
ABF_cuttingLines
 62
     0
100
AcDbVertex
100
AcDb3dPolylineVertex
 10
-19.99999999999994
 20
-951.6000000000008
 30
0.0
 70
    32
  0
VERTEX
  5
DE9
330
DE5
100
AcDbEntity
  8
ABF_cuttingLines
 62
     0
100
AcDbVertex
100
AcDb3dPolylineVertex
 10
-19.99999999999987
 20
-0.4000000000005404
 30
0.0
 70
    32
  0
VERTEX
  5
DEA
330
DE5
100
AcDbEntity
  8
ABF_cuttingLines
 62
     0
100
AcDbVertex
100
AcDb3dPolylineVertex
 10
-617.5999999999999
 20
-0.4000000000004771
 30
0.0
 70
    32
  0
SEQEND
  5
DEB
330
DE5
100
AcDbEntity
  8
ABF_cuttingLines
347
45
 62
     0
  0
ENDBLK
  5
1AE
330
1AC
100
AcDbEntity
  8
0
100
AcDbBlockEnd
  0
BLOCK
  5
1B0
330
1AF
100
AcDbEntity
  8
0
100
AcDbBlockBegin
  2
Group169#1
 70
     0
 10
0.0
 20
0.0
 30
0.0
  3
Group169#1
  1

  0
POLYLINE
  5
DEC
330
1AF
100
AcDbEntity
  8
ABF_edgeBanding
347
45
 62
     0
100
AcDb3dPolyline
 66
     1
 10
0.0
 20
0.0
 30
0.0
 70
     9
  0
VERTEX
  5
DED
330
DEC
100
AcDbEntity
  8
ABF_edgeBanding
 62
     0
100
AcDbVertex
100
AcDb3dPolylineVertex
 10
-609.7310024341667
 20
-476.0000000000007
 30
0.0
 70
    32
  0
VERTEX
  5
DEE
330
DEC
100
AcDbEntity
  8
ABF_edgeBanding
 62
     0
100
AcDbVertex
100
AcDb3dPolylineVertex
 10
-570.3860146050009
 20
-436.6550121708351
 30
0.0
 70
    32
  0
VERTEX
  5
DEF
330
DEC
100
AcDbEntity
  8
ABF_edgeBanding
 62
     0
100
AcDbVertex
100
AcDb3dPolylineVertex
 10
-570.3860146050009
 20
-515.3449878291665
 30
0.0
 70
    32
  0
VERTEX
  5
DF0
330
DEC
100
AcDbEntity
  8
ABF_edgeBanding
 62
     0
100
AcDbVertex
100
AcDb3dPolylineVertex
 10
-609.7310024341667
 20
-476.0000000000007
 30
0.0
 70
    32
  0
SEQEND
  5
DF1
330
DEC
100
AcDbEntity
  8
ABF_edgeBanding
347
45
 62
     0
  0
POLYLINE
  5
DF2
330
1AF
100
AcDbEntity
  8
ABF_edgeBanding
347
45
 62
     0
100
AcDb3dPolyline
 66
     1
 10
0.0
 20
0.0
 30
0.0
 70
     9
  0
VERTEX
  5
DF3
330
DF2
100
AcDbEntity
  8
ABF_edgeBanding
 62
     0
100
AcDbVertex
100
AcDb3dPolylineVertex
 10
-317.9999999999999
 20
-943.7310024341679
 30
0.0
 70
    32
  0
VERTEX
  5
DF4
330
DF2
100
AcDbEntity
  8
ABF_edgeBanding
 62
     0
100
AcDbVertex
100
AcDb3dPolylineVertex
 10
-357.3449878291657
 20
-904.3860146050022
 30
0.0
 70
    32
  0
VERTEX
  5
DF5
330
DF2
100
AcDbEntity
  8
ABF_edgeBanding
 62
     0
100
AcDbVertex
100
AcDb3dPolylineVertex
 10
-278.6550121708343
 20
-904.3860146050022
 30
0.0
 70
    32
  0
VERTEX
  5
DF6
330
DF2
100
AcDbEntity
  8
ABF_edgeBanding
 62
     0
100
AcDbVertex
100
AcDb3dPolylineVertex
 10
-317.9999999999999
 20
-943.7310024341679
 30
0.0
 70
    32
  0
SEQEND
  5
DF7
330
DF2
100
AcDbEntity
  8
ABF_edgeBanding
347
45
 62
     0
  0
POLYLINE
  5
DF8
330
1AF
100
AcDbEntity
  8
ABF_edgeBanding
347
45
 62
     0
100
AcDb3dPolyline
 66
     1
 10
0.0
 20
0.0
 30
0.0
 70
     9
  0
VERTEX
  5
DF9
330
DF8
100
AcDbEntity
  8
ABF_edgeBanding
 62
     0
100
AcDbVertex
100
AcDb3dPolylineVertex
 10
-317.9999999999999
 20
-8.268997565833672
 30
0.0
 70
    32
  0
VERTEX
  5
DFA
330
DF8
100
AcDbEntity
  8
ABF_edgeBanding
 62
     0
100
AcDbVertex
100
AcDb3dPolylineVertex
 10
-278.6550121708341
 20
-47.61398539499942
 30
0.0
 70
    32
  0
VERTEX
  5
DFB
330
DF8
100
AcDbEntity
  8
ABF_edgeBanding
 62
     0
100
AcDbVertex
100
AcDb3dPolylineVertex
 10
-357.3449878291656
 20
-47.61398539499942
 30
0.0
 70
    32
  0
VERTEX
  5
DFC
330
DF8
100
AcDbEntity
  8
ABF_edgeBanding
 62
     0
100
AcDbVertex
100
AcDb3dPolylineVertex
 10
-317.9999999999999
 20
-8.268997565833672
 30
0.0
 70
    32
  0
SEQEND
  5
DFD
330
DF8
100
AcDbEntity
  8
ABF_edgeBanding
347
45
 62
     0
  0
POLYLINE
  5
DFE
330
1AF
100
AcDbEntity
  8
ABF_edgeBanding
347
45
 62
     0
100
AcDb3dPolyline
 66
     1
 10
0.0
 20
0.0
 30
0.0
 70
     9
  0
VERTEX
  5
DFF
330
DFE
100
AcDbEntity
  8
ABF_edgeBanding
 62
     0
100
AcDbVertex
100
AcDb3dPolylineVertex
 10
-27.86899756583306
 20
-476.0000000000007
 30
0.0
 70
    32
  0
VERTEX
  5
E00
330
DFE
100
AcDbEntity
  8
ABF_edgeBanding
 62
     0
100
AcDbVertex
100
AcDb3dPolylineVertex
 10
-67.2139853949988
 20
-515.3449878291665
 30
0.0
 70
    32
  0
VERTEX
  5
E01
330
DFE
100
AcDbEntity
  8
ABF_edgeBanding
 62
     0
100
AcDbVertex
100
AcDb3dPolylineVertex
 10
-67.2139853949988
 20
-436.6550121708351
 30
0.0
 70
    32
  0
VERTEX
  5
E02
330
DFE
100
AcDbEntity
  8
ABF_edgeBanding
 62
     0
100
AcDbVertex
100
AcDb3dPolylineVertex
 10
-27.86899756583306
 20
-476.0000000000007
 30
0.0
 70
    32
  0
SEQEND
  5
E03
330
DFE
100
AcDbEntity
  8
ABF_edgeBanding
347
45
 62
     0
  0
ENDBLK
  5
1B1
330
1AF
100
AcDbEntity
  8
0
100
AcDbBlockEnd
  0
BLOCK
  5
1B3
330
1B2
100
AcDbEntity
  8
0
100
AcDbBlockBegin
  2
_____ ______#4
 70
     0
 10
0.0
 20
0.0
 30
0.0
  3
_____ ______#4
  1

  0
POLYLINE
  5
E05
330
1B2
100
AcDbEntity
  8
0
347
45
 62
     0
100
AcDbPolyFaceMesh
 66
     1
 10
0.0
 20
0.0
 30
0.0
 70
    64
 71
     4
 72
     2
1001
ACAD_MATERIAL_MAPPER
1070
     1
1070
     1
1070
     1
1011
-0.0000000000001051
1021
0.0000000000002101
1031
0.0
1011
-25.4000000000001
1021
0.0000000000002101
1031
0.0
1011
-0.0000000000001051
1021
25.4000000000002
1031
0.0
1011
-0.0000000000001051
1021
0.0000000000002101
1031
1.0
  0
VERTEX
  5
E06
330
E05
100
AcDbEntity
  8
0
 62
     0
100
AcDbVertex
100
AcDbPolyFaceMeshVertex
 10
-2.000000000000059
 20
950.0
 30
0.0
 70
   192
  0
VERTEX
  5
E07
330
E05
100
AcDbEntity
  8
0
 62
     0
100
AcDbVertex
100
AcDbPolyFaceMeshVertex
 10
-756.0000000000039
 20
1.999999999999604
 30
0.0
 70
   192
  0
VERTEX
  5
E08
330
E05
100
AcDbEntity
  8
0
 62
     0
100
AcDbVertex
100
AcDbPolyFaceMeshVertex
 10
-756.000000000004
 20
949.9999999999998
 30
0.0
 70
   192
  0
VERTEX
  5
E09
330
E05
100
AcDbEntity
  8
0
 62
     0
100
AcDbVertex
100
AcDbPolyFaceMeshVertex
 10
-1.999999999999907
 20
1.999999999999725
 30
0.0
 70
   192
  0
VERTEX
  5
E0A
330
E05
100
AcDbEntity
  8
0
 62
     0
100
AcDbFaceRecord
 10
0.0
 20
0.0
 30
0.0
 70
   128
 71
    -1
 72
     2
 73
     3
  0
VERTEX
  5
E0B
330
E05
100
AcDbEntity
  8
0
 62
     0
100
AcDbFaceRecord
 10
0.0
 20
0.0
 30
0.0
 70
   128
 71
    -2
 72
     1
 73
     4
  0
SEQEND
  5
E0C
330
E05
100
AcDbEntity
  8
0
347
45
 62
     0
  0
LINE
  5
E0D
330
1B2
100
AcDbEntity
  8
ABF_cuttingLines
347
45
 62
     0
100
AcDbLine
 10
-756.000000000004
 20
949.9999999999998
 30
0.0
 11
-756.0000000000039
 21
1.999999999999604
 31
0.0
  0
LINE
  5
E0E
330
1B2
100
AcDbEntity
  8
ABF_cuttingLines
347
45
 62
     0
100
AcDbLine
 10
-2.000000000000059
 20
950.0
 30
0.0
 11
-756.000000000004
 21
949.9999999999998
 31
0.0
  0
LINE
  5
E0F
330
1B2
100
AcDbEntity
  8
ABF_cuttingLines
347
45
 62
     0
100
AcDbLine
 10
-1.999999999999907
 20
1.999999999999725
 30
0.0
 11
-2.000000000000059
 21
950.0
 31
0.0
  0
LINE
  5
E10
330
1B2
100
AcDbEntity
  8
ABF_cuttingLines
347
45
 62
     0
100
AcDbLine
 10
-756.0000000000039
 20
1.999999999999604
 30
0.0
 11
-1.999999999999907
 21
1.999999999999725
 31
0.0
  0
POLYLINE
  5
E12
330
1B2
100
AcDbEntity
  8
0
347
E11
 62
     7
420
 16777215
100
AcDbPolyFaceMesh
 66
     1
 10
0.0
 20
0.0
 30
0.0
 70
    64
 71
     4
 72
     2
1001
ACAD_MATERIAL_MAPPER
1070
     1
1070
     1
1070
     1
1011
-0.0000000000001051
1021
0.0000000000002101
1031
0.0
1011
25.39999999999989
1021
0.0000000000002101
1031
0.0
1011
-0.0000000000001051
1021
25.4000000000002
1031
0.0
1011
-0.0000000000001051
1021
0.0000000000002101
1031
1.0
  0
VERTEX
  5
E13
330
E12
100
AcDbEntity
  8
0
 62
     7
420
 16777215
100
AcDbVertex
100
AcDbPolyFaceMeshVertex
 10
-756.0000000000039
 20
1.999999999999604
 30
3.00000000000004
 70
   192
  0
VERTEX
  5
E14
330
E12
100
AcDbEntity
  8
0
 62
     7
420
 16777215
100
AcDbVertex
100
AcDbPolyFaceMeshVertex
 10
-2.000000000000059
 20
950.0
 30
3.00000000000004
 70
   192
  0
VERTEX
  5
E15
330
E12
100
AcDbEntity
  8
0
 62
     7
420
 16777215
100
AcDbVertex
100
AcDbPolyFaceMeshVertex
 10
-756.000000000004
 20
949.9999999999998
 30
3.00000000000004
 70
   192
  0
VERTEX
  5
E16
330
E12
100
AcDbEntity
  8
0
 62
     7
420
 16777215
100
AcDbVertex
100
AcDbPolyFaceMeshVertex
 10
-1.999999999999907
 20
1.999999999999725
 30
3.00000000000004
 70
   192
  0
VERTEX
  5
E17
330
E12
100
AcDbEntity
  8
0
 62
     7
420
 16777215
100
AcDbFaceRecord
 10
0.0
 20
0.0
 30
0.0
 70
   128
 71
    -1
 72
     2
 73
     3
  0
VERTEX
  5
E18
330
E12
100
AcDbEntity
  8
0
 62
     7
420
 16777215
100
AcDbFaceRecord
 10
0.0
 20
0.0
 30
0.0
 70
   128
 71
    -2
 72
     1
 73
     4
  0
SEQEND
  5
E19
330
E12
100
AcDbEntity
  8
0
347
E11
 62
     7
420
 16777215
  0
LINE
  5
E1A
330
1B2
100
AcDbEntity
  8
ABF_cuttingLines
347
45
 62
     0
100
AcDbLine
 10
-756.000000000004
 20
949.9999999999998
 30
3.00000000000004
 11
-756.0000000000039
 21
1.999999999999604
 31
3.00000000000004
  0
LINE
  5
E1B
330
1B2
100
AcDbEntity
  8
ABF_cuttingLines
347
45
 62
     0
100
AcDbLine
 10
-756.0000000000039
 20
1.999999999999604
 30
3.00000000000004
 11
-1.999999999999907
 21
1.999999999999725
 31
3.00000000000004
  0
LINE
  5
E1C
330
1B2
100
AcDbEntity
  8
ABF_cuttingLines
347
45
 62
     0
100
AcDbLine
 10
-1.999999999999907
 20
1.999999999999725
 30
3.00000000000004
 11
-2.000000000000059
 21
950.0
 31
3.00000000000004
  0
LINE
  5
E1D
330
1B2
100
AcDbEntity
  8
ABF_cuttingLines
347
45
 62
     0
100
AcDbLine
 10
-2.000000000000059
 20
950.0
 30
3.00000000000004
 11
-756.000000000004
 21
949.9999999999998
 31
3.00000000000004
  0
POLYLINE
  5
E1E
330
1B2
100
AcDbEntity
  8
0
347
45
 62
     0
100
AcDbPolyFaceMesh
 66
     1
 10
0.0
 20
0.0
 30
0.0
 70
    64
 71
     4
 72
     2
1001
ACAD_MATERIAL_MAPPER
1070
     1
1070
     1
1070
     1
1011
0.0
1021
-0.0000000000001212
1031
0.0
1011
0.0
1021
-25.40000000000012
1031
0.0
1011
0.0
1021
-0.0000000000001212
1031
25.4
1011
1.0
1021
-0.0000000000001212
1031
0.0
  0
VERTEX
  5
E1F
330
E1E
100
AcDbEntity
  8
0
 62
     0
100
AcDbVertex
100
AcDbPolyFaceMeshVertex
 10
-756.000000000004
 20
949.9999999999998
 30
3.00000000000004
 70
   192
  0
VERTEX
  5
E20
330
E1E
100
AcDbEntity
  8
0
 62
     0
100
AcDbVertex
100
AcDbPolyFaceMeshVertex
 10
-756.0000000000039
 20
1.999999999999604
 30
0.0
 70
   192
  0
VERTEX
  5
E21
330
E1E
100
AcDbEntity
  8
0
 62
     0
100
AcDbVertex
100
AcDbPolyFaceMeshVertex
 10
-756.0000000000039
 20
1.999999999999604
 30
3.00000000000004
 70
   192
  0
VERTEX
  5
E22
330
E1E
100
AcDbEntity
  8
0
 62
     0
100
AcDbVertex
100
AcDbPolyFaceMeshVertex
 10
-756.000000000004
 20
949.9999999999998
 30
0.0
 70
   192
  0
VERTEX
  5
E23
330
E1E
100
AcDbEntity
  8
0
 62
     0
100
AcDbFaceRecord
 10
0.0
 20
0.0
 30
0.0
 70
   128
 71
    -1
 72
     2
 73
     3
  0
VERTEX
  5
E24
330
E1E
100
AcDbEntity
  8
0
 62
     0
100
AcDbFaceRecord
 10
0.0
 20
0.0
 30
0.0
 70
   128
 71
    -2
 72
     1
 73
     4
  0
SEQEND
  5
E25
330
E1E
100
AcDbEntity
  8
0
347
45
 62
     0
  0
LINE
  5
E26
330
1B2
100
AcDbEntity
  8
ABF_cuttingLines
347
45
 62
     0
100
AcDbLine
 10
-756.000000000004
 20
949.9999999999998
 30
0.0
 11
-756.0000000000039
 21
1.999999999999604
 31
0.0
  0
LINE
  5
E27
330
1B2
100
AcDbEntity
  8
ABF_cuttingLines
347
45
 62
     0
100
AcDbLine
 10
-756.0000000000039
 20
1.999999999999604
 30
0.0
 11
-756.0000000000039
 21
1.999999999999604
 31
3.00000000000004
  0
LINE
  5
E28
330
1B2
100
AcDbEntity
  8
ABF_cuttingLines
347
45
 62
     0
100
AcDbLine
 10
-756.000000000004
 20
949.9999999999998
 30
3.00000000000004
 11
-756.0000000000039
 21
1.999999999999604
 31
3.00000000000004
  0
LINE
  5
E29
330
1B2
100
AcDbEntity
  8
ABF_cuttingLines
347
45
 62
     0
100
AcDbLine
 10
-756.000000000004
 20
949.9999999999998
 30
0.0
 11
-756.000000000004
 21
949.9999999999998
 31
3.00000000000004
  0
POLYLINE
  5
E2A
330
1B2
100
AcDbEntity
  8
0
347
45
 62
     0
100
AcDbPolyFaceMesh
 66
     1
 10
0.0
 20
0.0
 30
0.0
 70
    64
 71
     4
 72
     2
1001
ACAD_MATERIAL_MAPPER
1070
     1
1070
     1
1070
     1
1011
-0.0000000000000005
1021
0.0
1031
0.0
1011
25.4
1021
0.0
1031
0.0
1011
-0.0000000000000005
1021
0.0
1031
25.4
1011
-0.0000000000000005
1021
1.0
1031
0.0
  0
VERTEX
  5
E2B
330
E2A
100
AcDbEntity
  8
0
 62
     0
100
AcDbVertex
100
AcDbPolyFaceMeshVertex
 10
-1.999999999999907
 20
1.999999999999725
 30
3.00000000000004
 70
   192
  0
VERTEX
  5
E2C
330
E2A
100
AcDbEntity
  8
0
 62
     0
100
AcDbVertex
100
AcDbPolyFaceMeshVertex
 10
-756.0000000000039
 20
1.999999999999604
 30
0.0
 70
   192
  0
VERTEX
  5
E2D
330
E2A
100
AcDbEntity
  8
0
 62
     0
100
AcDbVertex
100
AcDbPolyFaceMeshVertex
 10
-1.999999999999907
 20
1.999999999999725
 30
0.0
 70
   192
  0
VERTEX
  5
E2E
330
E2A
100
AcDbEntity
  8
0
 62
     0
100
AcDbVertex
100
AcDbPolyFaceMeshVertex
 10
-756.0000000000039
 20
1.999999999999604
 30
3.00000000000004
 70
   192
  0
VERTEX
  5
E2F
330
E2A
100
AcDbEntity
  8
0
 62
     0
100
AcDbFaceRecord
 10
0.0
 20
0.0
 30
0.0
 70
   128
 71
    -1
 72
     2
 73
     3
  0
VERTEX
  5
E30
330
E2A
100
AcDbEntity
  8
0
 62
     0
100
AcDbFaceRecord
 10
0.0
 20
0.0
 30
0.0
 70
   128
 71
    -2
 72
     1
 73
     4
  0
SEQEND
  5
E31
330
E2A
100
AcDbEntity
  8
0
347
45
 62
     0
  0
LINE
  5
E32
330
1B2
100
AcDbEntity
  8
ABF_cuttingLines
347
45
 62
     0
100
AcDbLine
 10
-756.0000000000039
 20
1.999999999999604
 30
0.0
 11
-1.999999999999907
 21
1.999999999999725
 31
0.0
  0
LINE
  5
E33
330
1B2
100
AcDbEntity
  8
ABF_cuttingLines
347
45
 62
     0
100
AcDbLine
 10
-1.999999999999907
 20
1.999999999999725
 30
0.0
 11
-1.999999999999907
 21
1.999999999999725
 31
3.00000000000004
  0
LINE
  5
E34
330
1B2
100
AcDbEntity
  8
ABF_cuttingLines
347
45
 62
     0
100
AcDbLine
 10
-756.0000000000039
 20
1.999999999999604
 30
3.00000000000004
 11
-1.999999999999907
 21
1.999999999999725
 31
3.00000000000004
  0
LINE
  5
E35
330
1B2
100
AcDbEntity
  8
ABF_cuttingLines
347
45
 62
     0
100
AcDbLine
 10
-756.0000000000039
 20
1.999999999999604
 30
0.0
 11
-756.0000000000039
 21
1.999999999999604
 31
3.00000000000004
  0
POLYLINE
  5
E36
330
1B2
100
AcDbEntity
  8
0
347
45
 62
     0
100
AcDbPolyFaceMesh
 66
     1
 10
0.0
 20
0.0
 30
0.0
 70
    64
 71
     4
 72
     2
1001
ACAD_MATERIAL_MAPPER
1070
     1
1070
     1
1070
     1
1011
0.0
1021
-0.0000000000000004
1031
0.0
1011
0.0
1021
25.4
1031
0.0
1011
0.0
1021
-0.0000000000000004
1031
25.4
1011
1.0
1021
-0.0000000000000004
1031
0.0
  0
VERTEX
  5
E37
330
E36
100
AcDbEntity
  8
0
 62
     0
100
AcDbVertex
100
AcDbPolyFaceMeshVertex
 10
-2.000000000000059
 20
950.0
 30
0.0
 70
   192
  0
VERTEX
  5
E38
330
E36
100
AcDbEntity
  8
0
 62
     0
100
AcDbVertex
100
AcDbPolyFaceMeshVertex
 10
-1.999999999999907
 20
1.999999999999725
 30
3.00000000000004
 70
   192
  0
VERTEX
  5
E39
330
E36
100
AcDbEntity
  8
0
 62
     0
100
AcDbVertex
100
AcDbPolyFaceMeshVertex
 10
-1.999999999999907
 20
1.999999999999725
 30
0.0
 70
   192
  0
VERTEX
  5
E3A
330
E36
100
AcDbEntity
  8
0
 62
     0
100
AcDbVertex
100
AcDbPolyFaceMeshVertex
 10
-2.000000000000059
 20
950.0
 30
3.00000000000004
 70
   192
  0
VERTEX
  5
E3B
330
E36
100
AcDbEntity
  8
0
 62
     0
100
AcDbFaceRecord
 10
0.0
 20
0.0
 30
0.0
 70
   128
 71
    -1
 72
     2
 73
     3
  0
VERTEX
  5
E3C
330
E36
100
AcDbEntity
  8
0
 62
     0
100
AcDbFaceRecord
 10
0.0
 20
0.0
 30
0.0
 70
   128
 71
    -2
 72
     1
 73
     4
  0
SEQEND
  5
E3D
330
E36
100
AcDbEntity
  8
0
347
45
 62
     0
  0
LINE
  5
E3E
330
1B2
100
AcDbEntity
  8
ABF_cuttingLines
347
45
 62
     0
100
AcDbLine
 10
-1.999999999999907
 20
1.999999999999725
 30
0.0
 11
-2.000000000000059
 21
950.0
 31
0.0
  0
LINE
  5
E3F
330
1B2
100
AcDbEntity
  8
ABF_cuttingLines
347
45
 62
     0
100
AcDbLine
 10
-2.000000000000059
 20
950.0
 30
0.0
 11
-2.000000000000059
 21
950.0
 31
3.00000000000004
  0
LINE
  5
E40
330
1B2
100
AcDbEntity
  8
ABF_cuttingLines
347
45
 62
     0
100
AcDbLine
 10
-1.999999999999907
 20
1.999999999999725
 30
3.00000000000004
 11
-2.000000000000059
 21
950.0
 31
3.00000000000004
  0
LINE
  5
E41
330
1B2
100
AcDbEntity
  8
ABF_cuttingLines
347
45
 62
     0
100
AcDbLine
 10
-1.999999999999907
 20
1.999999999999725
 30
0.0
 11
-1.999999999999907
 21
1.999999999999725
 31
3.00000000000004
  0
POLYLINE
  5
E42
330
1B2
100
AcDbEntity
  8
0
347
45
 62
     0
100
AcDbPolyFaceMesh
 66
     1
 10
0.0
 20
0.0
 30
0.0
 70
    64
 71
     4
 72
     2
1001
ACAD_MATERIAL_MAPPER
1070
     1
1070
     1
1070
     1
1011
-0.0000000000001528
1021
0.0
1031
0.0
1011
-25.40000000000015
1021
0.0
1031
0.0
1011
-0.0000000000001528
1021
0.0
1031
25.4
1011
-0.0000000000001528
1021
1.0
1031
0.0
  0
VERTEX
  5
E43
330
E42
100
AcDbEntity
  8
0
 62
     0
100
AcDbVertex
100
AcDbPolyFaceMeshVertex
 10
-756.000000000004
 20
949.9999999999998
 30
3.00000000000004
 70
   192
  0
VERTEX
  5
E44
330
E42
100
AcDbEntity
  8
0
 62
     0
100
AcDbVertex
100
AcDbPolyFaceMeshVertex
 10
-2.000000000000059
 20
950.0
 30
0.0
 70
   192
  0
VERTEX
  5
E45
330
E42
100
AcDbEntity
  8
0
 62
     0
100
AcDbVertex
100
AcDbPolyFaceMeshVertex
 10
-756.000000000004
 20
949.9999999999998
 30
0.0
 70
   192
  0
VERTEX
  5
E46
330
E42
100
AcDbEntity
  8
0
 62
     0
100
AcDbVertex
100
AcDbPolyFaceMeshVertex
 10
-2.000000000000059
 20
950.0
 30
3.00000000000004
 70
   192
  0
VERTEX
  5
E47
330
E42
100
AcDbEntity
  8
0
 62
     0
100
AcDbFaceRecord
 10
0.0
 20
0.0
 30
0.0
 70
   128
 71
    -1
 72
     2
 73
     3
  0
VERTEX
  5
E48
330
E42
100
AcDbEntity
  8
0
 62
     0
100
AcDbFaceRecord
 10
0.0
 20
0.0
 30
0.0
 70
   128
 71
    -2
 72
     1
 73
     4
  0
SEQEND
  5
E49
330
E42
100
AcDbEntity
  8
0
347
45
 62
     0
  0
LINE
  5
E4A
330
1B2
100
AcDbEntity
  8
ABF_cuttingLines
347
45
 62
     0
100
AcDbLine
 10
-2.000000000000059
 20
950.0
 30
0.0
 11
-756.000000000004
 21
949.9999999999998
 31
0.0
  0
LINE
  5
E4B
330
1B2
100
AcDbEntity
  8
ABF_cuttingLines
347
45
 62
     0
100
AcDbLine
 10
-756.000000000004
 20
949.9999999999998
 30
0.0
 11
-756.000000000004
 21
949.9999999999998
 31
3.00000000000004
  0
LINE
  5
E4C
330
1B2
100
AcDbEntity
  8
ABF_cuttingLines
347
45
 62
     0
100
AcDbLine
 10
-2.000000000000059
 20
950.0
 30
3.00000000000004
 11
-756.000000000004
 21
949.9999999999998
 31
3.00000000000004
  0
LINE
  5
E4D
330
1B2
100
AcDbEntity
  8
ABF_cuttingLines
347
45
 62
     0
100
AcDbLine
 10
-2.000000000000059
 20
950.0
 30
0.0
 11
-2.000000000000059
 21
950.0
 31
3.00000000000004
  0
INSERT
  5
E4E
330
1B2
100
AcDbEntity
  8
ABF_Label
347
45
 62
     0
100
AcDbBlockReference
 66
     1
  2
Group145#1
 10
-379.000000000002
 20
475.9999999999998
 30
3.00000000000004
 41
1.574803149606299
 42
1.574803149606299
 50
90.0
  0
ATTRIB
  5
E4F
330
E4E
100
AcDbEntity
  8
0
100
AcDbText
 10
0.0
 20
0.0
 30
0.0
 40
1.0
  1
_ABF_Label
100
AcDbAttribute
  2
Skp_GroupInstanceName
 70
     0
280
     0
  0
SEQEND
  5
E50
330
E4E
100
AcDbEntity
  8
ABF_Label
347
45
 62
     0
  0
INSERT
  5
E51
330
1B2
100
AcDbEntity
  8
ABF_cuttingLines
347
45
 62
     0
100
AcDbBlockReference
 66
     1
  2
Group153#1
 10
0.0
 20
0.0
 30
3.00000000000004
  0
ATTRIB
  5
E52
330
E51
100
AcDbEntity
  8
0
100
AcDbText
 10
0.0
 20
0.0
 30
0.0
 40
1.0
  1
_ABF_cuttingLines
100
AcDbAttribute
  2
Skp_GroupInstanceName
 70
     0
280
     0
  0
SEQEND
  5
E53
330
E51
100
AcDbEntity
  8
ABF_cuttingLines
347
45
 62
     0
  0
ENDBLK
  5
1B4
330
1B2
100
AcDbEntity
  8
0
100
AcDbBlockEnd
  0
BLOCK
  5
1B6
330
1B5
100
AcDbEntity
  8
0
100
AcDbBlockBegin
  2
_____#22
 70
     0
 10
0.0
 20
0.0
 30
0.0
  3
_____#22
  1

  0
POLYLINE
  5
E54
330
1B5
100
AcDbEntity
  8
0
347
45
 62
     0
100
AcDbPolyFaceMesh
 66
     1
 10
0.0
 20
0.0
 30
0.0
 70
    64
 71
     4
 72
     2
1001
ACAD_MATERIAL_MAPPER
1070
     1
1070
     1
1070
     1
1011
0.0000000000004206
1021
-0.0000000000002103
1031
0.0
1011
-25.39999999999957
1021
-0.0000000000002103
1031
0.0
1011
0.0000000000004206
1021
25.39999999999979
1031
0.0
1011
0.0000000000004206
1021
-0.0000000000002103
1031
1.0
  0
VERTEX
  5
E55
330
E54
100
AcDbEntity
  8
0
 62
     0
100
AcDbVertex
100
AcDbPolyFaceMeshVertex
 10
-477.5000000000006
 20
756.5000000000038
 30
0.0
 70
   192
  0
VERTEX
  5
E56
330
E54
100
AcDbEntity
  8
0
 62
     0
100
AcDbVertex
100
AcDbPolyFaceMeshVertex
 10
-950.5000000000013
 20
1.50000000000002
 30
0.0
 70
   192
  0
VERTEX
  5
E57
330
E54
100
AcDbEntity
  8
0
 62
     0
100
AcDbVertex
100
AcDbPolyFaceMeshVertex
 10
-950.5000000000013
 20
756.5000000000038
 30
0.0
 70
   192
  0
VERTEX
  5
E58
330
E54
100
AcDbEntity
  8
0
 62
     0
100
AcDbVertex
100
AcDbPolyFaceMeshVertex
 10
-477.5000000000006
 20
1.50000000000002
 30
0.0
 70
   192
  0
VERTEX
  5
E59
330
E54
100
AcDbEntity
  8
0
 62
     0
100
AcDbFaceRecord
 10
0.0
 20
0.0
 30
0.0
 70
   128
 71
    -1
 72
     2
 73
     3
  0
VERTEX
  5
E5A
330
E54
100
AcDbEntity
  8
0
 62
     0
100
AcDbFaceRecord
 10
0.0
 20
0.0
 30
0.0
 70
   128
 71
    -2
 72
     1
 73
     4
  0
SEQEND
  5
E5B
330
E54
100
AcDbEntity
  8
0
347
45
 62
     0
  0
LINE
  5
E5C
330
1B5
100
AcDbEntity
  8
0
347
45
 62
     0
100
AcDbLine
 10
-477.5000000000006
 20
756.5000000000038
 30
0.0
 11
-950.5000000000013
 21
756.5000000000038
 31
0.0
  0
LINE
  5
E5D
330
1B5
100
AcDbEntity
  8
0
347
45
 62
     0
100
AcDbLine
 10
-477.5000000000006
 20
1.50000000000002
 30
0.0
 11
-477.5000000000006
 21
756.5000000000038
 31
0.0
  0
LINE
  5
E5E
330
1B5
100
AcDbEntity
  8
0
347
45
 62
     0
100
AcDbLine
 10
-950.5000000000013
 20
1.50000000000002
 30
0.0
 11
-477.5000000000006
 21
1.50000000000002
 31
0.0
  0
LINE
  5
E5F
330
1B5
100
AcDbEntity
  8
0
347
45
 62
     0
100
AcDbLine
 10
-950.5000000000013
 20
756.5000000000038
 30
0.0
 11
-950.5000000000013
 21
1.50000000000002
 31
0.0
  0
POLYLINE
  5
E60
330
1B5
100
AcDbEntity
  8
0
347
E11
 62
     7
420
 16777215
100
AcDbPolyFaceMesh
 66
     1
 10
0.0
 20
0.0
 30
0.0
 70
    64
 71
     4
 72
     2
1001
ACAD_MATERIAL_MAPPER
1070
     1
1070
     1
1070
     1
1011
0.0
1021
0.0
1031
0.0
1011
25.39999999999999
1021
0.0
1031
0.0
1011
0.0
1021
25.4
1031
0.0
1011
0.0
1021
0.0
1031
1.0
  0
VERTEX
  5
E61
330
E60
100
AcDbEntity
  8
0
 62
     7
420
 16777215
100
AcDbVertex
100
AcDbPolyFaceMeshVertex
 10
-477.5000000000006
 20
1.50000000000002
 30
17.99999999999997
 70
   192
  0
VERTEX
  5
E62
330
E60
100
AcDbEntity
  8
0
 62
     7
420
 16777215
100
AcDbVertex
100
AcDbPolyFaceMeshVertex
 10
-950.5000000000013
 20
756.5000000000038
 30
17.99999999999997
 70
   192
  0
VERTEX
  5
E63
330
E60
100
AcDbEntity
  8
0
 62
     7
420
 16777215
100
AcDbVertex
100
AcDbPolyFaceMeshVertex
 10
-950.5000000000013
 20
1.50000000000002
 30
17.99999999999997
 70
   192
  0
VERTEX
  5
E64
330
E60
100
AcDbEntity
  8
0
 62
     7
420
 16777215
100
AcDbVertex
100
AcDbPolyFaceMeshVertex
 10
-477.5000000000006
 20
756.5000000000038
 30
17.99999999999997
 70
   192
  0
VERTEX
  5
E65
330
E60
100
AcDbEntity
  8
0
 62
     7
420
 16777215
100
AcDbFaceRecord
 10
0.0
 20
0.0
 30
0.0
 70
   128
 71
    -1
 72
     2
 73
     3
  0
VERTEX
  5
E66
330
E60
100
AcDbEntity
  8
0
 62
     7
420
 16777215
100
AcDbFaceRecord
 10
0.0
 20
0.0
 30
0.0
 70
   128
 71
    -2
 72
     1
 73
     4
  0
SEQEND
  5
E67
330
E60
100
AcDbEntity
  8
0
347
E11
 62
     7
420
 16777215
  0
LINE
  5
E68
330
1B5
100
AcDbEntity
  8
0
347
45
 62
     0
100
AcDbLine
 10
-477.5000000000006
 20
756.5000000000038
 30
17.99999999999997
 11
-950.5000000000013
 21
756.5000000000038
 31
17.99999999999997
  0
LINE
  5
E69
330
1B5
100
AcDbEntity
  8
0
347
45
 62
     0
100
AcDbLine
 10
-950.5000000000013
 20
756.5000000000038
 30
17.99999999999997
 11
-950.5000000000013
 21
1.50000000000002
 31
17.99999999999997
  0
LINE
  5
E6A
330
1B5
100
AcDbEntity
  8
0
347
45
 62
     0
100
AcDbLine
 10
-950.5000000000013
 20
1.50000000000002
 30
17.99999999999997
 11
-477.5000000000006
 21
1.50000000000002
 31
17.99999999999997
  0
LINE
  5
E6B
330
1B5
100
AcDbEntity
  8
0
347
45
 62
     0
100
AcDbLine
 10
-477.5000000000006
 20
1.50000000000002
 30
17.99999999999997
 11
-477.5000000000006
 21
756.5000000000038
 31
17.99999999999997
  0
POLYLINE
  5
E6C
330
1B5
100
AcDbEntity
  8
0
347
45
 62
     0
100
AcDbPolyFaceMesh
 66
     1
 10
0.0
 20
0.0
 30
0.0
 70
    64
 71
     4
 72
     2
1001
ACAD_MATERIAL_MAPPER
1070
     1
1070
     1
1070
     1
1011
0.0
1021
0.0
1031
0.0
1011
-25.4
1021
0.0
1031
0.0
1011
0.0
1021
0.0
1031
25.4
1011
0.0
1021
1.0
1031
0.0
  0
VERTEX
  5
E6D
330
E6C
100
AcDbEntity
  8
0
 62
     0
100
AcDbVertex
100
AcDbPolyFaceMeshVertex
 10
-950.5000000000013
 20
756.5000000000038
 30
17.99999999999997
 70
   192
  0
VERTEX
  5
E6E
330
E6C
100
AcDbEntity
  8
0
 62
     0
100
AcDbVertex
100
AcDbPolyFaceMeshVertex
 10
-477.5000000000006
 20
756.5000000000038
 30
0.0
 70
   192
  0
VERTEX
  5
E6F
330
E6C
100
AcDbEntity
  8
0
 62
     0
100
AcDbVertex
100
AcDbPolyFaceMeshVertex
 10
-950.5000000000013
 20
756.5000000000038
 30
0.0
 70
   192
  0
VERTEX
  5
E70
330
E6C
100
AcDbEntity
  8
0
 62
     0
100
AcDbVertex
100
AcDbPolyFaceMeshVertex
 10
-477.5000000000006
 20
756.5000000000038
 30
17.99999999999997
 70
   192
  0
VERTEX
  5
E71
330
E6C
100
AcDbEntity
  8
0
 62
     0
100
AcDbFaceRecord
 10
0.0
 20
0.0
 30
0.0
 70
   128
 71
    -1
 72
     2
 73
     3
  0
VERTEX
  5
E72
330
E6C
100
AcDbEntity
  8
0
 62
     0
100
AcDbFaceRecord
 10
0.0
 20
0.0
 30
0.0
 70
   128
 71
    -2
 72
     1
 73
     4
  0
SEQEND
  5
E73
330
E6C
100
AcDbEntity
  8
0
347
45
 62
     0
  0
LINE
  5
E74
330
1B5
100
AcDbEntity
  8
0
347
45
 62
     0
100
AcDbLine
 10
-477.5000000000006
 20
756.5000000000038
 30
0.0
 11
-950.5000000000013
 21
756.5000000000038
 31
0.0
  0
LINE
  5
E75
330
1B5
100
AcDbEntity
  8
0
347
45
 62
     0
100
AcDbLine
 10
-950.5000000000013
 20
756.5000000000038
 30
0.0
 11
-950.5000000000013
 21
756.5000000000038
 31
17.99999999999997
  0
LINE
  5
E76
330
1B5
100
AcDbEntity
  8
0
347
45
 62
     0
100
AcDbLine
 10
-477.5000000000006
 20
756.5000000000038
 30
17.99999999999997
 11
-950.5000000000013
 21
756.5000000000038
 31
17.99999999999997
  0
LINE
  5
E77
330
1B5
100
AcDbEntity
  8
0
347
45
 62
     0
100
AcDbLine
 10
-477.5000000000006
 20
756.5000000000038
 30
0.0
 11
-477.5000000000006
 21
756.5000000000038
 31
17.99999999999997
  0
POLYLINE
  5
E78
330
1B5
100
AcDbEntity
  8
0
347
45
 62
     0
100
AcDbPolyFaceMesh
 66
     1
 10
0.0
 20
0.0
 30
0.0
 70
    64
 71
     4
 72
     2
1001
ACAD_MATERIAL_MAPPER
1070
     1
1070
     1
1070
     1
1011
0.0
1021
-0.0000000000000002
1031
0.0
1011
0.0
1021
-25.4
1031
0.0
1011
0.0
1021
-0.0000000000000002
1031
25.4
1011
1.0
1021
-0.0000000000000002
1031
0.0
  0
VERTEX
  5
E79
330
E78
100
AcDbEntity
  8
0
 62
     0
100
AcDbVertex
100
AcDbPolyFaceMeshVertex
 10
-950.5000000000013
 20
756.5000000000038
 30
17.99999999999997
 70
   192
  0
VERTEX
  5
E7A
330
E78
100
AcDbEntity
  8
0
 62
     0
100
AcDbVertex
100
AcDbPolyFaceMeshVertex
 10
-950.5000000000013
 20
1.50000000000002
 30
0.0
 70
   192
  0
VERTEX
  5
E7B
330
E78
100
AcDbEntity
  8
0
 62
     0
100
AcDbVertex
100
AcDbPolyFaceMeshVertex
 10
-950.5000000000013
 20
1.50000000000002
 30
17.99999999999997
 70
   192
  0
VERTEX
  5
E7C
330
E78
100
AcDbEntity
  8
0
 62
     0
100
AcDbVertex
100
AcDbPolyFaceMeshVertex
 10
-950.5000000000013
 20
756.5000000000038
 30
0.0
 70
   192
  0
VERTEX
  5
E7D
330
E78
100
AcDbEntity
  8
0
 62
     0
100
AcDbFaceRecord
 10
0.0
 20
0.0
 30
0.0
 70
   128
 71
    -1
 72
     2
 73
     3
  0
VERTEX
  5
E7E
330
E78
100
AcDbEntity
  8
0
 62
     0
100
AcDbFaceRecord
 10
0.0
 20
0.0
 30
0.0
 70
   128
 71
    -2
 72
     1
 73
     4
  0
SEQEND
  5
E7F
330
E78
100
AcDbEntity
  8
0
347
45
 62
     0
  0
LINE
  5
E80
330
1B5
100
AcDbEntity
  8
0
347
45
 62
     0
100
AcDbLine
 10
-950.5000000000013
 20
756.5000000000038
 30
0.0
 11
-950.5000000000013
 21
1.50000000000002
 31
0.0
  0
LINE
  5
E81
330
1B5
100
AcDbEntity
  8
0
347
45
 62
     0
100
AcDbLine
 10
-950.5000000000013
 20
1.50000000000002
 30
0.0
 11
-950.5000000000013
 21
1.50000000000002
 31
17.99999999999997
  0
LINE
  5
E82
330
1B5
100
AcDbEntity
  8
0
347
45
 62
     0
100
AcDbLine
 10
-950.5000000000013
 20
756.5000000000038
 30
17.99999999999997
 11
-950.5000000000013
 21
1.50000000000002
 31
17.99999999999997
  0
LINE
  5
E83
330
1B5
100
AcDbEntity
  8
0
347
45
 62
     0
100
AcDbLine
 10
-950.5000000000013
 20
756.5000000000038
 30
0.0
 11
-950.5000000000013
 21
756.5000000000038
 31
17.99999999999997
  0
POLYLINE
  5
E84
330
1B5
100
AcDbEntity
  8
0
347
45
 62
     0
100
AcDbPolyFaceMesh
 66
     1
 10
0.0
 20
0.0
 30
0.0
 70
    64
 71
     4
 72
     2
1001
ACAD_MATERIAL_MAPPER
1070
     1
1070
     1
1070
     1
1011
0.0
1021
0.0
1031
0.0
1011
25.4
1021
0.0
1031
0.0
1011
0.0
1021
0.0
1031
25.4
1011
0.0
1021
1.0
1031
0.0
  0
VERTEX
  5
E85
330
E84
100
AcDbEntity
  8
0
 62
     0
100
AcDbVertex
100
AcDbPolyFaceMeshVertex
 10
-477.5000000000006
 20
1.50000000000002
 30
17.99999999999997
 70
   192
  0
VERTEX
  5
E86
330
E84
100
AcDbEntity
  8
0
 62
     0
100
AcDbVertex
100
AcDbPolyFaceMeshVertex
 10
-950.5000000000013
 20
1.50000000000002
 30
0.0
 70
   192
  0
VERTEX
  5
E87
330
E84
100
AcDbEntity
  8
0
 62
     0
100
AcDbVertex
100
AcDbPolyFaceMeshVertex
 10
-477.5000000000006
 20
1.50000000000002
 30
0.0
 70
   192
  0
VERTEX
  5
E88
330
E84
100
AcDbEntity
  8
0
 62
     0
100
AcDbVertex
100
AcDbPolyFaceMeshVertex
 10
-950.5000000000013
 20
1.50000000000002
 30
17.99999999999997
 70
   192
  0
VERTEX
  5
E89
330
E84
100
AcDbEntity
  8
0
 62
     0
100
AcDbFaceRecord
 10
0.0
 20
0.0
 30
0.0
 70
   128
 71
    -1
 72
     2
 73
     3
  0
VERTEX
  5
E8A
330
E84
100
AcDbEntity
  8
0
 62
     0
100
AcDbFaceRecord
 10
0.0
 20
0.0
 30
0.0
 70
   128
 71
    -2
 72
     1
 73
     4
  0
SEQEND
  5
E8B
330
E84
100
AcDbEntity
  8
0
347
45
 62
     0
  0
LINE
  5
E8C
330
1B5
100
AcDbEntity
  8
0
347
45
 62
     0
100
AcDbLine
 10
-950.5000000000013
 20
1.50000000000002
 30
0.0
 11
-477.5000000000006
 21
1.50000000000002
 31
0.0
  0
LINE
  5
E8D
330
1B5
100
AcDbEntity
  8
0
347
45
 62
     0
100
AcDbLine
 10
-477.5000000000006
 20
1.50000000000002
 30
0.0
 11
-477.5000000000006
 21
1.50000000000002
 31
17.99999999999997
  0
LINE
  5
E8E
330
1B5
100
AcDbEntity
  8
0
347
45
 62
     0
100
AcDbLine
 10
-950.5000000000013
 20
1.50000000000002
 30
17.99999999999997
 11
-477.5000000000006
 21
1.50000000000002
 31
17.99999999999997
  0
LINE
  5
E8F
330
1B5
100
AcDbEntity
  8
0
347
45
 62
     0
100
AcDbLine
 10
-950.5000000000013
 20
1.50000000000002
 30
0.0
 11
-950.5000000000013
 21
1.50000000000002
 31
17.99999999999997
  0
POLYLINE
  5
E90
330
1B5
100
AcDbEntity
  8
0
347
45
 62
     0
100
AcDbPolyFaceMesh
 66
     1
 10
0.0
 20
0.0
 30
0.0
 70
    64
 71
     4
 72
     2
1001
ACAD_MATERIAL_MAPPER
1070
     1
1070
     1
1070
     1
1011
0.0
1021
-0.0000000000000002
1031
0.0
1011
0.0
1021
25.4
1031
0.0
1011
0.0
1021
-0.0000000000000002
1031
25.4
1011
1.0
1021
-0.0000000000000002
1031
0.0
  0
VERTEX
  5
E91
330
E90
100
AcDbEntity
  8
0
 62
     0
100
AcDbVertex
100
AcDbPolyFaceMeshVertex
 10
-477.5000000000006
 20
756.5000000000038
 30
0.0
 70
   192
  0
VERTEX
  5
E92
330
E90
100
AcDbEntity
  8
0
 62
     0
100
AcDbVertex
100
AcDbPolyFaceMeshVertex
 10
-477.5000000000006
 20
1.50000000000002
 30
17.99999999999997
 70
   192
  0
VERTEX
  5
E93
330
E90
100
AcDbEntity
  8
0
 62
     0
100
AcDbVertex
100
AcDbPolyFaceMeshVertex
 10
-477.5000000000006
 20
1.50000000000002
 30
0.0
 70
   192
  0
VERTEX
  5
E94
330
E90
100
AcDbEntity
  8
0
 62
     0
100
AcDbVertex
100
AcDbPolyFaceMeshVertex
 10
-477.5000000000006
 20
756.5000000000038
 30
17.99999999999997
 70
   192
  0
VERTEX
  5
E95
330
E90
100
AcDbEntity
  8
0
 62
     0
100
AcDbFaceRecord
 10
0.0
 20
0.0
 30
0.0
 70
   128
 71
    -1
 72
     2
 73
     3
  0
VERTEX
  5
E96
330
E90
100
AcDbEntity
  8
0
 62
     0
100
AcDbFaceRecord
 10
0.0
 20
0.0
 30
0.0
 70
   128
 71
    -2
 72
     1
 73
     4
  0
SEQEND
  5
E97
330
E90
100
AcDbEntity
  8
0
347
45
 62
     0
  0
LINE
  5
E98
330
1B5
100
AcDbEntity
  8
0
347
45
 62
     0
100
AcDbLine
 10
-477.5000000000006
 20
1.50000000000002
 30
0.0
 11
-477.5000000000006
 21
756.5000000000038
 31
0.0
  0
LINE
  5
E99
330
1B5
100
AcDbEntity
  8
0
347
45
 62
     0
100
AcDbLine
 10
-477.5000000000006
 20
756.5000000000038
 30
0.0
 11
-477.5000000000006
 21
756.5000000000038
 31
17.99999999999997
  0
LINE
  5
E9A
330
1B5
100
AcDbEntity
  8
0
347
45
 62
     0
100
AcDbLine
 10
-477.5000000000006
 20
1.50000000000002
 30
17.99999999999997
 11
-477.5000000000006
 21
756.5000000000038
 31
17.99999999999997
  0
LINE
  5
E9B
330
1B5
100
AcDbEntity
  8
0
347
45
 62
     0
100
AcDbLine
 10
-477.5000000000006
 20
1.50000000000002
 30
0.0
 11
-477.5000000000006
 21
1.50000000000002
 31
17.99999999999997
  0
INSERT
  5
E9C
330
1B5
100
AcDbEntity
  8
0
347
45
 62
     0
100
AcDbBlockReference
 66
     1
  2
Group376#1
 10
-950.5000000000013
 20
656.5000000000038
 30
17.99999999999997
 50
180.0
  0
ATTRIB
  5
E9D
330
E9C
100
AcDbEntity
  8
0
100
AcDbText
 10
0.0
 20
0.0
 30
0.0
 40
1.0
  1
_ABF_hingeCup
100
AcDbAttribute
  2
Skp_GroupInstanceName
 70
     0
280
     0
  0
SEQEND
  5
E9E
330
E9C
100
AcDbEntity
  8
0
347
45
 62
     0
  0
INSERT
  5
E9F
330
1B5
100
AcDbEntity
  8
0
347
45
 62
     0
100
AcDbBlockReference
 66
     1
  2
Group378#1
 10
-950.5000000000013
 20
101.5
 30
17.99999999999997
 50
180.0
  0
ATTRIB
  5
EA0
330
E9F
100
AcDbEntity
  8
0
100
AcDbText
 10
0.0
 20
0.0
 30
0.0
 40
1.0
  1
_ABF_hingeCup
100
AcDbAttribute
  2
Skp_GroupInstanceName
 70
     0
280
     0
  0
SEQEND
  5
EA1
330
E9F
100
AcDbEntity
  8
0
347
45
 62
     0
  0
INSERT
  5
EA2
330
1B5
100
AcDbEntity
  8
ABF_Label
347
45
 62
     0
100
AcDbBlockReference
 66
     1
  2
Group149#1
 10
-714.0000000000009
 20
379.0000000000019
 30
17.99999999999997
 41
1.574803149606299
 42
1.574803149606299
 50
90.0
  0
ATTRIB
  5
EA3
330
EA2
100
AcDbEntity
  8
0
100
AcDbText
 10
0.0
 20
0.0
 30
0.0
 40
1.0
  1
_ABF_Label
100
AcDbAttribute
  2
Skp_GroupInstanceName
 70
     0
280
     0
  0
SEQEND
  5
EA4
330
EA2
100
AcDbEntity
  8
ABF_Label
347
45
 62
     0
  0
INSERT
  5
EA5
330
1B5
100
AcDbEntity
  8
ABF_cuttingLines
347
45
 62
     0
100
AcDbBlockReference
 66
     1
  2
Group154#1
 10
0.0
 20
0.0
 30
17.99999999999997
  0
ATTRIB
  5
EA6
330
EA5
100
AcDbEntity
  8
0
100
AcDbText
 10
0.0
 20
0.0
 30
0.0
 40
1.0
  1
_ABF_cuttingLines
100
AcDbAttribute
  2
Skp_GroupInstanceName
 70
     0
280
     0
  0
SEQEND
  5
EA7
330
EA5
100
AcDbEntity
  8
ABF_cuttingLines
347
45
 62
     0
  0
INSERT
  5
EA8
330
1B5
100
AcDbEntity
  8
ABF_edgeBanding
347
45
 62
     0
100
AcDbBlockReference
 66
     1
  2
Group155#1
 10
0.0
 20
0.0
 30
17.99999999999997
  0
ATTRIB
  5
EA9
330
EA8
100
AcDbEntity
  8
0
100
AcDbText
 10
0.0
 20
0.0
 30
0.0
 40
1.0
  1
_ABF_edgeBanding
100
AcDbAttribute
  2
Skp_GroupInstanceName
 70
     0
280
     0
  0
SEQEND
  5
EAA
330
EA8
100
AcDbEntity
  8
ABF_edgeBanding
347
45
 62
     0
  0
ENDBLK
  5
1B7
330
1B5
100
AcDbEntity
  8
0
100
AcDbBlockEnd
  0
BLOCK
  5
1B9
330
1B8
100
AcDbEntity
  8
0
100
AcDbBlockBegin
  2
_____#23
 70
     0
 10
0.0
 20
0.0
 30
0.0
  3
_____#23
  1

  0
POLYLINE
  5
EAB
330
1B8
100
AcDbEntity
  8
0
347
45
 62
     0
100
AcDbPolyFaceMesh
 66
     1
 10
0.0
 20
0.0
 30
0.0
 70
    64
 71
     4
 72
     2
1001
ACAD_MATERIAL_MAPPER
1070
     1
1070
     1
1070
     1
1011
0.0
1021
0.0000000000001052
1031
0.0
1011
-25.4
1021
0.0000000000001052
1031
0.0
1011
0.0
1021
25.40000000000011
1031
0.0
1011
0.0
1021
0.0000000000001052
1031
1.0
  0
VERTEX
  5
EAC
330
EAB
100
AcDbEntity
  8
0
 62
     0
100
AcDbVertex
100
AcDbPolyFaceMeshVertex
 10
-1.500000000000561
 20
756.5000000000038
 30
0.0
 70
   192
  0
VERTEX
  5
EAD
330
EAB
100
AcDbEntity
  8
0
 62
     0
100
AcDbVertex
100
AcDbPolyFaceMeshVertex
 10
-474.5000000000013
 20
1.50000000000002
 30
0.0
 70
   192
  0
VERTEX
  5
EAE
330
EAB
100
AcDbEntity
  8
0
 62
     0
100
AcDbVertex
100
AcDbPolyFaceMeshVertex
 10
-474.5000000000013
 20
756.5000000000038
 30
0.0
 70
   192
  0
VERTEX
  5
EAF
330
EAB
100
AcDbEntity
  8
0
 62
     0
100
AcDbVertex
100
AcDbPolyFaceMeshVertex
 10
-1.500000000000561
 20
1.50000000000002
 30
0.0
 70
   192
  0
VERTEX
  5
EB0
330
EAB
100
AcDbEntity
  8
0
 62
     0
100
AcDbFaceRecord
 10
0.0
 20
0.0
 30
0.0
 70
   128
 71
    -1
 72
     2
 73
     3
  0
VERTEX
  5
EB1
330
EAB
100
AcDbEntity
  8
0
 62
     0
100
AcDbFaceRecord
 10
0.0
 20
0.0
 30
0.0
 70
   128
 71
    -2
 72
     1
 73
     4
  0
SEQEND
  5
EB2
330
EAB
100
AcDbEntity
  8
0
347
45
 62
     0
  0
LINE
  5
EB3
330
1B8
100
AcDbEntity
  8
0
347
45
 62
     0
100
AcDbLine
 10
-1.500000000000561
 20
756.5000000000038
 30
0.0
 11
-474.5000000000013
 21
756.5000000000038
 31
0.0
  0
LINE
  5
EB4
330
1B8
100
AcDbEntity
  8
0
347
45
 62
     0
100
AcDbLine
 10
-1.500000000000561
 20
1.50000000000002
 30
0.0
 11
-1.500000000000561
 21
756.5000000000038
 31
0.0
  0
LINE
  5
EB5
330
1B8
100
AcDbEntity
  8
0
347
45
 62
     0
100
AcDbLine
 10
-474.5000000000013
 20
1.50000000000002
 30
0.0
 11
-1.500000000000561
 21
1.50000000000002
 31
0.0
  0
LINE
  5
EB6
330
1B8
100
AcDbEntity
  8
0
347
45
 62
     0
100
AcDbLine
 10
-474.5000000000013
 20
756.5000000000038
 30
0.0
 11
-474.5000000000013
 21
1.50000000000002
 31
0.0
  0
POLYLINE
  5
EB7
330
1B8
100
AcDbEntity
  8
0
347
E11
 62
     7
420
 16777215
100
AcDbPolyFaceMesh
 66
     1
 10
0.0
 20
0.0
 30
0.0
 70
    64
 71
     4
 72
     2
1001
ACAD_MATERIAL_MAPPER
1070
     1
1070
     1
1070
     1
1011
-0.0000000000000001
1021
-0.0000000000000001
1031
0.0
1011
25.4
1021
-0.0000000000000001
1031
0.0
1011
-0.0000000000000001
1021
25.4
1031
0.0
1011
-0.0000000000000001
1021
-0.0000000000000001
1031
1.0
  0
VERTEX
  5
EB8
330
EB7
100
AcDbEntity
  8
0
 62
     7
420
 16777215
100
AcDbVertex
100
AcDbPolyFaceMeshVertex
 10
-1.500000000000561
 20
1.50000000000002
 30
17.99999999999997
 70
   192
  0
VERTEX
  5
EB9
330
EB7
100
AcDbEntity
  8
0
 62
     7
420
 16777215
100
AcDbVertex
100
AcDbPolyFaceMeshVertex
 10
-474.5000000000013
 20
756.5000000000038
 30
17.99999999999997
 70
   192
  0
VERTEX
  5
EBA
330
EB7
100
AcDbEntity
  8
0
 62
     7
420
 16777215
100
AcDbVertex
100
AcDbPolyFaceMeshVertex
 10
-474.5000000000013
 20
1.50000000000002
 30
17.99999999999997
 70
   192
  0
VERTEX
  5
EBB
330
EB7
100
AcDbEntity
  8
0
 62
     7
420
 16777215
100
AcDbVertex
100
AcDbPolyFaceMeshVertex
 10
-1.500000000000561
 20
756.5000000000038
 30
17.99999999999997
 70
   192
  0
VERTEX
  5
EBC
330
EB7
100
AcDbEntity
  8
0
 62
     7
420
 16777215
100
AcDbFaceRecord
 10
0.0
 20
0.0
 30
0.0
 70
   128
 71
    -1
 72
     2
 73
     3
  0
VERTEX
  5
EBD
330
EB7
100
AcDbEntity
  8
0
 62
     7
420
 16777215
100
AcDbFaceRecord
 10
0.0
 20
0.0
 30
0.0
 70
   128
 71
    -2
 72
     1
 73
     4
  0
SEQEND
  5
EBE
330
EB7
100
AcDbEntity
  8
0
347
E11
 62
     7
420
 16777215
  0
LINE
  5
EBF
330
1B8
100
AcDbEntity
  8
0
347
45
 62
     0
100
AcDbLine
 10
-1.500000000000561
 20
756.5000000000038
 30
17.99999999999997
 11
-474.5000000000013
 21
756.5000000000038
 31
17.99999999999997
  0
LINE
  5
EC0
330
1B8
100
AcDbEntity
  8
0
347
45
 62
     0
100
AcDbLine
 10
-474.5000000000013
 20
756.5000000000038
 30
17.99999999999997
 11
-474.5000000000013
 21
1.50000000000002
 31
17.99999999999997
  0
LINE
  5
EC1
330
1B8
100
AcDbEntity
  8
0
347
45
 62
     0
100
AcDbLine
 10
-474.5000000000013
 20
1.50000000000002
 30
17.99999999999997
 11
-1.500000000000561
 21
1.50000000000002
 31
17.99999999999997
  0
LINE
  5
EC2
330
1B8
100
AcDbEntity
  8
0
347
45
 62
     0
100
AcDbLine
 10
-1.500000000000561
 20
1.50000000000002
 30
17.99999999999997
 11
-1.500000000000561
 21
756.5000000000038
 31
17.99999999999997
  0
POLYLINE
  5
EC3
330
1B8
100
AcDbEntity
  8
0
347
45
 62
     0
100
AcDbPolyFaceMesh
 66
     1
 10
0.0
 20
0.0
 30
0.0
 70
    64
 71
     4
 72
     2
1001
ACAD_MATERIAL_MAPPER
1070
     1
1070
     1
1070
     1
1011
-0.0000000000000005
1021
0.0
1031
0.0
1011
-25.4
1021
0.0
1031
0.0
1011
-0.0000000000000005
1021
0.0
1031
25.4
1011
-0.0000000000000005
1021
1.0
1031
0.0
  0
VERTEX
  5
EC4
330
EC3
100
AcDbEntity
  8
0
 62
     0
100
AcDbVertex
100
AcDbPolyFaceMeshVertex
 10
-474.5000000000013
 20
756.5000000000038
 30
17.99999999999997
 70
   192
  0
VERTEX
  5
EC5
330
EC3
100
AcDbEntity
  8
0
 62
     0
100
AcDbVertex
100
AcDbPolyFaceMeshVertex
 10
-1.500000000000561
 20
756.5000000000038
 30
0.0
 70
   192
  0
VERTEX
  5
EC6
330
EC3
100
AcDbEntity
  8
0
 62
     0
100
AcDbVertex
100
AcDbPolyFaceMeshVertex
 10
-474.5000000000013
 20
756.5000000000038
 30
0.0
 70
   192
  0
VERTEX
  5
EC7
330
EC3
100
AcDbEntity
  8
0
 62
     0
100
AcDbVertex
100
AcDbPolyFaceMeshVertex
 10
-1.500000000000561
 20
756.5000000000038
 30
17.99999999999997
 70
   192
  0
VERTEX
  5
EC8
330
EC3
100
AcDbEntity
  8
0
 62
     0
100
AcDbFaceRecord
 10
0.0
 20
0.0
 30
0.0
 70
   128
 71
    -1
 72
     2
 73
     3
  0
VERTEX
  5
EC9
330
EC3
100
AcDbEntity
  8
0
 62
     0
100
AcDbFaceRecord
 10
0.0
 20
0.0
 30
0.0
 70
   128
 71
    -2
 72
     1
 73
     4
  0
SEQEND
  5
ECA
330
EC3
100
AcDbEntity
  8
0
347
45
 62
     0
  0
LINE
  5
ECB
330
1B8
100
AcDbEntity
  8
0
347
45
 62
     0
100
AcDbLine
 10
-1.500000000000561
 20
756.5000000000038
 30
0.0
 11
-474.5000000000013
 21
756.5000000000038
 31
0.0
  0
LINE
  5
ECC
330
1B8
100
AcDbEntity
  8
0
347
45
 62
     0
100
AcDbLine
 10
-474.5000000000013
 20
756.5000000000038
 30
0.0
 11
-474.5000000000013
 21
756.5000000000038
 31
17.99999999999997
  0
LINE
  5
ECD
330
1B8
100
AcDbEntity
  8
0
347
45
 62
     0
100
AcDbLine
 10
-1.500000000000561
 20
756.5000000000038
 30
17.99999999999997
 11
-474.5000000000013
 21
756.5000000000038
 31
17.99999999999997
  0
LINE
  5
ECE
330
1B8
100
AcDbEntity
  8
0
347
45
 62
     0
100
AcDbLine
 10
-1.500000000000561
 20
756.5000000000038
 30
0.0
 11
-1.500000000000561
 21
756.5000000000038
 31
17.99999999999997
  0
POLYLINE
  5
ECF
330
1B8
100
AcDbEntity
  8
0
347
45
 62
     0
100
AcDbPolyFaceMesh
 66
     1
 10
0.0
 20
0.0
 30
0.0
 70
    64
 71
     4
 72
     2
1001
ACAD_MATERIAL_MAPPER
1070
     1
1070
     1
1070
     1
1011
0.0
1021
-0.0000000000000002
1031
0.0
1011
0.0
1021
-25.4
1031
0.0
1011
0.0
1021
-0.0000000000000002
1031
25.4
1011
1.0
1021
-0.0000000000000002
1031
0.0
  0
VERTEX
  5
ED0
330
ECF
100
AcDbEntity
  8
0
 62
     0
100
AcDbVertex
100
AcDbPolyFaceMeshVertex
 10
-474.5000000000013
 20
756.5000000000038
 30
17.99999999999997
 70
   192
  0
VERTEX
  5
ED1
330
ECF
100
AcDbEntity
  8
0
 62
     0
100
AcDbVertex
100
AcDbPolyFaceMeshVertex
 10
-474.5000000000013
 20
1.50000000000002
 30
0.0
 70
   192
  0
VERTEX
  5
ED2
330
ECF
100
AcDbEntity
  8
0
 62
     0
100
AcDbVertex
100
AcDbPolyFaceMeshVertex
 10
-474.5000000000013
 20
1.50000000000002
 30
17.99999999999997
 70
   192
  0
VERTEX
  5
ED3
330
ECF
100
AcDbEntity
  8
0
 62
     0
100
AcDbVertex
100
AcDbPolyFaceMeshVertex
 10
-474.5000000000013
 20
756.5000000000038
 30
0.0
 70
   192
  0
VERTEX
  5
ED4
330
ECF
100
AcDbEntity
  8
0
 62
     0
100
AcDbFaceRecord
 10
0.0
 20
0.0
 30
0.0
 70
   128
 71
    -1
 72
     2
 73
     3
  0
VERTEX
  5
ED5
330
ECF
100
AcDbEntity
  8
0
 62
     0
100
AcDbFaceRecord
 10
0.0
 20
0.0
 30
0.0
 70
   128
 71
    -2
 72
     1
 73
     4
  0
SEQEND
  5
ED6
330
ECF
100
AcDbEntity
  8
0
347
45
 62
     0
  0
LINE
  5
ED7
330
1B8
100
AcDbEntity
  8
0
347
45
 62
     0
100
AcDbLine
 10
-474.5000000000013
 20
756.5000000000038
 30
0.0
 11
-474.5000000000013
 21
1.50000000000002
 31
0.0
  0
LINE
  5
ED8
330
1B8
100
AcDbEntity
  8
0
347
45
 62
     0
100
AcDbLine
 10
-474.5000000000013
 20
1.50000000000002
 30
0.0
 11
-474.5000000000013
 21
1.50000000000002
 31
17.99999999999997
  0
LINE
  5
ED9
330
1B8
100
AcDbEntity
  8
0
347
45
 62
     0
100
AcDbLine
 10
-474.5000000000013
 20
756.5000000000038
 30
17.99999999999997
 11
-474.5000000000013
 21
1.50000000000002
 31
17.99999999999997
  0
LINE
  5
EDA
330
1B8
100
AcDbEntity
  8
0
347
45
 62
     0
100
AcDbLine
 10
-474.5000000000013
 20
756.5000000000038
 30
0.0
 11
-474.5000000000013
 21
756.5000000000038
 31
17.99999999999997
  0
POLYLINE
  5
EDB
330
1B8
100
AcDbEntity
  8
0
347
45
 62
     0
100
AcDbPolyFaceMesh
 66
     1
 10
0.0
 20
0.0
 30
0.0
 70
    64
 71
     4
 72
     2
1001
ACAD_MATERIAL_MAPPER
1070
     1
1070
     1
1070
     1
1011
-0.0000000000000005
1021
0.0
1031
0.0
1011
25.4
1021
0.0
1031
0.0
1011
-0.0000000000000005
1021
0.0
1031
25.4
1011
-0.0000000000000005
1021
1.0
1031
0.0
  0
VERTEX
  5
EDC
330
EDB
100
AcDbEntity
  8
0
 62
     0
100
AcDbVertex
100
AcDbPolyFaceMeshVertex
 10
-1.500000000000561
 20
1.50000000000002
 30
17.99999999999997
 70
   192
  0
VERTEX
  5
EDD
330
EDB
100
AcDbEntity
  8
0
 62
     0
100
AcDbVertex
100
AcDbPolyFaceMeshVertex
 10
-474.5000000000013
 20
1.50000000000002
 30
0.0
 70
   192
  0
VERTEX
  5
EDE
330
EDB
100
AcDbEntity
  8
0
 62
     0
100
AcDbVertex
100
AcDbPolyFaceMeshVertex
 10
-1.500000000000561
 20
1.50000000000002
 30
0.0
 70
   192
  0
VERTEX
  5
EDF
330
EDB
100
AcDbEntity
  8
0
 62
     0
100
AcDbVertex
100
AcDbPolyFaceMeshVertex
 10
-474.5000000000013
 20
1.50000000000002
 30
17.99999999999997
 70
   192
  0
VERTEX
  5
EE0
330
EDB
100
AcDbEntity
  8
0
 62
     0
100
AcDbFaceRecord
 10
0.0
 20
0.0
 30
0.0
 70
   128
 71
    -1
 72
     2
 73
     3
  0
VERTEX
  5
EE1
330
EDB
100
AcDbEntity
  8
0
 62
     0
100
AcDbFaceRecord
 10
0.0
 20
0.0
 30
0.0
 70
   128
 71
    -2
 72
     1
 73
     4
  0
SEQEND
  5
EE2
330
EDB
100
AcDbEntity
  8
0
347
45
 62
     0
  0
LINE
  5
EE3
330
1B8
100
AcDbEntity
  8
0
347
45
 62
     0
100
AcDbLine
 10
-474.5000000000013
 20
1.50000000000002
 30
0.0
 11
-1.500000000000561
 21
1.50000000000002
 31
0.0
  0
LINE
  5
EE4
330
1B8
100
AcDbEntity
  8
0
347
45
 62
     0
100
AcDbLine
 10
-1.500000000000561
 20
1.50000000000002
 30
0.0
 11
-1.500000000000561
 21
1.50000000000002
 31
17.99999999999997
  0
LINE
  5
EE5
330
1B8
100
AcDbEntity
  8
0
347
45
 62
     0
100
AcDbLine
 10
-474.5000000000013
 20
1.50000000000002
 30
17.99999999999997
 11
-1.500000000000561
 21
1.50000000000002
 31
17.99999999999997
  0
LINE
  5
EE6
330
1B8
100
AcDbEntity
  8
0
347
45
 62
     0
100
AcDbLine
 10
-474.5000000000013
 20
1.50000000000002
 30
0.0
 11
-474.5000000000013
 21
1.50000000000002
 31
17.99999999999997
  0
POLYLINE
  5
EE7
330
1B8
100
AcDbEntity
  8
0
347
45
 62
     0
100
AcDbPolyFaceMesh
 66
     1
 10
0.0
 20
0.0
 30
0.0
 70
    64
 71
     4
 72
     2
1001
ACAD_MATERIAL_MAPPER
1070
     1
1070
     1
1070
     1
1011
0.0
1021
-0.0000000000000002
1031
0.0
1011
0.0
1021
25.4
1031
0.0
1011
0.0
1021
-0.0000000000000002
1031
25.4
1011
1.0
1021
-0.0000000000000002
1031
0.0
  0
VERTEX
  5
EE8
330
EE7
100
AcDbEntity
  8
0
 62
     0
100
AcDbVertex
100
AcDbPolyFaceMeshVertex
 10
-1.500000000000561
 20
756.5000000000038
 30
0.0
 70
   192
  0
VERTEX
  5
EE9
330
EE7
100
AcDbEntity
  8
0
 62
     0
100
AcDbVertex
100
AcDbPolyFaceMeshVertex
 10
-1.500000000000561
 20
1.50000000000002
 30
17.99999999999997
 70
   192
  0
VERTEX
  5
EEA
330
EE7
100
AcDbEntity
  8
0
 62
     0
100
AcDbVertex
100
AcDbPolyFaceMeshVertex
 10
-1.500000000000561
 20
1.50000000000002
 30
0.0
 70
   192
  0
VERTEX
  5
EEB
330
EE7
100
AcDbEntity
  8
0
 62
     0
100
AcDbVertex
100
AcDbPolyFaceMeshVertex
 10
-1.500000000000561
 20
756.5000000000038
 30
17.99999999999997
 70
   192
  0
VERTEX
  5
EEC
330
EE7
100
AcDbEntity
  8
0
 62
     0
100
AcDbFaceRecord
 10
0.0
 20
0.0
 30
0.0
 70
   128
 71
    -1
 72
     2
 73
     3
  0
VERTEX
  5
EED
330
EE7
100
AcDbEntity
  8
0
 62
     0
100
AcDbFaceRecord
 10
0.0
 20
0.0
 30
0.0
 70
   128
 71
    -2
 72
     1
 73
     4
  0
SEQEND
  5
EEE
330
EE7
100
AcDbEntity
  8
0
347
45
 62
     0
  0
LINE
  5
EEF
330
1B8
100
AcDbEntity
  8
0
347
45
 62
     0
100
AcDbLine
 10
-1.500000000000561
 20
1.50000000000002
 30
0.0
 11
-1.500000000000561
 21
756.5000000000038
 31
0.0
  0
LINE
  5
EF0
330
1B8
100
AcDbEntity
  8
0
347
45
 62
     0
100
AcDbLine
 10
-1.500000000000561
 20
756.5000000000038
 30
0.0
 11
-1.500000000000561
 21
756.5000000000038
 31
17.99999999999997
  0
LINE
  5
EF1
330
1B8
100
AcDbEntity
  8
0
347
45
 62
     0
100
AcDbLine
 10
-1.500000000000561
 20
1.50000000000002
 30
17.99999999999997
 11
-1.500000000000561
 21
756.5000000000038
 31
17.99999999999997
  0
LINE
  5
EF2
330
1B8
100
AcDbEntity
  8
0
347
45
 62
     0
100
AcDbLine
 10
-1.500000000000561
 20
1.50000000000002
 30
0.0
 11
-1.500000000000561
 21
1.50000000000002
 31
17.99999999999997
  0
INSERT
  5
EF3
330
1B8
100
AcDbEntity
  8
0
347
45
 62
     0
100
AcDbBlockReference
 66
     1
  2
Group372#1
 10
-1.5000000000002
 20
101.5
 30
17.99999999999997
 50
180.0
  0
ATTRIB
  5
EF4
330
EF3
100
AcDbEntity
  8
0
100
AcDbText
 10
0.0
 20
0.0
 30
0.0
 40
1.0
  1
_ABF_hingeCup
100
AcDbAttribute
  2
Skp_GroupInstanceName
 70
     0
280
     0
  0
SEQEND
  5
EF5
330
EF3
100
AcDbEntity
  8
0
347
45
 62
     0
  0
INSERT
  5
EF6
330
1B8
100
AcDbEntity
  8
0
347
45
 62
     0
100
AcDbBlockReference
 66
     1
  2
Group374#1
 10
-1.500000000000561
 20
656.5000000000038
 30
17.99999999999997
 50
180.0
  0
ATTRIB
  5
EF7
330
EF6
100
AcDbEntity
  8
0
100
AcDbText
 10
0.0
 20
0.0
 30
0.0
 40
1.0
  1
_ABF_hingeCup
100
AcDbAttribute
  2
Skp_GroupInstanceName
 70
     0
280
     0
  0
SEQEND
  5
EF8
330
EF6
100
AcDbEntity
  8
0
347
45
 62
     0
  0
INSERT
  5
EF9
330
1B8
100
AcDbEntity
  8
ABF_Label
347
45
 62
     0
100
AcDbBlockReference
 66
     1
  2
Group143#1
 10
-238.0000000000009
 20
379.0000000000019
 30
17.99999999999997
 41
1.574803149606299
 42
1.574803149606299
 50
90.0
  0
ATTRIB
  5
EFA
330
EF9
100
AcDbEntity
  8
0
100
AcDbText
 10
0.0
 20
0.0
 30
0.0
 40
1.0
  1
_ABF_Label
100
AcDbAttribute
  2
Skp_GroupInstanceName
 70
     0
280
     0
  0
SEQEND
  5
EFB
330
EF9
100
AcDbEntity
  8
ABF_Label
347
45
 62
     0
  0
INSERT
  5
EFC
330
1B8
100
AcDbEntity
  8
ABF_cuttingLines
347
45
 62
     0
100
AcDbBlockReference
 66
     1
  2
Group156#1
 10
0.0
 20
0.0
 30
17.99999999999997
  0
ATTRIB
  5
EFD
330
EFC
100
AcDbEntity
  8
0
100
AcDbText
 10
0.0
 20
0.0
 30
0.0
 40
1.0
  1
_ABF_cuttingLines
100
AcDbAttribute
  2
Skp_GroupInstanceName
 70
     0
280
     0
  0
SEQEND
  5
EFE
330
EFC
100
AcDbEntity
  8
ABF_cuttingLines
347
45
 62
     0
  0
INSERT
  5
EFF
330
1B8
100
AcDbEntity
  8
ABF_edgeBanding
347
45
 62
     0
100
AcDbBlockReference
 66
     1
  2
Group157#1
 10
0.0
 20
0.0
 30
17.99999999999997
  0
ATTRIB
  5
F00
330
EFF
100
AcDbEntity
  8
0
100
AcDbText
 10
0.0
 20
0.0
 30
0.0
 40
1.0
  1
_ABF_edgeBanding
100
AcDbAttribute
  2
Skp_GroupInstanceName
 70
     0
280
     0
  0
SEQEND
  5
F01
330
EFF
100
AcDbEntity
  8
ABF_edgeBanding
347
45
 62
     0
  0
ENDBLK
  5
1BA
330
1B8
100
AcDbEntity
  8
0
100
AcDbBlockEnd
  0
BLOCK
  5
1BC
330
1BB
100
AcDbEntity
  8
0
100
AcDbBlockBegin
  2
_____#31
 70
     0
 10
0.0
 20
0.0
 30
0.0
  3
_____#31
  1

  0
POLYLINE
  5
F02
330
1BB
100
AcDbEntity
  8
0
347
45
 62
     0
100
AcDbPolyFaceMesh
 66
     1
 10
0.0
 20
0.0
 30
0.0
 70
    64
 71
     4
 72
     2
1001
ACAD_MATERIAL_MAPPER
1070
     1
1070
     1
1070
     1
1011
0.0
1021
-0.0000000000000007
1031
0.0
1011
-25.4
1021
-0.0000000000000009
1031
0.0
1011
0.0000000000000028
1021
25.4
1031
0.0
1011
0.0
1021
-0.0000000000000007
1031
1.0
  0
VERTEX
  5
F03
330
F02
100
AcDbEntity
  8
0
 62
     0
100
AcDbVertex
100
AcDbPolyFaceMeshVertex
 10
-370.0000000000041
 20
618.0
 30
0.0
 70
   192
  0
VERTEX
  5
F04
330
F02
100
AcDbEntity
  8
0
 62
     0
100
AcDbVertex
100
AcDbPolyFaceMeshVertex
 10
-18.00000000000011
 20
17.99999999999997
 30
0.0
 70
   192
  0
VERTEX
  5
F05
330
F02
100
AcDbEntity
  8
0
 62
     0
100
AcDbVertex
100
AcDbPolyFaceMeshVertex
 10
-370.0000000000041
 20
17.99999999999999
 30
0.0
 70
   192
  0
VERTEX
  5
F06
330
F02
100
AcDbEntity
  8
0
 62
     0
100
AcDbVertex
100
AcDbPolyFaceMeshVertex
 10
-18.00000000000007
 20
618.0
 30
0.0
 70
   192
  0
VERTEX
  5
F07
330
F02
100
AcDbEntity
  8
0
 62
     0
100
AcDbFaceRecord
 10
0.0
 20
0.0
 30
0.0
 70
   128
 71
    -1
 72
     2
 73
     3
  0
VERTEX
  5
F08
330
F02
100
AcDbEntity
  8
0
 62
     0
100
AcDbFaceRecord
 10
0.0
 20
0.0
 30
0.0
 70
   128
 71
    -2
 72
     1
 73
     4
  0
SEQEND
  5
F09
330
F02
100
AcDbEntity
  8
0
347
45
 62
     0
  0
LINE
  5
F0A
330
1BB
100
AcDbEntity
  8
0
347
45
 62
     0
100
AcDbLine
 10
-18.00000000000011
 20
17.99999999999997
 30
0.0
 11
-18.00000000000007
 21
618.0
 31
0.0
  0
LINE
  5
F0B
330
1BB
100
AcDbEntity
  8
0
347
45
 62
     0
100
AcDbLine
 10
-370.0000000000041
 20
17.99999999999999
 30
0.0
 11
-18.00000000000011
 21
17.99999999999997
 31
0.0
  0
LINE
  5
F0C
330
1BB
100
AcDbEntity
  8
0
347
45
 62
     0
100
AcDbLine
 10
-370.0000000000041
 20
618.0
 30
0.0
 11
-370.0000000000041
 21
17.99999999999999
 31
0.0
  0
LINE
  5
F0D
330
1BB
100
AcDbEntity
  8
0
347
45
 62
     0
100
AcDbLine
 10
-18.00000000000007
 20
618.0
 30
0.0
 11
-370.0000000000041
 21
618.0
 31
0.0
  0
POLYLINE
  5
F0E
330
1BB
100
AcDbEntity
  8
0
347
E11
 62
     7
420
 16777215
100
AcDbPolyFaceMesh
 66
     1
 10
0.0
 20
0.0
 30
0.0
 70
    64
 71
     4
 72
     2
1001
ACAD_MATERIAL_MAPPER
1070
     1
1070
     1
1070
     1
1011
0.0
1021
-0.0000000000000007
1031
0.0
1011
25.4
1021
-0.0000000000000005
1031
0.0
1011
0.0000000000000028
1021
25.4
1031
0.0
1011
0.0
1021
-0.0000000000000007
1031
1.0
  0
VERTEX
  5
F0F
330
F0E
100
AcDbEntity
  8
0
 62
     7
420
 16777215
100
AcDbVertex
100
AcDbPolyFaceMeshVertex
 10
-18.00000000000011
 20
17.99999999999997
 30
18.00000000000024
 70
   192
  0
VERTEX
  5
F10
330
F0E
100
AcDbEntity
  8
0
 62
     7
420
 16777215
100
AcDbVertex
100
AcDbPolyFaceMeshVertex
 10
-370.0000000000041
 20
618.0
 30
18.00000000000024
 70
   192
  0
VERTEX
  5
F11
330
F0E
100
AcDbEntity
  8
0
 62
     7
420
 16777215
100
AcDbVertex
100
AcDbPolyFaceMeshVertex
 10
-370.0000000000041
 20
17.99999999999999
 30
18.00000000000024
 70
   192
  0
VERTEX
  5
F12
330
F0E
100
AcDbEntity
  8
0
 62
     7
420
 16777215
100
AcDbVertex
100
AcDbPolyFaceMeshVertex
 10
-18.00000000000007
 20
618.0
 30
18.00000000000024
 70
   192
  0
VERTEX
  5
F13
330
F0E
100
AcDbEntity
  8
0
 62
     7
420
 16777215
100
AcDbFaceRecord
 10
0.0
 20
0.0
 30
0.0
 70
   128
 71
    -1
 72
     2
 73
     3
  0
VERTEX
  5
F14
330
F0E
100
AcDbEntity
  8
0
 62
     7
420
 16777215
100
AcDbFaceRecord
 10
0.0
 20
0.0
 30
0.0
 70
   128
 71
    -2
 72
     1
 73
     4
  0
SEQEND
  5
F15
330
F0E
100
AcDbEntity
  8
0
347
E11
 62
     7
420
 16777215
  0
LINE
  5
F16
330
1BB
100
AcDbEntity
  8
0
347
45
 62
     0
100
AcDbLine
 10
-18.00000000000011
 20
17.99999999999997
 30
18.00000000000024
 11
-18.00000000000007
 21
618.0
 31
18.00000000000024
  0
LINE
  5
F17
330
1BB
100
AcDbEntity
  8
0
347
45
 62
     0
100
AcDbLine
 10
-18.00000000000007
 20
618.0
 30
18.00000000000024
 11
-370.0000000000041
 21
618.0
 31
18.00000000000024
  0
LINE
  5
F18
330
1BB
100
AcDbEntity
  8
0
347
45
 62
     0
100
AcDbLine
 10
-370.0000000000041
 20
618.0
 30
18.00000000000024
 11
-370.0000000000041
 21
17.99999999999999
 31
18.00000000000024
  0
LINE
  5
F19
330
1BB
100
AcDbEntity
  8
0
347
45
 62
     0
100
AcDbLine
 10
-370.0000000000041
 20
17.99999999999999
 30
18.00000000000024
 11
-18.00000000000011
 21
17.99999999999997
 31
18.00000000000024
  0
POLYLINE
  5
F1A
330
1BB
100
AcDbEntity
  8
0
347
45
 62
     0
100
AcDbPolyFaceMesh
 66
     1
 10
0.0
 20
0.0
 30
0.0
 70
    64
 71
     4
 72
     2
1001
ACAD_MATERIAL_MAPPER
1070
     1
1070
     1
1070
     1
1011
0.0
1021
0.0
1031
0.0
1011
0.0
1021
25.4
1031
0.0
1011
0.0
1021
0.0
1031
25.4
1011
1.0
1021
0.0
1031
0.0
  0
VERTEX
  5
F1B
330
F1A
100
AcDbEntity
  8
0
 62
     0
100
AcDbVertex
100
AcDbPolyFaceMeshVertex
 10
-18.00000000000007
 20
618.0
 30
0.0
 70
   192
  0
VERTEX
  5
F1C
330
F1A
100
AcDbEntity
  8
0
 62
     0
100
AcDbVertex
100
AcDbPolyFaceMeshVertex
 10
-18.00000000000011
 20
17.99999999999997
 30
18.00000000000024
 70
   192
  0
VERTEX
  5
F1D
330
F1A
100
AcDbEntity
  8
0
 62
     0
100
AcDbVertex
100
AcDbPolyFaceMeshVertex
 10
-18.00000000000011
 20
17.99999999999997
 30
0.0
 70
   192
  0
VERTEX
  5
F1E
330
F1A
100
AcDbEntity
  8
0
 62
     0
100
AcDbVertex
100
AcDbPolyFaceMeshVertex
 10
-18.00000000000007
 20
618.0
 30
18.00000000000024
 70
   192
  0
VERTEX
  5
F1F
330
F1A
100
AcDbEntity
  8
0
 62
     0
100
AcDbFaceRecord
 10
0.0
 20
0.0
 30
0.0
 70
   128
 71
    -1
 72
     2
 73
     3
  0
VERTEX
  5
F20
330
F1A
100
AcDbEntity
  8
0
 62
     0
100
AcDbFaceRecord
 10
0.0
 20
0.0
 30
0.0
 70
   128
 71
    -2
 72
     1
 73
     4
  0
SEQEND
  5
F21
330
F1A
100
AcDbEntity
  8
0
347
45
 62
     0
  0
LINE
  5
F22
330
1BB
100
AcDbEntity
  8
0
347
45
 62
     0
100
AcDbLine
 10
-18.00000000000011
 20
17.99999999999997
 30
0.0
 11
-18.00000000000007
 21
618.0
 31
0.0
  0
LINE
  5
F23
330
1BB
100
AcDbEntity
  8
0
347
45
 62
     0
100
AcDbLine
 10
-18.00000000000007
 20
618.0
 30
0.0
 11
-18.00000000000007
 21
618.0
 31
18.00000000000024
  0
LINE
  5
F24
330
1BB
100
AcDbEntity
  8
0
347
45
 62
     0
100
AcDbLine
 10
-18.00000000000011
 20
17.99999999999997
 30
18.00000000000024
 11
-18.00000000000007
 21
618.0
 31
18.00000000000024
  0
LINE
  5
F25
330
1BB
100
AcDbEntity
  8
0
347
45
 62
     0
100
AcDbLine
 10
-18.00000000000011
 20
17.99999999999997
 30
0.0
 11
-18.00000000000011
 21
17.99999999999997
 31
18.00000000000024
  0
POLYLINE
  5
F26
330
1BB
100
AcDbEntity
  8
0
347
45
 62
     0
100
AcDbPolyFaceMesh
 66
     1
 10
0.0
 20
0.0
 30
0.0
 70
    64
 71
     4
 72
     2
1001
ACAD_MATERIAL_MAPPER
1070
     1
1070
     1
1070
     1
1011
0.0000000000000347
1021
0.0
1031
0.0
1011
-25.39999999999996
1021
0.0
1031
0.0
1011
0.0000000000000347
1021
0.0
1031
25.4
1011
0.0000000000000347
1021
1.0
1031
0.0
  0
VERTEX
  5
F27
330
F26
100
AcDbEntity
  8
0
 62
     0
100
AcDbVertex
100
AcDbPolyFaceMeshVertex
 10
-370.0000000000041
 20
618.0
 30
18.00000000000024
 70
   192
  0
VERTEX
  5
F28
330
F26
100
AcDbEntity
  8
0
 62
     0
100
AcDbVertex
100
AcDbPolyFaceMeshVertex
 10
-18.00000000000007
 20
618.0
 30
0.0
 70
   192
  0
VERTEX
  5
F29
330
F26
100
AcDbEntity
  8
0
 62
     0
100
AcDbVertex
100
AcDbPolyFaceMeshVertex
 10
-370.0000000000041
 20
618.0
 30
0.0
 70
   192
  0
VERTEX
  5
F2A
330
F26
100
AcDbEntity
  8
0
 62
     0
100
AcDbVertex
100
AcDbPolyFaceMeshVertex
 10
-18.00000000000007
 20
618.0
 30
18.00000000000024
 70
   192
  0
VERTEX
  5
F2B
330
F26
100
AcDbEntity
  8
0
 62
     0
100
AcDbFaceRecord
 10
0.0
 20
0.0
 30
0.0
 70
   128
 71
    -1
 72
     2
 73
     3
  0
VERTEX
  5
F2C
330
F26
100
AcDbEntity
  8
0
 62
     0
100
AcDbFaceRecord
 10
0.0
 20
0.0
 30
0.0
 70
   128
 71
    -2
 72
     1
 73
     4
  0
SEQEND
  5
F2D
330
F26
100
AcDbEntity
  8
0
347
45
 62
     0
  0
LINE
  5
F2E
330
1BB
100
AcDbEntity
  8
0
347
45
 62
     0
100
AcDbLine
 10
-18.00000000000007
 20
618.0
 30
0.0
 11
-370.0000000000041
 21
618.0
 31
0.0
  0
LINE
  5
F2F
330
1BB
100
AcDbEntity
  8
0
347
45
 62
     0
100
AcDbLine
 10
-370.0000000000041
 20
618.0
 30
0.0
 11
-370.0000000000041
 21
618.0
 31
18.00000000000024
  0
LINE
  5
F30
330
1BB
100
AcDbEntity
  8
0
347
45
 62
     0
100
AcDbLine
 10
-18.00000000000007
 20
618.0
 30
18.00000000000024
 11
-370.0000000000041
 21
618.0
 31
18.00000000000024
  0
LINE
  5
F31
330
1BB
100
AcDbEntity
  8
0
347
45
 62
     0
100
AcDbLine
 10
-18.00000000000007
 20
618.0
 30
0.0
 11
-18.00000000000007
 21
618.0
 31
18.00000000000024
  0
POLYLINE
  5
F32
330
1BB
100
AcDbEntity
  8
0
347
45
 62
     0
100
AcDbPolyFaceMesh
 66
     1
 10
0.0
 20
0.0
 30
0.0
 70
    64
 71
     4
 72
     2
1001
ACAD_MATERIAL_MAPPER
1070
     1
1070
     1
1070
     1
1011
0.0
1021
0.0000000000000225
1031
0.0
1011
0.0
1021
-25.39999999999998
1031
0.0
1011
0.0
1021
0.0000000000000225
1031
25.4
1011
1.0
1021
0.0000000000000225
1031
0.0
  0
VERTEX
  5
F33
330
F32
100
AcDbEntity
  8
0
 62
     0
100
AcDbVertex
100
AcDbPolyFaceMeshVertex
 10
-370.0000000000041
 20
618.0
 30
18.00000000000024
 70
   192
  0
VERTEX
  5
F34
330
F32
100
AcDbEntity
  8
0
 62
     0
100
AcDbVertex
100
AcDbPolyFaceMeshVertex
 10
-370.0000000000041
 20
17.99999999999999
 30
0.0
 70
   192
  0
VERTEX
  5
F35
330
F32
100
AcDbEntity
  8
0
 62
     0
100
AcDbVertex
100
AcDbPolyFaceMeshVertex
 10
-370.0000000000041
 20
17.99999999999999
 30
18.00000000000024
 70
   192
  0
VERTEX
  5
F36
330
F32
100
AcDbEntity
  8
0
 62
     0
100
AcDbVertex
100
AcDbPolyFaceMeshVertex
 10
-370.0000000000041
 20
618.0
 30
0.0
 70
   192
  0
VERTEX
  5
F37
330
F32
100
AcDbEntity
  8
0
 62
     0
100
AcDbFaceRecord
 10
0.0
 20
0.0
 30
0.0
 70
   128
 71
    -1
 72
     2
 73
     3
  0
VERTEX
  5
F38
330
F32
100
AcDbEntity
  8
0
 62
     0
100
AcDbFaceRecord
 10
0.0
 20
0.0
 30
0.0
 70
   128
 71
    -2
 72
     1
 73
     4
  0
SEQEND
  5
F39
330
F32
100
AcDbEntity
  8
0
347
45
 62
     0
  0
LINE
  5
F3A
330
1BB
100
AcDbEntity
  8
0
347
45
 62
     0
100
AcDbLine
 10
-370.0000000000041
 20
618.0
 30
0.0
 11
-370.0000000000041
 21
17.99999999999999
 31
0.0
  0
LINE
  5
F3B
330
1BB
100
AcDbEntity
  8
0
347
45
 62
     0
100
AcDbLine
 10
-370.0000000000041
 20
17.99999999999999
 30
0.0
 11
-370.0000000000041
 21
17.99999999999999
 31
18.00000000000024
  0
LINE
  5
F3C
330
1BB
100
AcDbEntity
  8
0
347
45
 62
     0
100
AcDbLine
 10
-370.0000000000041
 20
618.0
 30
18.00000000000024
 11
-370.0000000000041
 21
17.99999999999999
 31
18.00000000000024
  0
LINE
  5
F3D
330
1BB
100
AcDbEntity
  8
0
347
45
 62
     0
100
AcDbLine
 10
-370.0000000000041
 20
618.0
 30
0.0
 11
-370.0000000000041
 21
618.0
 31
18.00000000000024
  0
POLYLINE
  5
F3E
330
1BB
100
AcDbEntity
  8
0
347
45
 62
     0
100
AcDbPolyFaceMesh
 66
     1
 10
0.0
 20
0.0
 30
0.0
 70
    64
 71
     4
 72
     2
1001
ACAD_MATERIAL_MAPPER
1070
     1
1070
     1
1070
     1
1011
0.0
1021
0.0
1031
0.0
1011
25.4
1021
0.0
1031
0.0
1011
0.0
1021
0.0
1031
25.4
1011
0.0
1021
1.0
1031
0.0
  0
VERTEX
  5
F3F
330
F3E
100
AcDbEntity
  8
0
 62
     0
100
AcDbVertex
100
AcDbPolyFaceMeshVertex
 10
-18.00000000000011
 20
17.99999999999997
 30
18.00000000000024
 70
   192
  0
VERTEX
  5
F40
330
F3E
100
AcDbEntity
  8
0
 62
     0
100
AcDbVertex
100
AcDbPolyFaceMeshVertex
 10
-370.0000000000041
 20
17.99999999999999
 30
0.0
 70
   192
  0
VERTEX
  5
F41
330
F3E
100
AcDbEntity
  8
0
 62
     0
100
AcDbVertex
100
AcDbPolyFaceMeshVertex
 10
-18.00000000000011
 20
17.99999999999997
 30
0.0
 70
   192
  0
VERTEX
  5
F42
330
F3E
100
AcDbEntity
  8
0
 62
     0
100
AcDbVertex
100
AcDbPolyFaceMeshVertex
 10
-370.0000000000041
 20
17.99999999999999
 30
18.00000000000024
 70
   192
  0
VERTEX
  5
F43
330
F3E
100
AcDbEntity
  8
0
 62
     0
100
AcDbFaceRecord
 10
0.0
 20
0.0
 30
0.0
 70
   128
 71
    -1
 72
     2
 73
     3
  0
VERTEX
  5
F44
330
F3E
100
AcDbEntity
  8
0
 62
     0
100
AcDbFaceRecord
 10
0.0
 20
0.0
 30
0.0
 70
   128
 71
    -2
 72
     1
 73
     4
  0
SEQEND
  5
F45
330
F3E
100
AcDbEntity
  8
0
347
45
 62
     0
  0
LINE
  5
F46
330
1BB
100
AcDbEntity
  8
0
347
45
 62
     0
100
AcDbLine
 10
-370.0000000000041
 20
17.99999999999999
 30
0.0
 11
-18.00000000000011
 21
17.99999999999997
 31
0.0
  0
LINE
  5
F47
330
1BB
100
AcDbEntity
  8
0
347
45
 62
     0
100
AcDbLine
 10
-18.00000000000011
 20
17.99999999999997
 30
0.0
 11
-18.00000000000011
 21
17.99999999999997
 31
18.00000000000024
  0
LINE
  5
F48
330
1BB
100
AcDbEntity
  8
0
347
45
 62
     0
100
AcDbLine
 10
-370.0000000000041
 20
17.99999999999999
 30
18.00000000000024
 11
-18.00000000000011
 21
17.99999999999997
 31
18.00000000000024
  0
LINE
  5
F49
330
1BB
100
AcDbEntity
  8
0
347
45
 62
     0
100
AcDbLine
 10
-370.0000000000041
 20
17.99999999999999
 30
0.0
 11
-370.0000000000041
 21
17.99999999999999
 31
18.00000000000024
  0
INSERT
  5
F4A
330
1BB
100
AcDbEntity
  8
0
347
45
 62
     0
100
AcDbBlockReference
 66
     1
  2
Group356#1
 10
-18.00000000000011
 20
67.99999999999997
 30
18.00000000000024
 50
90.0
  0
ATTRIB
  5
F4B
330
F4A
100
AcDbEntity
  8
0
100
AcDbText
 10
0.0
 20
0.0
 30
0.0
 40
1.0
  1
_ABF_sideDrill
100
AcDbAttribute
  2
Skp_GroupInstanceName
 70
     0
280
     0
  0
SEQEND
  5
F4C
330
F4A
100
AcDbEntity
  8
0
347
45
 62
     0
  0
INSERT
  5
F4D
330
1BB
100
AcDbEntity
  8
0
347
45
 62
     0
100
AcDbBlockReference
 66
     1
  2
Group357#1
 10
-18.00000000000011
 20
67.99999999999997
 30
18.00000000000024
 50
90.0
  0
ATTRIB
  5
F4E
330
F4D
100
AcDbEntity
  8
0
100
AcDbText
 10
0.0
 20
0.0
 30
0.0
 40
1.0
  1
_ABF_sideDrillDepth
100
AcDbAttribute
  2
Skp_GroupInstanceName
 70
     0
280
     0
  0
SEQEND
  5
F4F
330
F4D
100
AcDbEntity
  8
0
347
45
 62
     0
  0
INSERT
  5
F50
330
1BB
100
AcDbEntity
  8
0
347
45
 62
     0
100
AcDbBlockReference
 66
     1
  2
Group360#1
 10
-18.00000000000008
 20
568.0
 30
18.00000000000024
 50
90.0
  0
ATTRIB
  5
F51
330
F50
100
AcDbEntity
  8
0
100
AcDbText
 10
0.0
 20
0.0
 30
0.0
 40
1.0
  1
_ABF_sideDrill
100
AcDbAttribute
  2
Skp_GroupInstanceName
 70
     0
280
     0
  0
SEQEND
  5
F52
330
F50
100
AcDbEntity
  8
0
347
45
 62
     0
  0
INSERT
  5
F53
330
1BB
100
AcDbEntity
  8
0
347
45
 62
     0
100
AcDbBlockReference
 66
     1
  2
Group361#1
 10
-18.00000000000008
 20
568.0
 30
18.00000000000024
 50
90.0
  0
ATTRIB
  5
F54
330
F53
100
AcDbEntity
  8
0
100
AcDbText
 10
0.0
 20
0.0
 30
0.0
 40
1.0
  1
_ABF_sideDrillDepth
100
AcDbAttribute
  2
Skp_GroupInstanceName
 70
     0
280
     0
  0
SEQEND
  5
F55
330
F53
100
AcDbEntity
  8
0
347
45
 62
     0
  0
INSERT
  5
F56
330
1BB
100
AcDbEntity
  8
0
347
45
 62
     0
100
AcDbBlockReference
 66
     1
  2
Group364#1
 10
-370.0000000000002
 20
67.99999999999999
 30
18.00000000000024
 50
90.0
  0
ATTRIB
  5
F57
330
F56
100
AcDbEntity
  8
0
100
AcDbText
 10
0.0
 20
0.0
 30
0.0
 40
1.0
  1
_ABF_sideDrill
100
AcDbAttribute
  2
Skp_GroupInstanceName
 70
     0
280
     0
  0
SEQEND
  5
F58
330
F56
100
AcDbEntity
  8
0
347
45
 62
     0
  0
INSERT
  5
F59
330
1BB
100
AcDbEntity
  8
0
347
45
 62
     0
100
AcDbBlockReference
 66
     1
  2
Group365#1
 10
-370.0000000000002
 20
67.99999999999999
 30
18.00000000000024
 50
90.0
  0
ATTRIB
  5
F5A
330
F59
100
AcDbEntity
  8
0
100
AcDbText
 10
0.0
 20
0.0
 30
0.0
 40
1.0
  1
_ABF_sideDrillDepth
100
AcDbAttribute
  2
Skp_GroupInstanceName
 70
     0
280
     0
  0
SEQEND
  5
F5B
330
F59
100
AcDbEntity
  8
0
347
45
 62
     0
  0
INSERT
  5
F5C
330
1BB
100
AcDbEntity
  8
0
347
45
 62
     0
100
AcDbBlockReference
 66
     1
  2
Group368#1
 10
-370.0000000000001
 20
568.0
 30
18.00000000000024
 50
90.0
  0
ATTRIB
  5
F5D
330
F5C
100
AcDbEntity
  8
0
100
AcDbText
 10
0.0
 20
0.0
 30
0.0
 40
1.0
  1
_ABF_sideDrill
100
AcDbAttribute
  2
Skp_GroupInstanceName
 70
     0
280
     0
  0
SEQEND
  5
F5E
330
F5C
100
AcDbEntity
  8
0
347
45
 62
     0
  0
INSERT
  5
F5F
330
1BB
100
AcDbEntity
  8
0
347
45
 62
     0
100
AcDbBlockReference
 66
     1
  2
Group369#1
 10
-370.0000000000001
 20
568.0
 30
18.00000000000024
 50
90.0
  0
ATTRIB
  5
F60
330
F5F
100
AcDbEntity
  8
0
100
AcDbText
 10
0.0
 20
0.0
 30
0.0
 40
1.0
  1
_ABF_sideDrillDepth
100
AcDbAttribute
  2
Skp_GroupInstanceName
 70
     0
280
     0
  0
SEQEND
  5
F61
330
F5F
100
AcDbEntity
  8
0
347
45
 62
     0
  0
INSERT
  5
F62
330
1BB
100
AcDbEntity
  8
0
347
45
 62
     0
100
AcDbBlockReference
 66
     1
  2
Group367#2
 10
-18.00000000000009
 20
317.9999999999999
 30
18.00000000000024
 50
90.0
  0
ATTRIB
  5
F63
330
F62
100
AcDbEntity
  8
0
100
AcDbText
 10
0.0
 20
0.0
 30
0.0
 40
1.0
  1
_ABF_sideDrill
100
AcDbAttribute
  2
Skp_GroupInstanceName
 70
     0
280
     0
  0
SEQEND
  5
F64
330
F62
100
AcDbEntity
  8
0
347
45
 62
     0
  0
INSERT
  5
F65
330
1BB
100
AcDbEntity
  8
0
347
45
 62
     0
100
AcDbBlockReference
 66
     1
  2
Group368#2
 10
-18.00000000000009
 20
317.9999999999999
 30
18.00000000000024
 50
90.0
  0
ATTRIB
  5
F66
330
F65
100
AcDbEntity
  8
0
100
AcDbText
 10
0.0
 20
0.0
 30
0.0
 40
1.0
  1
_ABF_sideDrillDepth
100
AcDbAttribute
  2
Skp_GroupInstanceName
 70
     0
280
     0
  0
SEQEND
  5
F67
330
F65
100
AcDbEntity
  8
0
347
45
 62
     0
  0
INSERT
  5
F68
330
1BB
100
AcDbEntity
  8
0
347
45
 62
     0
100
AcDbBlockReference
 66
     1
  2
Group370#1
 10
-370.0000000000002
 20
318.0
 30
18.00000000000024
 50
90.0
  0
ATTRIB
  5
F69
330
F68
100
AcDbEntity
  8
0
100
AcDbText
 10
0.0
 20
0.0
 30
0.0
 40
1.0
  1
_ABF_sideDrill
100
AcDbAttribute
  2
Skp_GroupInstanceName
 70
     0
280
     0
  0
SEQEND
  5
F6A
330
F68
100
AcDbEntity
  8
0
347
45
 62
     0
  0
INSERT
  5
F6B
330
1BB
100
AcDbEntity
  8
0
347
45
 62
     0
100
AcDbBlockReference
 66
     1
  2
Group371#1
 10
-370.0000000000002
 20
318.0
 30
18.00000000000024
 50
90.0
  0
ATTRIB
  5
F6C
330
F6B
100
AcDbEntity
  8
0
100
AcDbText
 10
0.0
 20
0.0
 30
0.0
 40
1.0
  1
_ABF_sideDrillDepth
100
AcDbAttribute
  2
Skp_GroupInstanceName
 70
     0
280
     0
  0
SEQEND
  5
F6D
330
F6B
100
AcDbEntity
  8
0
347
45
 62
     0
  0
INSERT
  5
F6E
330
1BB
100
AcDbEntity
  8
ABF_Label
347
45
 62
     0
100
AcDbBlockReference
 66
     1
  2
Group135#1
 10
-194.0000000000022
 20
317.9999999999999
 30
18.00000000000024
 41
1.574803149606299
 42
1.574803149606299
 50
90.0
  0
ATTRIB
  5
F6F
330
F6E
100
AcDbEntity
  8
0
100
AcDbText
 10
0.0
 20
0.0
 30
0.0
 40
1.0
  1
_ABF_Label
100
AcDbAttribute
  2
Skp_GroupInstanceName
 70
     0
280
     0
  0
SEQEND
  5
F70
330
F6E
100
AcDbEntity
  8
ABF_Label
347
45
 62
     0
  0
INSERT
  5
F71
330
1BB
100
AcDbEntity
  8
ABF_cuttingLines
347
45
 62
     0
100
AcDbBlockReference
 66
     1
  2
Group158#1
 10
0.0
 20
0.0
 30
18.00000000000024
  0
ATTRIB
  5
F72
330
F71
100
AcDbEntity
  8
0
100
AcDbText
 10
0.0
 20
0.0
 30
0.0
 40
1.0
  1
_ABF_cuttingLines
100
AcDbAttribute
  2
Skp_GroupInstanceName
 70
     0
280
     0
  0
SEQEND
  5
F73
330
F71
100
AcDbEntity
  8
ABF_cuttingLines
347
45
 62
     0
  0
INSERT
  5
F74
330
1BB
100
AcDbEntity
  8
ABF_edgeBanding
347
45
 62
     0
100
AcDbBlockReference
 66
     1
  2
Group159#1
 10
0.0
 20
0.0
 30
18.00000000000024
  0
ATTRIB
  5
F75
330
F74
100
AcDbEntity
  8
0
100
AcDbText
 10
0.0
 20
0.0
 30
0.0
 40
1.0
  1
_ABF_edgeBanding
100
AcDbAttribute
  2
Skp_GroupInstanceName
 70
     0
280
     0
  0
SEQEND
  5
F76
330
F74
100
AcDbEntity
  8
ABF_edgeBanding
347
45
 62
     0
  0
ENDBLK
  5
1BD
330
1BB
100
AcDbEntity
  8
0
100
AcDbBlockEnd
  0
BLOCK
  5
1BF
330
1BE
100
AcDbEntity
  8
0
100
AcDbBlockBegin
  2
_____#32
 70
     0
 10
0.0
 20
0.0
 30
0.0
  3
_____#32
  1

  0
POLYLINE
  5
F77
330
1BE
100
AcDbEntity
  8
0
347
45
 62
     0
100
AcDbPolyFaceMesh
 66
     1
 10
0.0
 20
0.0
 30
0.0
 70
    64
 71
     4
 72
     2
1001
ACAD_MATERIAL_MAPPER
1070
     1
1070
     1
1070
     1
1011
-0.0000000000000019
1021
-0.0000000000000014
1031
0.0
1011
-25.4
1021
-0.0000000000000014
1031
0.0
1011
-0.0000000000000019
1021
25.4
1031
0.0
1011
-0.0000000000000019
1021
-0.0000000000000014
1031
1.0
  0
VERTEX
  5
F78
330
F77
100
AcDbEntity
  8
0
 62
     0
100
AcDbVertex
100
AcDbPolyFaceMeshVertex
 10
618.0
 20
740.0000000000039
 30
0.0
 70
   192
  0
VERTEX
  5
F79
330
F77
100
AcDbEntity
  8
0
 62
     0
100
AcDbVertex
100
AcDbPolyFaceMeshVertex
 10
17.99999999999997
 20
17.99999999999988
 30
0.0
 70
   192
  0
VERTEX
  5
F7A
330
F77
100
AcDbEntity
  8
0
 62
     0
100
AcDbVertex
100
AcDbPolyFaceMeshVertex
 10
17.99999999999997
 20
740.0000000000039
 30
0.0
 70
   192
  0
VERTEX
  5
F7B
330
F77
100
AcDbEntity
  8
0
 62
     0
100
AcDbVertex
100
AcDbPolyFaceMeshVertex
 10
618.0
 20
17.99999999999988
 30
0.0
 70
   192
  0
VERTEX
  5
F7C
330
F77
100
AcDbEntity
  8
0
 62
     0
100
AcDbFaceRecord
 10
0.0
 20
0.0
 30
0.0
 70
   128
 71
    -1
 72
     2
 73
     3
  0
VERTEX
  5
F7D
330
F77
100
AcDbEntity
  8
0
 62
     0
100
AcDbFaceRecord
 10
0.0
 20
0.0
 30
0.0
 70
   128
 71
    -2
 72
     1
 73
     4
  0
SEQEND
  5
F7E
330
F77
100
AcDbEntity
  8
0
347
45
 62
     0
  0
LINE
  5
F7F
330
1BE
100
AcDbEntity
  8
0
347
45
 62
     0
100
AcDbLine
 10
17.99999999999997
 20
17.99999999999988
 30
0.0
 11
618.0
 21
17.99999999999988
 31
0.0
  0
LINE
  5
F80
330
1BE
100
AcDbEntity
  8
0
347
45
 62
     0
100
AcDbLine
 10
17.99999999999997
 20
740.0000000000039
 30
0.0
 11
17.99999999999997
 21
17.99999999999988
 31
0.0
  0
LINE
  5
F81
330
1BE
100
AcDbEntity
  8
0
347
45
 62
     0
100
AcDbLine
 10
618.0
 20
740.0000000000039
 30
0.0
 11
17.99999999999997
 21
740.0000000000039
 31
0.0
  0
LINE
  5
F82
330
1BE
100
AcDbEntity
  8
0
347
45
 62
     0
100
AcDbLine
 10
618.0
 20
17.99999999999988
 30
0.0
 11
618.0
 21
740.0000000000039
 31
0.0
  0
POLYLINE
  5
F83
330
1BE
100
AcDbEntity
  8
0
347
E11
 62
     7
420
 16777215
100
AcDbPolyFaceMesh
 66
     1
 10
0.0
 20
0.0
 30
0.0
 70
    64
 71
     4
 72
     2
1001
ACAD_MATERIAL_MAPPER
1070
     1
1070
     1
1070
     1
1011
0.0
1021
0.0
1031
0.0
1011
25.4
1021
0.0
1031
0.0
1011
0.0
1021
25.4
1031
0.0
1011
0.0
1021
0.0
1031
1.0
  0
VERTEX
  5
F84
330
F83
100
AcDbEntity
  8
0
 62
     7
420
 16777215
100
AcDbVertex
100
AcDbPolyFaceMeshVertex
 10
618.0
 20
17.99999999999988
 30
17.99999999999988
 70
   192
  0
VERTEX
  5
F85
330
F83
100
AcDbEntity
  8
0
 62
     7
420
 16777215
100
AcDbVertex
100
AcDbPolyFaceMeshVertex
 10
17.99999999999997
 20
740.0000000000039
 30
17.99999999999988
 70
   192
  0
VERTEX
  5
F86
330
F83
100
AcDbEntity
  8
0
 62
     7
420
 16777215
100
AcDbVertex
100
AcDbPolyFaceMeshVertex
 10
17.99999999999997
 20
17.99999999999988
 30
17.99999999999988
 70
   192
  0
VERTEX
  5
F87
330
F83
100
AcDbEntity
  8
0
 62
     7
420
 16777215
100
AcDbVertex
100
AcDbPolyFaceMeshVertex
 10
618.0
 20
740.0000000000039
 30
17.99999999999988
 70
   192
  0
VERTEX
  5
F88
330
F83
100
AcDbEntity
  8
0
 62
     7
420
 16777215
100
AcDbFaceRecord
 10
0.0
 20
0.0
 30
0.0
 70
   128
 71
    -1
 72
     2
 73
     3
  0
VERTEX
  5
F89
330
F83
100
AcDbEntity
  8
0
 62
     7
420
 16777215
100
AcDbFaceRecord
 10
0.0
 20
0.0
 30
0.0
 70
   128
 71
    -2
 72
     1
 73
     4
  0
SEQEND
  5
F8A
330
F83
100
AcDbEntity
  8
0
347
E11
 62
     7
420
 16777215
  0
LINE
  5
F8B
330
1BE
100
AcDbEntity
  8
0
347
45
 62
     0
100
AcDbLine
 10
17.99999999999997
 20
17.99999999999988
 30
17.99999999999988
 11
618.0
 21
17.99999999999988
 31
17.99999999999988
  0
LINE
  5
F8C
330
1BE
100
AcDbEntity
  8
0
347
45
 62
     0
100
AcDbLine
 10
618.0
 20
17.99999999999988
 30
17.99999999999988
 11
618.0
 21
740.0000000000039
 31
17.99999999999988
  0
LINE
  5
F8D
330
1BE
100
AcDbEntity
  8
0
347
45
 62
     0
100
AcDbLine
 10
618.0
 20
740.0000000000039
 30
17.99999999999988
 11
17.99999999999997
 21
740.0000000000039
 31
17.99999999999988
  0
LINE
  5
F8E
330
1BE
100
AcDbEntity
  8
0
347
45
 62
     0
100
AcDbLine
 10
17.99999999999997
 20
740.0000000000039
 30
17.99999999999988
 11
17.99999999999997
 21
17.99999999999988
 31
17.99999999999988
  0
POLYLINE
  5
F8F
330
1BE
100
AcDbEntity
  8
0
347
45
 62
     0
100
AcDbPolyFaceMesh
 66
     1
 10
0.0
 20
0.0
 30
0.0
 70
    64
 71
     4
 72
     2
1001
ACAD_MATERIAL_MAPPER
1070
     1
1070
     1
1070
     1
1011
0.0
1021
0.0
1031
0.0
1011
25.4
1021
0.0
1031
0.0
1011
0.0
1021
0.0
1031
25.39999999999999
1011
0.0
1021
1.0
1031
0.0
  0
VERTEX
  5
F90
330
F8F
100
AcDbEntity
  8
0
 62
     0
100
AcDbVertex
100
AcDbPolyFaceMeshVertex
 10
618.0
 20
17.99999999999988
 30
17.99999999999988
 70
   192
  0
VERTEX
  5
F91
330
F8F
100
AcDbEntity
  8
0
 62
     0
100
AcDbVertex
100
AcDbPolyFaceMeshVertex
 10
17.99999999999997
 20
17.99999999999988
 30
0.0
 70
   192
  0
VERTEX
  5
F92
330
F8F
100
AcDbEntity
  8
0
 62
     0
100
AcDbVertex
100
AcDbPolyFaceMeshVertex
 10
618.0
 20
17.99999999999988
 30
0.0
 70
   192
  0
VERTEX
  5
F93
330
F8F
100
AcDbEntity
  8
0
 62
     0
100
AcDbVertex
100
AcDbPolyFaceMeshVertex
 10
17.99999999999997
 20
17.99999999999988
 30
17.99999999999988
 70
   192
  0
VERTEX
  5
F94
330
F8F
100
AcDbEntity
  8
0
 62
     0
100
AcDbFaceRecord
 10
0.0
 20
0.0
 30
0.0
 70
   128
 71
    -1
 72
     2
 73
     3
  0
VERTEX
  5
F95
330
F8F
100
AcDbEntity
  8
0
 62
     0
100
AcDbFaceRecord
 10
0.0
 20
0.0
 30
0.0
 70
   128
 71
    -2
 72
     1
 73
     4
  0
SEQEND
  5
F96
330
F8F
100
AcDbEntity
  8
0
347
45
 62
     0
  0
LINE
  5
F97
330
1BE
100
AcDbEntity
  8
0
347
45
 62
     0
100
AcDbLine
 10
17.99999999999997
 20
17.99999999999988
 30
0.0
 11
618.0
 21
17.99999999999988
 31
0.0
  0
LINE
  5
F98
330
1BE
100
AcDbEntity
  8
0
347
45
 62
     0
100
AcDbLine
 10
618.0
 20
17.99999999999988
 30
0.0
 11
618.0
 21
17.99999999999988
 31
17.99999999999988
  0
LINE
  5
F99
330
1BE
100
AcDbEntity
  8
0
347
45
 62
     0
100
AcDbLine
 10
17.99999999999997
 20
17.99999999999988
 30
17.99999999999988
 11
618.0
 21
17.99999999999988
 31
17.99999999999988
  0
LINE
  5
F9A
330
1BE
100
AcDbEntity
  8
0
347
45
 62
     0
100
AcDbLine
 10
17.99999999999997
 20
17.99999999999988
 30
0.0
 11
17.99999999999997
 21
17.99999999999988
 31
17.99999999999988
  0
POLYLINE
  5
F9B
330
1BE
100
AcDbEntity
  8
0
347
45
 62
     0
100
AcDbPolyFaceMesh
 66
     1
 10
0.0
 20
0.0
 30
0.0
 70
    64
 71
     4
 72
     2
1001
ACAD_MATERIAL_MAPPER
1070
     1
1070
     1
1070
     1
1011
0.0
1021
0.0
1031
0.0
1011
0.0
1021
25.4
1031
0.0
1011
0.0
1021
0.0
1031
25.4
1011
1.0
1021
0.0
1031
0.0
  0
VERTEX
  5
F9C
330
F9B
100
AcDbEntity
  8
0
 62
     0
100
AcDbVertex
100
AcDbPolyFaceMeshVertex
 10
618.0
 20
740.0000000000039
 30
0.0
 70
   192
  0
VERTEX
  5
F9D
330
F9B
100
AcDbEntity
  8
0
 62
     0
100
AcDbVertex
100
AcDbPolyFaceMeshVertex
 10
618.0
 20
17.99999999999988
 30
17.99999999999988
 70
   192
  0
VERTEX
  5
F9E
330
F9B
100
AcDbEntity
  8
0
 62
     0
100
AcDbVertex
100
AcDbPolyFaceMeshVertex
 10
618.0
 20
17.99999999999988
 30
0.0
 70
   192
  0
VERTEX
  5
F9F
330
F9B
100
AcDbEntity
  8
0
 62
     0
100
AcDbVertex
100
AcDbPolyFaceMeshVertex
 10
618.0
 20
740.0000000000039
 30
17.99999999999988
 70
   192
  0
VERTEX
  5
FA0
330
F9B
100
AcDbEntity
  8
0
 62
     0
100
AcDbFaceRecord
 10
0.0
 20
0.0
 30
0.0
 70
   128
 71
    -1
 72
     2
 73
     3
  0
VERTEX
  5
FA1
330
F9B
100
AcDbEntity
  8
0
 62
     0
100
AcDbFaceRecord
 10
0.0
 20
0.0
 30
0.0
 70
   128
 71
    -2
 72
     1
 73
     4
  0
SEQEND
  5
FA2
330
F9B
100
AcDbEntity
  8
0
347
45
 62
     0
  0
LINE
  5
FA3
330
1BE
100
AcDbEntity
  8
0
347
45
 62
     0
100
AcDbLine
 10
618.0
 20
17.99999999999988
 30
0.0
 11
618.0
 21
740.0000000000039
 31
0.0
  0
LINE
  5
FA4
330
1BE
100
AcDbEntity
  8
0
347
45
 62
     0
100
AcDbLine
 10
618.0
 20
740.0000000000039
 30
0.0
 11
618.0
 21
740.0000000000039
 31
17.99999999999988
  0
LINE
  5
FA5
330
1BE
100
AcDbEntity
  8
0
347
45
 62
     0
100
AcDbLine
 10
618.0
 20
17.99999999999988
 30
17.99999999999988
 11
618.0
 21
740.0000000000039
 31
17.99999999999988
  0
LINE
  5
FA6
330
1BE
100
AcDbEntity
  8
0
347
45
 62
     0
100
AcDbLine
 10
618.0
 20
17.99999999999988
 30
0.0
 11
618.0
 21
17.99999999999988
 31
17.99999999999988
  0
POLYLINE
  5
FA7
330
1BE
100
AcDbEntity
  8
0
347
45
 62
     0
100
AcDbPolyFaceMesh
 66
     1
 10
0.0
 20
0.0
 30
0.0
 70
    64
 71
     4
 72
     2
1001
ACAD_MATERIAL_MAPPER
1070
     1
1070
     1
1070
     1
1011
0.0
1021
0.0
1031
0.0
1011
-25.4
1021
0.0
1031
0.0
1011
0.0
1021
0.0
1031
25.39999999999999
1011
0.0
1021
1.0
1031
0.0
  0
VERTEX
  5
FA8
330
FA7
100
AcDbEntity
  8
0
 62
     0
100
AcDbVertex
100
AcDbPolyFaceMeshVertex
 10
17.99999999999997
 20
740.0000000000039
 30
17.99999999999988
 70
   192
  0
VERTEX
  5
FA9
330
FA7
100
AcDbEntity
  8
0
 62
     0
100
AcDbVertex
100
AcDbPolyFaceMeshVertex
 10
618.0
 20
740.0000000000039
 30
0.0
 70
   192
  0
VERTEX
  5
FAA
330
FA7
100
AcDbEntity
  8
0
 62
     0
100
AcDbVertex
100
AcDbPolyFaceMeshVertex
 10
17.99999999999997
 20
740.0000000000039
 30
0.0
 70
   192
  0
VERTEX
  5
FAB
330
FA7
100
AcDbEntity
  8
0
 62
     0
100
AcDbVertex
100
AcDbPolyFaceMeshVertex
 10
618.0
 20
740.0000000000039
 30
17.99999999999988
 70
   192
  0
VERTEX
  5
FAC
330
FA7
100
AcDbEntity
  8
0
 62
     0
100
AcDbFaceRecord
 10
0.0
 20
0.0
 30
0.0
 70
   128
 71
    -1
 72
     2
 73
     3
  0
VERTEX
  5
FAD
330
FA7
100
AcDbEntity
  8
0
 62
     0
100
AcDbFaceRecord
 10
0.0
 20
0.0
 30
0.0
 70
   128
 71
    -2
 72
     1
 73
     4
  0
SEQEND
  5
FAE
330
FA7
100
AcDbEntity
  8
0
347
45
 62
     0
  0
LINE
  5
FAF
330
1BE
100
AcDbEntity
  8
0
347
45
 62
     0
100
AcDbLine
 10
618.0
 20
740.0000000000039
 30
0.0
 11
17.99999999999997
 21
740.0000000000039
 31
0.0
  0
LINE
  5
FB0
330
1BE
100
AcDbEntity
  8
0
347
45
 62
     0
100
AcDbLine
 10
17.99999999999997
 20
740.0000000000039
 30
0.0
 11
17.99999999999997
 21
740.0000000000039
 31
17.99999999999988
  0
LINE
  5
FB1
330
1BE
100
AcDbEntity
  8
0
347
45
 62
     0
100
AcDbLine
 10
618.0
 20
740.0000000000039
 30
17.99999999999988
 11
17.99999999999997
 21
740.0000000000039
 31
17.99999999999988
  0
LINE
  5
FB2
330
1BE
100
AcDbEntity
  8
0
347
45
 62
     0
100
AcDbLine
 10
618.0
 20
740.0000000000039
 30
0.0
 11
618.0
 21
740.0000000000039
 31
17.99999999999988
  0
POLYLINE
  5
FB3
330
1BE
100
AcDbEntity
  8
0
347
45
 62
     0
100
AcDbPolyFaceMesh
 66
     1
 10
0.0
 20
0.0
 30
0.0
 70
    64
 71
     4
 72
     2
1001
ACAD_MATERIAL_MAPPER
1070
     1
1070
     1
1070
     1
1011
0.0
1021
-0.000000000000001
1031
0.0
1011
0.0
1021
-25.4
1031
0.0
1011
0.0
1021
-0.000000000000001
1031
25.4
1011
1.0
1021
-0.000000000000001
1031
0.0
  0
VERTEX
  5
FB4
330
FB3
100
AcDbEntity
  8
0
 62
     0
100
AcDbVertex
100
AcDbPolyFaceMeshVertex
 10
17.99999999999997
 20
740.0000000000039
 30
17.99999999999988
 70
   192
  0
VERTEX
  5
FB5
330
FB3
100
AcDbEntity
  8
0
 62
     0
100
AcDbVertex
100
AcDbPolyFaceMeshVertex
 10
17.99999999999997
 20
17.99999999999988
 30
0.0
 70
   192
  0
VERTEX
  5
FB6
330
FB3
100
AcDbEntity
  8
0
 62
     0
100
AcDbVertex
100
AcDbPolyFaceMeshVertex
 10
17.99999999999997
 20
17.99999999999988
 30
17.99999999999988
 70
   192
  0
VERTEX
  5
FB7
330
FB3
100
AcDbEntity
  8
0
 62
     0
100
AcDbVertex
100
AcDbPolyFaceMeshVertex
 10
17.99999999999997
 20
740.0000000000039
 30
0.0
 70
   192
  0
VERTEX
  5
FB8
330
FB3
100
AcDbEntity
  8
0
 62
     0
100
AcDbFaceRecord
 10
0.0
 20
0.0
 30
0.0
 70
   128
 71
    -1
 72
     2
 73
     3
  0
VERTEX
  5
FB9
330
FB3
100
AcDbEntity
  8
0
 62
     0
100
AcDbFaceRecord
 10
0.0
 20
0.0
 30
0.0
 70
   128
 71
    -2
 72
     1
 73
     4
  0
SEQEND
  5
FBA
330
FB3
100
AcDbEntity
  8
0
347
45
 62
     0
  0
LINE
  5
FBB
330
1BE
100
AcDbEntity
  8
0
347
45
 62
     0
100
AcDbLine
 10
17.99999999999997
 20
740.0000000000039
 30
0.0
 11
17.99999999999997
 21
17.99999999999988
 31
0.0
  0
LINE
  5
FBC
330
1BE
100
AcDbEntity
  8
0
347
45
 62
     0
100
AcDbLine
 10
17.99999999999997
 20
17.99999999999988
 30
0.0
 11
17.99999999999997
 21
17.99999999999988
 31
17.99999999999988
  0
LINE
  5
FBD
330
1BE
100
AcDbEntity
  8
0
347
45
 62
     0
100
AcDbLine
 10
17.99999999999997
 20
740.0000000000039
 30
17.99999999999988
 11
17.99999999999997
 21
17.99999999999988
 31
17.99999999999988
  0
LINE
  5
FBE
330
1BE
100
AcDbEntity
  8
0
347
45
 62
     0
100
AcDbLine
 10
17.99999999999997
 20
740.0000000000039
 30
0.0
 11
17.99999999999997
 21
740.0000000000039
 31
17.99999999999988
  0
INSERT
  5
FBF
330
1BE
100
AcDbEntity
  8
0
347
45
 62
     0
100
AcDbBlockReference
 66
     1
  2
Group302#1
 10
67.99999999999997
 20
17.99999999999988
 30
17.99999999999988
  0
ATTRIB
  5
FC0
330
FBF
100
AcDbEntity
  8
0
100
AcDbText
 10
0.0
 20
0.0
 30
0.0
 40
1.0
  1
_ABF_sideDrill
100
AcDbAttribute
  2
Skp_GroupInstanceName
 70
     0
280
     0
  0
SEQEND
  5
FC1
330
FBF
100
AcDbEntity
  8
0
347
45
 62
     0
  0
INSERT
  5
FC2
330
1BE
100
AcDbEntity
  8
0
347
45
 62
     0
100
AcDbBlockReference
 66
     1
  2
Group303#1
 10
67.99999999999997
 20
17.99999999999988
 30
17.99999999999988
  0
ATTRIB
  5
FC3
330
FC2
100
AcDbEntity
  8
0
100
AcDbText
 10
0.0
 20
0.0
 30
0.0
 40
1.0
  1
_ABF_sideDrillDepth
100
AcDbAttribute
  2
Skp_GroupInstanceName
 70
     0
280
     0
  0
SEQEND
  5
FC4
330
FC2
100
AcDbEntity
  8
0
347
45
 62
     0
  0
INSERT
  5
FC5
330
1BE
100
AcDbEntity
  8
0
347
45
 62
     0
100
AcDbBlockReference
 66
     1
  2
Group306#1
 10
568.0
 20
17.99999999999988
 30
17.99999999999988
  0
ATTRIB
  5
FC6
330
FC5
100
AcDbEntity
  8
0
100
AcDbText
 10
0.0
 20
0.0
 30
0.0
 40
1.0
  1
_ABF_sideDrill
100
AcDbAttribute
  2
Skp_GroupInstanceName
 70
     0
280
     0
  0
SEQEND
  5
FC7
330
FC5
100
AcDbEntity
  8
0
347
45
 62
     0
  0
INSERT
  5
FC8
330
1BE
100
AcDbEntity
  8
0
347
45
 62
     0
100
AcDbBlockReference
 66
     1
  2
Group307#1
 10
568.0
 20
17.99999999999988
 30
17.99999999999988
  0
ATTRIB
  5
FC9
330
FC8
100
AcDbEntity
  8
0
100
AcDbText
 10
0.0
 20
0.0
 30
0.0
 40
1.0
  1
_ABF_sideDrillDepth
100
AcDbAttribute
  2
Skp_GroupInstanceName
 70
     0
280
     0
  0
SEQEND
  5
FCA
330
FC8
100
AcDbEntity
  8
0
347
45
 62
     0
  0
INSERT
  5
FCB
330
1BE
100
AcDbEntity
  8
0
347
45
 62
     0
100
AcDbBlockReference
 66
     1
  2
Group310#1
 10
67.99999999999997
 20
740.0000000000039
 30
17.99999999999988
  0
ATTRIB
  5
FCC
330
FCB
100
AcDbEntity
  8
0
100
AcDbText
 10
0.0
 20
0.0
 30
0.0
 40
1.0
  1
_ABF_sideDrill
100
AcDbAttribute
  2
Skp_GroupInstanceName
 70
     0
280
     0
  0
SEQEND
  5
FCD
330
FCB
100
AcDbEntity
  8
0
347
45
 62
     0
  0
INSERT
  5
FCE
330
1BE
100
AcDbEntity
  8
0
347
45
 62
     0
100
AcDbBlockReference
 66
     1
  2
Group311#1
 10
67.99999999999997
 20
740.0000000000039
 30
17.99999999999988
  0
ATTRIB
  5
FCF
330
FCE
100
AcDbEntity
  8
0
100
AcDbText
 10
0.0
 20
0.0
 30
0.0
 40
1.0
  1
_ABF_sideDrillDepth
100
AcDbAttribute
  2
Skp_GroupInstanceName
 70
     0
280
     0
  0
SEQEND
  5
FD0
330
FCE
100
AcDbEntity
  8
0
347
45
 62
     0
  0
INSERT
  5
FD1
330
1BE
100
AcDbEntity
  8
0
347
45
 62
     0
100
AcDbBlockReference
 66
     1
  2
Group314#1
 10
568.0
 20
740.0000000000039
 30
17.99999999999988
  0
ATTRIB
  5
FD2
330
FD1
100
AcDbEntity
  8
0
100
AcDbText
 10
0.0
 20
0.0
 30
0.0
 40
1.0
  1
_ABF_sideDrill
100
AcDbAttribute
  2
Skp_GroupInstanceName
 70
     0
280
     0
  0
SEQEND
  5
FD3
330
FD1
100
AcDbEntity
  8
0
347
45
 62
     0
  0
INSERT
  5
FD4
330
1BE
100
AcDbEntity
  8
0
347
45
 62
     0
100
AcDbBlockReference
 66
     1
  2
Group315#1
 10
568.0
 20
740.0000000000039
 30
17.99999999999988
  0
ATTRIB
  5
FD5
330
FD4
100
AcDbEntity
  8
0
100
AcDbText
 10
0.0
 20
0.0
 30
0.0
 40
1.0
  1
_ABF_sideDrillDepth
100
AcDbAttribute
  2
Skp_GroupInstanceName
 70
     0
280
     0
  0
SEQEND
  5
FD6
330
FD4
100
AcDbEntity
  8
0
347
45
 62
     0
  0
INSERT
  5
FD7
330
1BE
100
AcDbEntity
  8
0
347
45
 62
     0
100
AcDbBlockReference
 66
     1
  2
Group313#2
 10
317.9999999999999
 20
17.99999999999988
 30
17.99999999999988
  0
ATTRIB
  5
FD8
330
FD7
100
AcDbEntity
  8
0
100
AcDbText
 10
0.0
 20
0.0
 30
0.0
 40
1.0
  1
_ABF_sideDrill
100
AcDbAttribute
  2
Skp_GroupInstanceName
 70
     0
280
     0
  0
SEQEND
  5
FD9
330
FD7
100
AcDbEntity
  8
0
347
45
 62
     0
  0
INSERT
  5
FDA
330
1BE
100
AcDbEntity
  8
0
347
45
 62
     0
100
AcDbBlockReference
 66
     1
  2
Group314#2
 10
317.9999999999999
 20
17.99999999999988
 30
17.99999999999988
  0
ATTRIB
  5
FDB
330
FDA
100
AcDbEntity
  8
0
100
AcDbText
 10
0.0
 20
0.0
 30
0.0
 40
1.0
  1
_ABF_sideDrillDepth
100
AcDbAttribute
  2
Skp_GroupInstanceName
 70
     0
280
     0
  0
SEQEND
  5
FDC
330
FDA
100
AcDbEntity
  8
0
347
45
 62
     0
  0
INSERT
  5
FDD
330
1BE
100
AcDbEntity
  8
0
347
45
 62
     0
100
AcDbBlockReference
 66
     1
  2
Group316#1
 10
317.9999999999999
 20
740.0000000000039
 30
17.99999999999988
  0
ATTRIB
  5
FDE
330
FDD
100
AcDbEntity
  8
0
100
AcDbText
 10
0.0
 20
0.0
 30
0.0
 40
1.0
  1
_ABF_sideDrill
100
AcDbAttribute
  2
Skp_GroupInstanceName
 70
     0
280
     0
  0
SEQEND
  5
FDF
330
FDD
100
AcDbEntity
  8
0
347
45
 62
     0
  0
INSERT
  5
FE0
330
1BE
100
AcDbEntity
  8
0
347
45
 62
     0
100
AcDbBlockReference
 66
     1
  2
Group317#1
 10
317.9999999999999
 20
740.0000000000039
 30
17.99999999999988
  0
ATTRIB
  5
FE1
330
FE0
100
AcDbEntity
  8
0
100
AcDbText
 10
0.0
 20
0.0
 30
0.0
 40
1.0
  1
_ABF_sideDrillDepth
100
AcDbAttribute
  2
Skp_GroupInstanceName
 70
     0
280
     0
  0
SEQEND
  5
FE2
330
FE0
100
AcDbEntity
  8
0
347
45
 62
     0
  0
INSERT
  5
FE3
330
1BE
100
AcDbEntity
  8
0
347
45
 62
     0
100
AcDbBlockReference
 66
     1
  2
Group337#1
 10
67.99999999999997
 20
387.9999999999998
 30
17.99999999999988
  0
ATTRIB
  5
FE4
330
FE3
100
AcDbEntity
  8
0
100
AcDbText
 10
0.0
 20
0.0
 30
0.0
 40
1.0
  1
_ABF_minifixPlasticBase
100
AcDbAttribute
  2
Skp_GroupInstanceName
 70
     0
280
     0
  0
SEQEND
  5
FE5
330
FE3
100
AcDbEntity
  8
0
347
45
 62
     0
  0
INSERT
  5
FE6
330
1BE
100
AcDbEntity
  8
0
347
45
 62
     0
100
AcDbBlockReference
 66
     1
  2
Group341#1
 10
568.0
 20
387.9999999999998
 30
17.99999999999988
  0
ATTRIB
  5
FE7
330
FE6
100
AcDbEntity
  8
0
100
AcDbText
 10
0.0
 20
0.0
 30
0.0
 40
1.0
  1
_ABF_minifixPlasticBase
100
AcDbAttribute
  2
Skp_GroupInstanceName
 70
     0
280
     0
  0
SEQEND
  5
FE8
330
FE6
100
AcDbEntity
  8
0
347
45
 62
     0
  0
INSERT
  5
FE9
330
1BE
100
AcDbEntity
  8
0
347
45
 62
     0
100
AcDbBlockReference
 66
     1
  2
Group348#1
 10
317.9999999999999
 20
387.9999999999998
 30
17.99999999999988
  0
ATTRIB
  5
FEA
330
FE9
100
AcDbEntity
  8
0
100
AcDbText
 10
0.0
 20
0.0
 30
0.0
 40
1.0
  1
_ABF_screwInside
100
AcDbAttribute
  2
Skp_GroupInstanceName
 70
     0
280
     0
  0
SEQEND
  5
FEB
330
FE9
100
AcDbEntity
  8
0
347
45
 62
     0
  0
INSERT
  5
FEC
330
1BE
100
AcDbEntity
  8
0
347
45
 62
     0
100
AcDbBlockReference
 66
     1
  2
Group373#1
 10
17.99999999999997
 20
101.5
 30
17.99999999999988
  0
ATTRIB
  5
FED
330
FEC
100
AcDbEntity
  8
0
100
AcDbText
 10
0.0
 20
0.0
 30
0.0
 40
1.0
  1
_ABF_hingeMountingPlate
100
AcDbAttribute
  2
Skp_GroupInstanceName
 70
     0
280
     0
  0
SEQEND
  5
FEE
330
FEC
100
AcDbEntity
  8
0
347
45
 62
     0
  0
INSERT
  5
FEF
330
1BE
100
AcDbEntity
  8
0
347
45
 62
     0
100
AcDbBlockReference
 66
     1
  2
Group375#1
 10
17.99999999999997
 20
656.5000000000038
 30
17.99999999999988
  0
ATTRIB
  5
FF0
330
FEF
100
AcDbEntity
  8
0
100
AcDbText
 10
0.0
 20
0.0
 30
0.0
 40
1.0
  1
_ABF_hingeMountingPlate
100
AcDbAttribute
  2
Skp_GroupInstanceName
 70
     0
280
     0
  0
SEQEND
  5
FF1
330
FEF
100
AcDbEntity
  8
0
347
45
 62
     0
  0
INSERT
  5
FF2
330
1BE
100
AcDbEntity
  8
ABF_Label
347
45
 62
     0
100
AcDbBlockReference
 66
     1
  2
Group147#1
 10
317.9999999999999
 20
379.0000000000019
 30
17.99999999999988
 41
1.574803149606299
 42
1.574803149606299
 50
90.0
  0
ATTRIB
  5
FF3
330
FF2
100
AcDbEntity
  8
0
100
AcDbText
 10
0.0
 20
0.0
 30
0.0
 40
1.0
  1
_ABF_Label
100
AcDbAttribute
  2
Skp_GroupInstanceName
 70
     0
280
     0
  0
SEQEND
  5
FF4
330
FF2
100
AcDbEntity
  8
ABF_Label
347
45
 62
     0
  0
INSERT
  5
FF5
330
1BE
100
AcDbEntity
  8
ABF_cuttingLines
347
45
 62
     0
100
AcDbBlockReference
 66
     1
  2
Group160#1
 10
0.0
 20
0.0
 30
17.99999999999988
  0
ATTRIB
  5
FF6
330
FF5
100
AcDbEntity
  8
0
100
AcDbText
 10
0.0
 20
0.0
 30
0.0
 40
1.0
  1
_ABF_cuttingLines
100
AcDbAttribute
  2
Skp_GroupInstanceName
 70
     0
280
     0
  0
SEQEND
  5
FF7
330
FF5
100
AcDbEntity
  8
ABF_cuttingLines
347
45
 62
     0
  0
INSERT
  5
FF8
330
1BE
100
AcDbEntity
  8
ABF_edgeBanding
347
45
 62
     0
100
AcDbBlockReference
 66
     1
  2
Group161#1
 10
0.0
 20
0.0
 30
17.99999999999988
  0
ATTRIB
  5
FF9
330
FF8
100
AcDbEntity
  8
0
100
AcDbText
 10
0.0
 20
0.0
 30
0.0
 40
1.0
  1
_ABF_edgeBanding
100
AcDbAttribute
  2
Skp_GroupInstanceName
 70
     0
280
     0
  0
SEQEND
  5
FFA
330
FF8
100
AcDbEntity
  8
ABF_edgeBanding
347
45
 62
     0
  0
ENDBLK
  5
1C0
330
1BE
100
AcDbEntity
  8
0
100
AcDbBlockEnd
  0
BLOCK
  5
1C2
330
1C1
100
AcDbEntity
  8
0
100
AcDbBlockBegin
  2
_____#33
 70
     0
 10
0.0
 20
0.0
 30
0.0
  3
_____#33
  1

  0
POLYLINE
  5
FFB
330
1C1
100
AcDbEntity
  8
0
347
E11
 62
     7
420
 16777215
100
AcDbPolyFaceMesh
 66
     1
 10
0.0
 20
0.0
 30
0.0
 70
    64
 71
     4
 72
     2
1001
ACAD_MATERIAL_MAPPER
1070
     1
1070
     1
1070
     1
1011
-0.000000000000002
1021
-0.0000000000000018
1031
0.0
1011
25.4
1021
-0.0000000000000018
1031
0.0
1011
-0.000000000000002
1021
25.4
1031
0.0
1011
-0.000000000000002
1021
-0.0000000000000018
1031
1.0
  0
VERTEX
  5
FFC
330
FFB
100
AcDbEntity
  8
0
 62
     7
420
 16777215
100
AcDbVertex
100
AcDbPolyFaceMeshVertex
 10
-17.99999999999997
 20
18.00000000000034
 30
18.00000000000024
 70
   192
  0
VERTEX
  5
FFD
330
FFB
100
AcDbEntity
  8
0
 62
     7
420
 16777215
100
AcDbVertex
100
AcDbPolyFaceMeshVertex
 10
-618.0
 20
740.0000000000043
 30
18.00000000000024
 70
   192
  0
VERTEX
  5
FFE
330
FFB
100
AcDbEntity
  8
0
 62
     7
420
 16777215
100
AcDbVertex
100
AcDbPolyFaceMeshVertex
 10
-618.0
 20
18.00000000000034
 30
18.00000000000024
 70
   192
  0
VERTEX
  5
FFF
330
FFB
100
AcDbEntity
  8
0
 62
     7
420
 16777215
100
AcDbVertex
100
AcDbPolyFaceMeshVertex
 10
-17.99999999999997
 20
740.0000000000043
 30
18.00000000000024
 70
   192
  0
VERTEX
  5
1000
330
FFB
100
AcDbEntity
  8
0
 62
     7
420
 16777215
100
AcDbFaceRecord
 10
0.0
 20
0.0
 30
0.0
 70
   128
 71
    -1
 72
     2
 73
     3
  0
VERTEX
  5
1001
330
FFB
100
AcDbEntity
  8
0
 62
     7
420
 16777215
100
AcDbFaceRecord
 10
0.0
 20
0.0
 30
0.0
 70
   128
 71
    -2
 72
     1
 73
     4
  0
SEQEND
  5
1002
330
FFB
100
AcDbEntity
  8
0
347
E11
 62
     7
420
 16777215
  0
LINE
  5
1003
330
1C1
100
AcDbEntity
  8
0
347
45
 62
     0
100
AcDbLine
 10
-17.99999999999997
 20
18.00000000000034
 30
18.00000000000024
 11
-618.0
 21
18.00000000000034
 31
18.00000000000024
  0
LINE
  5
1004
330
1C1
100
AcDbEntity
  8
0
347
45
 62
     0
100
AcDbLine
 10
-17.99999999999997
 20
740.0000000000043
 30
18.00000000000024
 11
-17.99999999999997
 21
18.00000000000034
 31
18.00000000000024
  0
LINE
  5
1005
330
1C1
100
AcDbEntity
  8
0
347
45
 62
     0
100
AcDbLine
 10
-618.0
 20
740.0000000000043
 30
18.00000000000024
 11
-17.99999999999997
 21
740.0000000000043
 31
18.00000000000024
  0
LINE
  5
1006
330
1C1
100
AcDbEntity
  8
0
347
45
 62
     0
100
AcDbLine
 10
-618.0
 20
18.00000000000034
 30
18.00000000000024
 11
-618.0
 21
740.0000000000043
 31
18.00000000000024
  0
POLYLINE
  5
1007
330
1C1
100
AcDbEntity
  8
0
347
45
 62
     0
100
AcDbPolyFaceMesh
 66
     1
 10
0.0
 20
0.0
 30
0.0
 70
    64
 71
     4
 72
     2
1001
ACAD_MATERIAL_MAPPER
1070
     1
1070
     1
1070
     1
1011
0.0000000000000867
1021
-0.0000000000001734
1031
0.0
1011
-25.39999999999991
1021
-0.0000000000001734
1031
0.0
1011
0.0000000000000867
1021
25.39999999999982
1031
0.0
1011
0.0000000000000867
1021
-0.0000000000001734
1031
1.0
  0
VERTEX
  5
1008
330
1007
100
AcDbEntity
  8
0
 62
     0
100
AcDbVertex
100
AcDbPolyFaceMeshVertex
 10
-17.99999999999997
 20
740.0000000000043
 30
0.0
 70
   192
  0
VERTEX
  5
1009
330
1007
100
AcDbEntity
  8
0
 62
     0
100
AcDbVertex
100
AcDbPolyFaceMeshVertex
 10
-618.0
 20
18.00000000000034
 30
0.0
 70
   192
  0
VERTEX
  5
100A
330
1007
100
AcDbEntity
  8
0
 62
     0
100
AcDbVertex
100
AcDbPolyFaceMeshVertex
 10
-618.0
 20
740.0000000000043
 30
0.0
 70
   192
  0
VERTEX
  5
100B
330
1007
100
AcDbEntity
  8
0
 62
     0
100
AcDbVertex
100
AcDbPolyFaceMeshVertex
 10
-17.99999999999997
 20
18.00000000000034
 30
0.0
 70
   192
  0
VERTEX
  5
100C
330
1007
100
AcDbEntity
  8
0
 62
     0
100
AcDbFaceRecord
 10
0.0
 20
0.0
 30
0.0
 70
   128
 71
    -1
 72
     2
 73
     3
  0
VERTEX
  5
100D
330
1007
100
AcDbEntity
  8
0
 62
     0
100
AcDbFaceRecord
 10
0.0
 20
0.0
 30
0.0
 70
   128
 71
    -2
 72
     1
 73
     4
  0
SEQEND
  5
100E
330
1007
100
AcDbEntity
  8
0
347
45
 62
     0
  0
LINE
  5
100F
330
1C1
100
AcDbEntity
  8
0
347
45
 62
     0
100
AcDbLine
 10
-17.99999999999997
 20
18.00000000000034
 30
0.0
 11
-618.0
 21
18.00000000000034
 31
0.0
  0
LINE
  5
1010
330
1C1
100
AcDbEntity
  8
0
347
45
 62
     0
100
AcDbLine
 10
-618.0
 20
18.00000000000034
 30
0.0
 11
-618.0
 21
740.0000000000043
 31
0.0
  0
LINE
  5
1011
330
1C1
100
AcDbEntity
  8
0
347
45
 62
     0
100
AcDbLine
 10
-618.0
 20
740.0000000000043
 30
0.0
 11
-17.99999999999997
 21
740.0000000000043
 31
0.0
  0
LINE
  5
1012
330
1C1
100
AcDbEntity
  8
0
347
45
 62
     0
100
AcDbLine
 10
-17.99999999999997
 20
740.0000000000043
 30
0.0
 11
-17.99999999999997
 21
18.00000000000034
 31
0.0
  0
POLYLINE
  5
1013
330
1C1
100
AcDbEntity
  8
0
347
45
 62
     0
100
AcDbPolyFaceMesh
 66
     1
 10
0.0
 20
0.0
 30
0.0
 70
    64
 71
     4
 72
     2
1001
ACAD_MATERIAL_MAPPER
1070
     1
1070
     1
1070
     1
1011
0.0
1021
0.0
1031
0.0
1011
25.4
1021
0.0
1031
0.0
1011
0.0
1021
0.0
1031
25.4
1011
0.0
1021
1.0
1031
0.0
  0
VERTEX
  5
1014
330
1013
100
AcDbEntity
  8
0
 62
     0
100
AcDbVertex
100
AcDbPolyFaceMeshVertex
 10
-17.99999999999997
 20
18.00000000000034
 30
18.00000000000024
 70
   192
  0
VERTEX
  5
1015
330
1013
100
AcDbEntity
  8
0
 62
     0
100
AcDbVertex
100
AcDbPolyFaceMeshVertex
 10
-618.0
 20
18.00000000000034
 30
0.0
 70
   192
  0
VERTEX
  5
1016
330
1013
100
AcDbEntity
  8
0
 62
     0
100
AcDbVertex
100
AcDbPolyFaceMeshVertex
 10
-17.99999999999997
 20
18.00000000000034
 30
0.0
 70
   192
  0
VERTEX
  5
1017
330
1013
100
AcDbEntity
  8
0
 62
     0
100
AcDbVertex
100
AcDbPolyFaceMeshVertex
 10
-618.0
 20
18.00000000000034
 30
18.00000000000024
 70
   192
  0
VERTEX
  5
1018
330
1013
100
AcDbEntity
  8
0
 62
     0
100
AcDbFaceRecord
 10
0.0
 20
0.0
 30
0.0
 70
   128
 71
    -1
 72
     2
 73
     3
  0
VERTEX
  5
1019
330
1013
100
AcDbEntity
  8
0
 62
     0
100
AcDbFaceRecord
 10
0.0
 20
0.0
 30
0.0
 70
   128
 71
    -2
 72
     1
 73
     4
  0
SEQEND
  5
101A
330
1013
100
AcDbEntity
  8
0
347
45
 62
     0
  0
LINE
  5
101B
330
1C1
100
AcDbEntity
  8
0
347
45
 62
     0
100
AcDbLine
 10
-17.99999999999997
 20
18.00000000000034
 30
18.00000000000024
 11
-618.0
 21
18.00000000000034
 31
18.00000000000024
  0
LINE
  5
101C
330
1C1
100
AcDbEntity
  8
0
347
45
 62
     0
100
AcDbLine
 10
-618.0
 20
18.00000000000034
 30
18.00000000000024
 11
-618.0
 21
18.00000000000034
 31
0.0
  0
LINE
  5
101D
330
1C1
100
AcDbEntity
  8
0
347
45
 62
     0
100
AcDbLine
 10
-17.99999999999997
 20
18.00000000000034
 30
0.0
 11
-618.0
 21
18.00000000000034
 31
0.0
  0
LINE
  5
101E
330
1C1
100
AcDbEntity
  8
0
347
45
 62
     0
100
AcDbLine
 10
-17.99999999999997
 20
18.00000000000034
 30
18.00000000000024
 11
-17.99999999999997
 21
18.00000000000034
 31
0.0
  0
POLYLINE
  5
101F
330
1C1
100
AcDbEntity
  8
0
347
45
 62
     0
100
AcDbPolyFaceMesh
 66
     1
 10
0.0
 20
0.0
 30
0.0
 70
    64
 71
     4
 72
     2
1001
ACAD_MATERIAL_MAPPER
1070
     1
1070
     1
1070
     1
1011
0.0
1021
0.0000000000000004
1031
0.0
1011
0.0
1021
-25.4
1031
0.0
1011
0.0
1021
0.0000000000000004
1031
25.4
1011
1.0
1021
0.0000000000000004
1031
0.0
  0
VERTEX
  5
1020
330
101F
100
AcDbEntity
  8
0
 62
     0
100
AcDbVertex
100
AcDbPolyFaceMeshVertex
 10
-618.0
 20
740.0000000000043
 30
18.00000000000024
 70
   192
  0
VERTEX
  5
1021
330
101F
100
AcDbEntity
  8
0
 62
     0
100
AcDbVertex
100
AcDbPolyFaceMeshVertex
 10
-618.0
 20
18.00000000000034
 30
0.0
 70
   192
  0
VERTEX
  5
1022
330
101F
100
AcDbEntity
  8
0
 62
     0
100
AcDbVertex
100
AcDbPolyFaceMeshVertex
 10
-618.0
 20
18.00000000000034
 30
18.00000000000024
 70
   192
  0
VERTEX
  5
1023
330
101F
100
AcDbEntity
  8
0
 62
     0
100
AcDbVertex
100
AcDbPolyFaceMeshVertex
 10
-618.0
 20
740.0000000000043
 30
0.0
 70
   192
  0
VERTEX
  5
1024
330
101F
100
AcDbEntity
  8
0
 62
     0
100
AcDbFaceRecord
 10
0.0
 20
0.0
 30
0.0
 70
   128
 71
    -1
 72
     2
 73
     3
  0
VERTEX
  5
1025
330
101F
100
AcDbEntity
  8
0
 62
     0
100
AcDbFaceRecord
 10
0.0
 20
0.0
 30
0.0
 70
   128
 71
    -2
 72
     1
 73
     4
  0
SEQEND
  5
1026
330
101F
100
AcDbEntity
  8
0
347
45
 62
     0
  0
LINE
  5
1027
330
1C1
100
AcDbEntity
  8
0
347
45
 62
     0
100
AcDbLine
 10
-618.0
 20
18.00000000000034
 30
18.00000000000024
 11
-618.0
 21
740.0000000000043
 31
18.00000000000024
  0
LINE
  5
1028
330
1C1
100
AcDbEntity
  8
0
347
45
 62
     0
100
AcDbLine
 10
-618.0
 20
740.0000000000043
 30
18.00000000000024
 11
-618.0
 21
740.0000000000043
 31
0.0
  0
LINE
  5
1029
330
1C1
100
AcDbEntity
  8
0
347
45
 62
     0
100
AcDbLine
 10
-618.0
 20
18.00000000000034
 30
0.0
 11
-618.0
 21
740.0000000000043
 31
0.0
  0
LINE
  5
102A
330
1C1
100
AcDbEntity
  8
0
347
45
 62
     0
100
AcDbLine
 10
-618.0
 20
18.00000000000034
 30
18.00000000000024
 11
-618.0
 21
18.00000000000034
 31
0.0
  0
POLYLINE
  5
102B
330
1C1
100
AcDbEntity
  8
0
347
45
 62
     0
100
AcDbPolyFaceMesh
 66
     1
 10
0.0
 20
0.0
 30
0.0
 70
    64
 71
     4
 72
     2
1001
ACAD_MATERIAL_MAPPER
1070
     1
1070
     1
1070
     1
1011
0.0
1021
0.0
1031
0.0
1011
-25.4
1021
0.0
1031
0.0
1011
0.0
1021
0.0
1031
25.4
1011
0.0
1021
1.0
1031
0.0
  0
VERTEX
  5
102C
330
102B
100
AcDbEntity
  8
0
 62
     0
100
AcDbVertex
100
AcDbPolyFaceMeshVertex
 10
-618.0
 20
740.0000000000043
 30
18.00000000000024
 70
   192
  0
VERTEX
  5
102D
330
102B
100
AcDbEntity
  8
0
 62
     0
100
AcDbVertex
100
AcDbPolyFaceMeshVertex
 10
-17.99999999999997
 20
740.0000000000043
 30
0.0
 70
   192
  0
VERTEX
  5
102E
330
102B
100
AcDbEntity
  8
0
 62
     0
100
AcDbVertex
100
AcDbPolyFaceMeshVertex
 10
-618.0
 20
740.0000000000043
 30
0.0
 70
   192
  0
VERTEX
  5
102F
330
102B
100
AcDbEntity
  8
0
 62
     0
100
AcDbVertex
100
AcDbPolyFaceMeshVertex
 10
-17.99999999999997
 20
740.0000000000043
 30
18.00000000000024
 70
   192
  0
VERTEX
  5
1030
330
102B
100
AcDbEntity
  8
0
 62
     0
100
AcDbFaceRecord
 10
0.0
 20
0.0
 30
0.0
 70
   128
 71
    -1
 72
     2
 73
     3
  0
VERTEX
  5
1031
330
102B
100
AcDbEntity
  8
0
 62
     0
100
AcDbFaceRecord
 10
0.0
 20
0.0
 30
0.0
 70
   128
 71
    -2
 72
     1
 73
     4
  0
SEQEND
  5
1032
330
102B
100
AcDbEntity
  8
0
347
45
 62
     0
  0
LINE
  5
1033
330
1C1
100
AcDbEntity
  8
0
347
45
 62
     0
100
AcDbLine
 10
-618.0
 20
740.0000000000043
 30
18.00000000000024
 11
-17.99999999999997
 21
740.0000000000043
 31
18.00000000000024
  0
LINE
  5
1034
330
1C1
100
AcDbEntity
  8
0
347
45
 62
     0
100
AcDbLine
 10
-17.99999999999997
 20
740.0000000000043
 30
18.00000000000024
 11
-17.99999999999997
 21
740.0000000000043
 31
0.0
  0
LINE
  5
1035
330
1C1
100
AcDbEntity
  8
0
347
45
 62
     0
100
AcDbLine
 10
-618.0
 20
740.0000000000043
 30
0.0
 11
-17.99999999999997
 21
740.0000000000043
 31
0.0
  0
LINE
  5
1036
330
1C1
100
AcDbEntity
  8
0
347
45
 62
     0
100
AcDbLine
 10
-618.0
 20
740.0000000000043
 30
18.00000000000024
 11
-618.0
 21
740.0000000000043
 31
0.0
  0
POLYLINE
  5
1037
330
1C1
100
AcDbEntity
  8
0
347
45
 62
     0
100
AcDbPolyFaceMesh
 66
     1
 10
0.0
 20
0.0
 30
0.0
 70
    64
 71
     4
 72
     2
1001
ACAD_MATERIAL_MAPPER
1070
     1
1070
     1
1070
     1
1011
0.0
1021
0.0000000000000028
1031
0.0
1011
0.0
1021
25.4
1031
0.0
1011
0.0
1021
0.0000000000000028
1031
25.4
1011
1.0
1021
0.0000000000000028
1031
0.0
  0
VERTEX
  5
1038
330
1037
100
AcDbEntity
  8
0
 62
     0
100
AcDbVertex
100
AcDbPolyFaceMeshVertex
 10
-17.99999999999997
 20
740.0000000000043
 30
0.0
 70
   192
  0
VERTEX
  5
1039
330
1037
100
AcDbEntity
  8
0
 62
     0
100
AcDbVertex
100
AcDbPolyFaceMeshVertex
 10
-17.99999999999997
 20
18.00000000000034
 30
18.00000000000024
 70
   192
  0
VERTEX
  5
103A
330
1037
100
AcDbEntity
  8
0
 62
     0
100
AcDbVertex
100
AcDbPolyFaceMeshVertex
 10
-17.99999999999997
 20
18.00000000000034
 30
0.0
 70
   192
  0
VERTEX
  5
103B
330
1037
100
AcDbEntity
  8
0
 62
     0
100
AcDbVertex
100
AcDbPolyFaceMeshVertex
 10
-17.99999999999997
 20
740.0000000000043
 30
18.00000000000024
 70
   192
  0
VERTEX
  5
103C
330
1037
100
AcDbEntity
  8
0
 62
     0
100
AcDbFaceRecord
 10
0.0
 20
0.0
 30
0.0
 70
   128
 71
    -1
 72
     2
 73
     3
  0
VERTEX
  5
103D
330
1037
100
AcDbEntity
  8
0
 62
     0
100
AcDbFaceRecord
 10
0.0
 20
0.0
 30
0.0
 70
   128
 71
    -2
 72
     1
 73
     4
  0
SEQEND
  5
103E
330
1037
100
AcDbEntity
  8
0
347
45
 62
     0
  0
LINE
  5
103F
330
1C1
100
AcDbEntity
  8
0
347
45
 62
     0
100
AcDbLine
 10
-17.99999999999997
 20
740.0000000000043
 30
18.00000000000024
 11
-17.99999999999997
 21
18.00000000000034
 31
18.00000000000024
  0
LINE
  5
1040
330
1C1
100
AcDbEntity
  8
0
347
45
 62
     0
100
AcDbLine
 10
-17.99999999999997
 20
18.00000000000034
 30
18.00000000000024
 11
-17.99999999999997
 21
18.00000000000034
 31
0.0
  0
LINE
  5
1041
330
1C1
100
AcDbEntity
  8
0
347
45
 62
     0
100
AcDbLine
 10
-17.99999999999997
 20
740.0000000000043
 30
0.0
 11
-17.99999999999997
 21
18.00000000000034
 31
0.0
  0
LINE
  5
1042
330
1C1
100
AcDbEntity
  8
0
347
45
 62
     0
100
AcDbLine
 10
-17.99999999999997
 20
740.0000000000043
 30
18.00000000000024
 11
-17.99999999999997
 21
740.0000000000043
 31
0.0
  0
INSERT
  5
1043
330
1C1
100
AcDbEntity
  8
0
347
45
 62
     0
100
AcDbBlockReference
 66
     1
  2
Group320#1
 10
67.99999999999997
 20
18.00000000000034
 30
-18.00000000000024
210
0.0
220
0.0
230
-1.0
  0
ATTRIB
  5
1044
330
1043
100
AcDbEntity
  8
0
100
AcDbText
 10
0.0
 20
0.0
 30
0.0
 40
1.0
  1
_ABF_sideDrill
100
AcDbAttribute
  2
Skp_GroupInstanceName
 70
     0
280
     0
  0
SEQEND
  5
1045
330
1043
100
AcDbEntity
  8
0
347
45
 62
     0
  0
INSERT
  5
1046
330
1C1
100
AcDbEntity
  8
0
347
45
 62
     0
100
AcDbBlockReference
 66
     1
  2
Group321#1
 10
67.99999999999997
 20
18.00000000000034
 30
-18.00000000000024
210
0.0
220
0.0
230
-1.0
  0
ATTRIB
  5
1047
330
1046
100
AcDbEntity
  8
0
100
AcDbText
 10
0.0
 20
0.0
 30
0.0
 40
1.0
  1
_ABF_sideDrillDepth
100
AcDbAttribute
  2
Skp_GroupInstanceName
 70
     0
280
     0
  0
SEQEND
  5
1048
330
1046
100
AcDbEntity
  8
0
347
45
 62
     0
  0
INSERT
  5
1049
330
1C1
100
AcDbEntity
  8
0
347
45
 62
     0
100
AcDbBlockReference
 66
     1
  2
Group324#1
 10
568.0
 20
18.00000000000034
 30
-18.00000000000024
210
0.0
220
0.0
230
-1.0
  0
ATTRIB
  5
104A
330
1049
100
AcDbEntity
  8
0
100
AcDbText
 10
0.0
 20
0.0
 30
0.0
 40
1.0
  1
_ABF_sideDrill
100
AcDbAttribute
  2
Skp_GroupInstanceName
 70
     0
280
     0
  0
SEQEND
  5
104B
330
1049
100
AcDbEntity
  8
0
347
45
 62
     0
  0
INSERT
  5
104C
330
1C1
100
AcDbEntity
  8
0
347
45
 62
     0
100
AcDbBlockReference
 66
     1
  2
Group325#1
 10
568.0
 20
18.00000000000034
 30
-18.00000000000024
210
0.0
220
0.0
230
-1.0
  0
ATTRIB
  5
104D
330
104C
100
AcDbEntity
  8
0
100
AcDbText
 10
0.0
 20
0.0
 30
0.0
 40
1.0
  1
_ABF_sideDrillDepth
100
AcDbAttribute
  2
Skp_GroupInstanceName
 70
     0
280
     0
  0
SEQEND
  5
104E
330
104C
100
AcDbEntity
  8
0
347
45
 62
     0
  0
INSERT
  5
104F
330
1C1
100
AcDbEntity
  8
0
347
45
 62
     0
100
AcDbBlockReference
 66
     1
  2
Group328#1
 10
67.99999999999997
 20
740.0000000000043
 30
-18.00000000000024
210
0.0
220
0.0
230
-1.0
  0
ATTRIB
  5
1050
330
104F
100
AcDbEntity
  8
0
100
AcDbText
 10
0.0
 20
0.0
 30
0.0
 40
1.0
  1
_ABF_sideDrill
100
AcDbAttribute
  2
Skp_GroupInstanceName
 70
     0
280
     0
  0
SEQEND
  5
1051
330
104F
100
AcDbEntity
  8
0
347
45
 62
     0
  0
INSERT
  5
1052
330
1C1
100
AcDbEntity
  8
0
347
45
 62
     0
100
AcDbBlockReference
 66
     1
  2
Group329#1
 10
67.99999999999997
 20
740.0000000000043
 30
-18.00000000000024
210
0.0
220
0.0
230
-1.0
  0
ATTRIB
  5
1053
330
1052
100
AcDbEntity
  8
0
100
AcDbText
 10
0.0
 20
0.0
 30
0.0
 40
1.0
  1
_ABF_sideDrillDepth
100
AcDbAttribute
  2
Skp_GroupInstanceName
 70
     0
280
     0
  0
SEQEND
  5
1054
330
1052
100
AcDbEntity
  8
0
347
45
 62
     0
  0
INSERT
  5
1055
330
1C1
100
AcDbEntity
  8
0
347
45
 62
     0
100
AcDbBlockReference
 66
     1
  2
Group332#1
 10
568.0
 20
740.0000000000043
 30
-18.00000000000024
210
0.0
220
0.0
230
-1.0
  0
ATTRIB
  5
1056
330
1055
100
AcDbEntity
  8
0
100
AcDbText
 10
0.0
 20
0.0
 30
0.0
 40
1.0
  1
_ABF_sideDrill
100
AcDbAttribute
  2
Skp_GroupInstanceName
 70
     0
280
     0
  0
SEQEND
  5
1057
330
1055
100
AcDbEntity
  8
0
347
45
 62
     0
  0
INSERT
  5
1058
330
1C1
100
AcDbEntity
  8
0
347
45
 62
     0
100
AcDbBlockReference
 66
     1
  2
Group333#1
 10
568.0
 20
740.0000000000043
 30
-18.00000000000024
210
0.0
220
0.0
230
-1.0
  0
ATTRIB
  5
1059
330
1058
100
AcDbEntity
  8
0
100
AcDbText
 10
0.0
 20
0.0
 30
0.0
 40
1.0
  1
_ABF_sideDrillDepth
100
AcDbAttribute
  2
Skp_GroupInstanceName
 70
     0
280
     0
  0
SEQEND
  5
105A
330
1058
100
AcDbEntity
  8
0
347
45
 62
     0
  0
INSERT
  5
105B
330
1C1
100
AcDbEntity
  8
0
347
45
 62
     0
100
AcDbBlockReference
 66
     1
  2
Group331#2
 10
317.9999999999999
 20
18.00000000000034
 30
-18.00000000000024
210
0.0
220
0.0
230
-1.0
  0
ATTRIB
  5
105C
330
105B
100
AcDbEntity
  8
0
100
AcDbText
 10
0.0
 20
0.0
 30
0.0
 40
1.0
  1
_ABF_sideDrill
100
AcDbAttribute
  2
Skp_GroupInstanceName
 70
     0
280
     0
  0
SEQEND
  5
105D
330
105B
100
AcDbEntity
  8
0
347
45
 62
     0
  0
INSERT
  5
105E
330
1C1
100
AcDbEntity
  8
0
347
45
 62
     0
100
AcDbBlockReference
 66
     1
  2
Group332#2
 10
317.9999999999999
 20
18.00000000000034
 30
-18.00000000000024
210
0.0
220
0.0
230
-1.0
  0
ATTRIB
  5
105F
330
105E
100
AcDbEntity
  8
0
100
AcDbText
 10
0.0
 20
0.0
 30
0.0
 40
1.0
  1
_ABF_sideDrillDepth
100
AcDbAttribute
  2
Skp_GroupInstanceName
 70
     0
280
     0
  0
SEQEND
  5
1060
330
105E
100
AcDbEntity
  8
0
347
45
 62
     0
  0
INSERT
  5
1061
330
1C1
100
AcDbEntity
  8
0
347
45
 62
     0
100
AcDbBlockReference
 66
     1
  2
Group334#1
 10
317.9999999999999
 20
740.0000000000043
 30
-18.00000000000024
210
0.0
220
0.0
230
-1.0
  0
ATTRIB
  5
1062
330
1061
100
AcDbEntity
  8
0
100
AcDbText
 10
0.0
 20
0.0
 30
0.0
 40
1.0
  1
_ABF_sideDrill
100
AcDbAttribute
  2
Skp_GroupInstanceName
 70
     0
280
     0
  0
SEQEND
  5
1063
330
1061
100
AcDbEntity
  8
0
347
45
 62
     0
  0
INSERT
  5
1064
330
1C1
100
AcDbEntity
  8
0
347
45
 62
     0
100
AcDbBlockReference
 66
     1
  2
Group335#1
 10
317.9999999999999
 20
740.0000000000043
 30
-18.00000000000024
210
0.0
220
0.0
230
-1.0
  0
ATTRIB
  5
1065
330
1064
100
AcDbEntity
  8
0
100
AcDbText
 10
0.0
 20
0.0
 30
0.0
 40
1.0
  1
_ABF_sideDrillDepth
100
AcDbAttribute
  2
Skp_GroupInstanceName
 70
     0
280
     0
  0
SEQEND
  5
1066
330
1064
100
AcDbEntity
  8
0
347
45
 62
     0
  0
INSERT
  5
1067
330
1C1
100
AcDbEntity
  8
0
347
45
 62
     0
100
AcDbBlockReference
 66
     1
  2
Group345#1
 10
67.99999999999997
 20
388.0000000000003
 30
-18.00000000000024
210
0.0
220
0.0
230
-1.0
  0
ATTRIB
  5
1068
330
1067
100
AcDbEntity
  8
0
100
AcDbText
 10
0.0
 20
0.0
 30
0.0
 40
1.0
  1
_ABF_minifixPlasticBase
100
AcDbAttribute
  2
Skp_GroupInstanceName
 70
     0
280
     0
  0
SEQEND
  5
1069
330
1067
100
AcDbEntity
  8
0
347
45
 62
     0
  0
INSERT
  5
106A
330
1C1
100
AcDbEntity
  8
0
347
45
 62
     0
100
AcDbBlockReference
 66
     1
  2
Group349#1
 10
568.0
 20
388.0000000000003
 30
-18.00000000000024
210
0.0
220
0.0
230
-1.0
  0
ATTRIB
  5
106B
330
106A
100
AcDbEntity
  8
0
100
AcDbText
 10
0.0
 20
0.0
 30
0.0
 40
1.0
  1
_ABF_minifixPlasticBase
100
AcDbAttribute
  2
Skp_GroupInstanceName
 70
     0
280
     0
  0
SEQEND
  5
106C
330
106A
100
AcDbEntity
  8
0
347
45
 62
     0
  0
INSERT
  5
106D
330
1C1
100
AcDbEntity
  8
0
347
45
 62
     0
100
AcDbBlockReference
 66
     1
  2
Group351#2
 10
317.9999999999999
 20
388.0000000000003
 30
-18.00000000000024
210
0.0
220
0.0
230
-1.0
  0
ATTRIB
  5
106E
330
106D
100
AcDbEntity
  8
0
100
AcDbText
 10
0.0
 20
0.0
 30
0.0
 40
1.0
  1
_ABF_screwInside
100
AcDbAttribute
  2
Skp_GroupInstanceName
 70
     0
280
     0
  0
SEQEND
  5
106F
330
106D
100
AcDbEntity
  8
0
347
45
 62
     0
  0
INSERT
  5
1070
330
1C1
100
AcDbEntity
  8
0
347
45
 62
     0
100
AcDbBlockReference
 66
     1
  2
Group377#1
 10
17.99999999999997
 20
656.5000000000042
 30
-18.00000000000096
210
0.0
220
0.0
230
-1.0
  0
ATTRIB
  5
1071
330
1070
100
AcDbEntity
  8
0
100
AcDbText
 10
0.0
 20
0.0
 30
0.0
 40
1.0
  1
_ABF_hingeMountingPlate
100
AcDbAttribute
  2
Skp_GroupInstanceName
 70
     0
280
     0
  0
SEQEND
  5
1072
330
1070
100
AcDbEntity
  8
0
347
45
 62
     0
  0
INSERT
  5
1073
330
1C1
100
AcDbEntity
  8
0
347
45
 62
     0
100
AcDbBlockReference
 66
     1
  2
Group379#1
 10
17.99999999999997
 20
101.5000000000005
 30
-18.00000000000096
210
0.0
220
0.0
230
-1.0
  0
ATTRIB
  5
1074
330
1073
100
AcDbEntity
  8
0
100
AcDbText
 10
0.0
 20
0.0
 30
0.0
 40
1.0
  1
_ABF_hingeMountingPlate
100
AcDbAttribute
  2
Skp_GroupInstanceName
 70
     0
280
     0
  0
SEQEND
  5
1075
330
1073
100
AcDbEntity
  8
0
347
45
 62
     0
  0
INSERT
  5
1076
330
1C1
100
AcDbEntity
  8
ABF_Label
347
45
 62
     0
100
AcDbBlockReference
 66
     1
  2
Group141#1
 10
-317.9999999999999
 20
379.0000000000023
 30
18.00000000000024
 41
1.574803149606299
 42
1.574803149606299
 50
90.0
  0
ATTRIB
  5
1077
330
1076
100
AcDbEntity
  8
0
100
AcDbText
 10
0.0
 20
0.0
 30
0.0
 40
1.0
  1
_ABF_Label
100
AcDbAttribute
  2
Skp_GroupInstanceName
 70
     0
280
     0
  0
SEQEND
  5
1078
330
1076
100
AcDbEntity
  8
ABF_Label
347
45
 62
     0
  0
INSERT
  5
1079
330
1C1
100
AcDbEntity
  8
ABF_cuttingLines
347
45
 62
     0
100
AcDbBlockReference
 66
     1
  2
Group162#1
 10
0.0
 20
0.0
 30
18.00000000000024
  0
ATTRIB
  5
107A
330
1079
100
AcDbEntity
  8
0
100
AcDbText
 10
0.0
 20
0.0
 30
0.0
 40
1.0
  1
_ABF_cuttingLines
100
AcDbAttribute
  2
Skp_GroupInstanceName
 70
     0
280
     0
  0
SEQEND
  5
107B
330
1079
100
AcDbEntity
  8
ABF_cuttingLines
347
45
 62
     0
  0
INSERT
  5
107C
330
1C1
100
AcDbEntity
  8
ABF_edgeBanding
347
45
 62
     0
100
AcDbBlockReference
 66
     1
  2
Group163#1
 10
0.0
 20
0.0
 30
18.00000000000024
  0
ATTRIB
  5
107D
330
107C
100
AcDbEntity
  8
0
100
AcDbText
 10
0.0
 20
0.0
 30
0.0
 40
1.0
  1
_ABF_edgeBanding
100
AcDbAttribute
  2
Skp_GroupInstanceName
 70
     0
280
     0
  0
SEQEND
  5
107E
330
107C
100
AcDbEntity
  8
ABF_edgeBanding
347
45
 62
     0
  0
ENDBLK
  5
1C3
330
1C1
100
AcDbEntity
  8
0
100
AcDbBlockEnd
  0
BLOCK
  5
1C5
330
1C4
100
AcDbEntity
  8
0
100
AcDbBlockBegin
  2
_____#3
 70
     0
 10
0.0
 20
0.0
 30
0.0
  3
_____#3
  1

  0
POLYLINE
  5
107F
330
1C4
100
AcDbEntity
  8
0
347
E11
 62
     7
420
 16777215
100
AcDbPolyFaceMesh
 66
     1
 10
0.0
 20
0.0
 30
0.0
 70
    64
 71
     4
 72
     2
1001
ACAD_MATERIAL_MAPPER
1070
     1
1070
     1
1070
     1
1011
-0.0000000000001367
1021
0.0000000000001367
1031
0.0
1011
25.39999999999987
1021
0.0000000000001367
1031
0.0
1011
-0.0000000000001367
1021
25.40000000000013
1031
0.0
1011
-0.0000000000001367
1021
0.0000000000001367
1031
1.0
  0
VERTEX
  5
1080
330
107F
100
AcDbEntity
  8
0
 62
     7
420
 16777215
100
AcDbVertex
100
AcDbPolyFaceMeshVertex
 10
-17.99999999999993
 20
-934.0000000000007
 30
17.99999999999988
 70
   192
  0
VERTEX
  5
1081
330
107F
100
AcDbEntity
  8
0
 62
     7
420
 16777215
100
AcDbVertex
100
AcDbPolyFaceMeshVertex
 10
-617.9999999999999
 20
-18.00000000000038
 30
17.99999999999988
 70
   192
  0
VERTEX
  5
1082
330
107F
100
AcDbEntity
  8
0
 62
     7
420
 16777215
100
AcDbVertex
100
AcDbPolyFaceMeshVertex
 10
-618.0
 20
-934.0000000000007
 30
17.99999999999988
 70
   192
  0
VERTEX
  5
1083
330
107F
100
AcDbEntity
  8
0
 62
     7
420
 16777215
100
AcDbVertex
100
AcDbPolyFaceMeshVertex
 10
-17.99999999999988
 20
-18.00000000000042
 30
17.99999999999988
 70
   192
  0
VERTEX
  5
1084
330
107F
100
AcDbEntity
  8
0
 62
     7
420
 16777215
100
AcDbFaceRecord
 10
0.0
 20
0.0
 30
0.0
 70
   128
 71
    -1
 72
     2
 73
     3
  0
VERTEX
  5
1085
330
107F
100
AcDbEntity
  8
0
 62
     7
420
 16777215
100
AcDbFaceRecord
 10
0.0
 20
0.0
 30
0.0
 70
   128
 71
    -2
 72
     1
 73
     4
  0
SEQEND
  5
1086
330
107F
100
AcDbEntity
  8
0
347
E11
 62
     7
420
 16777215
  0
LINE
  5
1087
330
1C4
100
AcDbEntity
  8
0
347
45
 62
     0
100
AcDbLine
 10
-617.9999999999999
 20
-18.00000000000038
 30
17.99999999999988
 11
-17.99999999999988
 21
-18.00000000000042
 31
17.99999999999988
  0
LINE
  5
1088
330
1C4
100
AcDbEntity
  8
0
347
45
 62
     0
100
AcDbLine
 10
-618.0
 20
-934.0000000000007
 30
17.99999999999988
 11
-617.9999999999999
 21
-18.00000000000038
 31
17.99999999999988
  0
LINE
  5
1089
330
1C4
100
AcDbEntity
  8
0
347
45
 62
     0
100
AcDbLine
 10
-17.99999999999993
 20
-934.0000000000007
 30
17.99999999999988
 11
-618.0
 21
-934.0000000000007
 31
17.99999999999988
  0
LINE
  5
108A
330
1C4
100
AcDbEntity
  8
0
347
45
 62
     0
100
AcDbLine
 10
-17.99999999999988
 20
-18.00000000000042
 30
17.99999999999988
 11
-17.99999999999993
 21
-934.0000000000007
 31
17.99999999999988
  0
POLYLINE
  5
108B
330
1C4
100
AcDbEntity
  8
0
347
45
 62
     0
100
AcDbPolyFaceMesh
 66
     1
 10
0.0
 20
0.0
 30
0.0
 70
    64
 71
     4
 72
     2
1001
ACAD_MATERIAL_MAPPER
1070
     1
1070
     1
1070
     1
1011
-0.0000000000001367
1021
0.0000000000001367
1031
0.0
1011
-25.40000000000014
1021
0.0000000000001367
1031
0.0
1011
-0.0000000000001367
1021
25.40000000000013
1031
0.0
1011
-0.0000000000001367
1021
0.0000000000001367
1031
1.0
  0
VERTEX
  5
108C
330
108B
100
AcDbEntity
  8
0
 62
     0
100
AcDbVertex
100
AcDbPolyFaceMeshVertex
 10
-617.9999999999999
 20
-18.00000000000038
 30
0.0
 70
   192
  0
VERTEX
  5
108D
330
108B
100
AcDbEntity
  8
0
 62
     0
100
AcDbVertex
100
AcDbPolyFaceMeshVertex
 10
-17.99999999999993
 20
-934.0000000000007
 30
0.0
 70
   192
  0
VERTEX
  5
108E
330
108B
100
AcDbEntity
  8
0
 62
     0
100
AcDbVertex
100
AcDbPolyFaceMeshVertex
 10
-618.0
 20
-934.0000000000007
 30
0.0
 70
   192
  0
VERTEX
  5
108F
330
108B
100
AcDbEntity
  8
0
 62
     0
100
AcDbVertex
100
AcDbPolyFaceMeshVertex
 10
-17.99999999999988
 20
-18.00000000000042
 30
0.0
 70
   192
  0
VERTEX
  5
1090
330
108B
100
AcDbEntity
  8
0
 62
     0
100
AcDbFaceRecord
 10
0.0
 20
0.0
 30
0.0
 70
   128
 71
    -1
 72
     2
 73
     3
  0
VERTEX
  5
1091
330
108B
100
AcDbEntity
  8
0
 62
     0
100
AcDbFaceRecord
 10
0.0
 20
0.0
 30
0.0
 70
   128
 71
    -2
 72
     1
 73
     4
  0
SEQEND
  5
1092
330
108B
100
AcDbEntity
  8
0
347
45
 62
     0
  0
LINE
  5
1093
330
1C4
100
AcDbEntity
  8
0
347
45
 62
     0
100
AcDbLine
 10
-617.9999999999999
 20
-18.00000000000038
 30
0.0
 11
-17.99999999999988
 21
-18.00000000000042
 31
0.0
  0
LINE
  5
1094
330
1C4
100
AcDbEntity
  8
0
347
45
 62
     0
100
AcDbLine
 10
-17.99999999999988
 20
-18.00000000000042
 30
0.0
 11
-17.99999999999993
 21
-934.0000000000007
 31
0.0
  0
LINE
  5
1095
330
1C4
100
AcDbEntity
  8
0
347
45
 62
     0
100
AcDbLine
 10
-17.99999999999993
 20
-934.0000000000007
 30
0.0
 11
-618.0
 21
-934.0000000000007
 31
0.0
  0
LINE
  5
1096
330
1C4
100
AcDbEntity
  8
0
347
45
 62
     0
100
AcDbLine
 10
-618.0
 20
-934.0000000000007
 30
0.0
 11
-617.9999999999999
 21
-18.00000000000038
 31
0.0
  0
POLYLINE
  5
1097
330
1C4
100
AcDbEntity
  8
0
347
45
 62
     0
100
AcDbPolyFaceMesh
 66
     1
 10
0.0
 20
0.0
 30
0.0
 70
    64
 71
     4
 72
     2
1001
ACAD_MATERIAL_MAPPER
1070
     1
1070
     1
1070
     1
1011
0.0
1021
0.0
1031
0.0
1011
-25.4
1021
0.0
1031
0.0
1011
0.0
1021
0.0
1031
25.4
1011
0.0
1021
1.0
1031
0.0
  0
VERTEX
  5
1098
330
1097
100
AcDbEntity
  8
0
 62
     0
100
AcDbVertex
100
AcDbPolyFaceMeshVertex
 10
-617.9999999999999
 20
-18.00000000000038
 30
17.99999999999988
 70
   192
  0
VERTEX
  5
1099
330
1097
100
AcDbEntity
  8
0
 62
     0
100
AcDbVertex
100
AcDbPolyFaceMeshVertex
 10
-17.99999999999988
 20
-18.00000000000042
 30
0.0
 70
   192
  0
VERTEX
  5
109A
330
1097
100
AcDbEntity
  8
0
 62
     0
100
AcDbVertex
100
AcDbPolyFaceMeshVertex
 10
-617.9999999999999
 20
-18.00000000000038
 30
0.0
 70
   192
  0
VERTEX
  5
109B
330
1097
100
AcDbEntity
  8
0
 62
     0
100
AcDbVertex
100
AcDbPolyFaceMeshVertex
 10
-17.99999999999988
 20
-18.00000000000042
 30
17.99999999999988
 70
   192
  0
VERTEX
  5
109C
330
1097
100
AcDbEntity
  8
0
 62
     0
100
AcDbFaceRecord
 10
0.0
 20
0.0
 30
0.0
 70
   128
 71
    -1
 72
     2
 73
     3
  0
VERTEX
  5
109D
330
1097
100
AcDbEntity
  8
0
 62
     0
100
AcDbFaceRecord
 10
0.0
 20
0.0
 30
0.0
 70
   128
 71
    -2
 72
     1
 73
     4
  0
SEQEND
  5
109E
330
1097
100
AcDbEntity
  8
0
347
45
 62
     0
  0
LINE
  5
109F
330
1C4
100
AcDbEntity
  8
0
347
45
 62
     0
100
AcDbLine
 10
-617.9999999999999
 20
-18.00000000000038
 30
17.99999999999988
 11
-17.99999999999988
 21
-18.00000000000042
 31
17.99999999999988
  0
LINE
  5
10A0
330
1C4
100
AcDbEntity
  8
0
347
45
 62
     0
100
AcDbLine
 10
-17.99999999999988
 20
-18.00000000000042
 30
17.99999999999988
 11
-17.99999999999988
 21
-18.00000000000042
 31
0.0
  0
LINE
  5
10A1
330
1C4
100
AcDbEntity
  8
0
347
45
 62
     0
100
AcDbLine
 10
-617.9999999999999
 20
-18.00000000000038
 30
0.0
 11
-17.99999999999988
 21
-18.00000000000042
 31
0.0
  0
LINE
  5
10A2
330
1C4
100
AcDbEntity
  8
0
347
45
 62
     0
100
AcDbLine
 10
-617.9999999999999
 20
-18.00000000000038
 30
17.99999999999988
 11
-617.9999999999999
 21
-18.00000000000038
 31
0.0
  0
POLYLINE
  5
10A3
330
1C4
100
AcDbEntity
  8
0
347
45
 62
     0
100
AcDbPolyFaceMesh
 66
     1
 10
0.0
 20
0.0
 30
0.0
 70
    64
 71
     4
 72
     2
1001
ACAD_MATERIAL_MAPPER
1070
     1
1070
     1
1070
     1
1011
0.0
1021
-0.0000000000000022
1031
0.0
1011
0.0
1021
25.4
1031
0.0
1011
0.0
1021
-0.0000000000000022
1031
25.4
1011
1.0
1021
-0.0000000000000022
1031
0.0
  0
VERTEX
  5
10A4
330
10A3
100
AcDbEntity
  8
0
 62
     0
100
AcDbVertex
100
AcDbPolyFaceMeshVertex
 10
-17.99999999999988
 20
-18.00000000000042
 30
0.0
 70
   192
  0
VERTEX
  5
10A5
330
10A3
100
AcDbEntity
  8
0
 62
     0
100
AcDbVertex
100
AcDbPolyFaceMeshVertex
 10
-17.99999999999993
 20
-934.0000000000007
 30
17.99999999999988
 70
   192
  0
VERTEX
  5
10A6
330
10A3
100
AcDbEntity
  8
0
 62
     0
100
AcDbVertex
100
AcDbPolyFaceMeshVertex
 10
-17.99999999999993
 20
-934.0000000000007
 30
0.0
 70
   192
  0
VERTEX
  5
10A7
330
10A3
100
AcDbEntity
  8
0
 62
     0
100
AcDbVertex
100
AcDbPolyFaceMeshVertex
 10
-17.99999999999988
 20
-18.00000000000042
 30
17.99999999999988
 70
   192
  0
VERTEX
  5
10A8
330
10A3
100
AcDbEntity
  8
0
 62
     0
100
AcDbFaceRecord
 10
0.0
 20
0.0
 30
0.0
 70
   128
 71
    -1
 72
     2
 73
     3
  0
VERTEX
  5
10A9
330
10A3
100
AcDbEntity
  8
0
 62
     0
100
AcDbFaceRecord
 10
0.0
 20
0.0
 30
0.0
 70
   128
 71
    -2
 72
     1
 73
     4
  0
SEQEND
  5
10AA
330
10A3
100
AcDbEntity
  8
0
347
45
 62
     0
  0
LINE
  5
10AB
330
1C4
100
AcDbEntity
  8
0
347
45
 62
     0
100
AcDbLine
 10
-17.99999999999988
 20
-18.00000000000042
 30
17.99999999999988
 11
-17.99999999999993
 21
-934.0000000000007
 31
17.99999999999988
  0
LINE
  5
10AC
330
1C4
100
AcDbEntity
  8
0
347
45
 62
     0
100
AcDbLine
 10
-17.99999999999993
 20
-934.0000000000007
 30
17.99999999999988
 11
-17.99999999999993
 21
-934.0000000000007
 31
0.0
  0
LINE
  5
10AD
330
1C4
100
AcDbEntity
  8
0
347
45
 62
     0
100
AcDbLine
 10
-17.99999999999988
 20
-18.00000000000042
 30
0.0
 11
-17.99999999999993
 21
-934.0000000000007
 31
0.0
  0
LINE
  5
10AE
330
1C4
100
AcDbEntity
  8
0
347
45
 62
     0
100
AcDbLine
 10
-17.99999999999988
 20
-18.00000000000042
 30
17.99999999999988
 11
-17.99999999999988
 21
-18.00000000000042
 31
0.0
  0
POLYLINE
  5
10AF
330
1C4
100
AcDbEntity
  8
0
347
45
 62
     0
100
AcDbPolyFaceMesh
 66
     1
 10
0.0
 20
0.0
 30
0.0
 70
    64
 71
     4
 72
     2
1001
ACAD_MATERIAL_MAPPER
1070
     1
1070
     1
1070
     1
1011
-0.0000000000000543
1021
0.0
1031
0.0
1011
25.39999999999995
1021
0.0
1031
0.0
1011
-0.0000000000000543
1021
0.0
1031
25.4
1011
-0.0000000000000543
1021
1.0
1031
0.0
  0
VERTEX
  5
10B0
330
10AF
100
AcDbEntity
  8
0
 62
     0
100
AcDbVertex
100
AcDbPolyFaceMeshVertex
 10
-17.99999999999993
 20
-934.0000000000007
 30
17.99999999999988
 70
   192
  0
VERTEX
  5
10B1
330
10AF
100
AcDbEntity
  8
0
 62
     0
100
AcDbVertex
100
AcDbPolyFaceMeshVertex
 10
-618.0
 20
-934.0000000000007
 30
0.0
 70
   192
  0
VERTEX
  5
10B2
330
10AF
100
AcDbEntity
  8
0
 62
     0
100
AcDbVertex
100
AcDbPolyFaceMeshVertex
 10
-17.99999999999993
 20
-934.0000000000007
 30
0.0
 70
   192
  0
VERTEX
  5
10B3
330
10AF
100
AcDbEntity
  8
0
 62
     0
100
AcDbVertex
100
AcDbPolyFaceMeshVertex
 10
-618.0
 20
-934.0000000000007
 30
17.99999999999988
 70
   192
  0
VERTEX
  5
10B4
330
10AF
100
AcDbEntity
  8
0
 62
     0
100
AcDbFaceRecord
 10
0.0
 20
0.0
 30
0.0
 70
   128
 71
    -1
 72
     2
 73
     3
  0
VERTEX
  5
10B5
330
10AF
100
AcDbEntity
  8
0
 62
     0
100
AcDbFaceRecord
 10
0.0
 20
0.0
 30
0.0
 70
   128
 71
    -2
 72
     1
 73
     4
  0
SEQEND
  5
10B6
330
10AF
100
AcDbEntity
  8
0
347
45
 62
     0
  0
LINE
  5
10B7
330
1C4
100
AcDbEntity
  8
0
347
45
 62
     0
100
AcDbLine
 10
-17.99999999999993
 20
-934.0000000000007
 30
17.99999999999988
 11
-618.0
 21
-934.0000000000007
 31
17.99999999999988
  0
LINE
  5
10B8
330
1C4
100
AcDbEntity
  8
0
347
45
 62
     0
100
AcDbLine
 10
-618.0
 20
-934.0000000000007
 30
17.99999999999988
 11
-618.0
 21
-934.0000000000007
 31
0.0
  0
LINE
  5
10B9
330
1C4
100
AcDbEntity
  8
0
347
45
 62
     0
100
AcDbLine
 10
-17.99999999999993
 20
-934.0000000000007
 30
0.0
 11
-618.0
 21
-934.0000000000007
 31
0.0
  0
LINE
  5
10BA
330
1C4
100
AcDbEntity
  8
0
347
45
 62
     0
100
AcDbLine
 10
-17.99999999999993
 20
-934.0000000000007
 30
17.99999999999988
 11
-17.99999999999993
 21
-934.0000000000007
 31
0.0
  0
POLYLINE
  5
10BB
330
1C4
100
AcDbEntity
  8
0
347
45
 62
     0
100
AcDbPolyFaceMesh
 66
     1
 10
0.0
 20
0.0
 30
0.0
 70
    64
 71
     4
 72
     2
1001
ACAD_MATERIAL_MAPPER
1070
     1
1070
     1
1070
     1
1011
0.0
1021
0.0
1031
0.0
1011
0.0
1021
-25.4
1031
0.0
1011
0.0
1021
0.0
1031
25.4
1011
1.0
1021
0.0
1031
0.0
  0
VERTEX
  5
10BC
330
10BB
100
AcDbEntity
  8
0
 62
     0
100
AcDbVertex
100
AcDbPolyFaceMeshVertex
 10
-617.9999999999999
 20
-18.00000000000038
 30
17.99999999999988
 70
   192
  0
VERTEX
  5
10BD
330
10BB
100
AcDbEntity
  8
0
 62
     0
100
AcDbVertex
100
AcDbPolyFaceMeshVertex
 10
-618.0
 20
-934.0000000000007
 30
0.0
 70
   192
  0
VERTEX
  5
10BE
330
10BB
100
AcDbEntity
  8
0
 62
     0
100
AcDbVertex
100
AcDbPolyFaceMeshVertex
 10
-618.0
 20
-934.0000000000007
 30
17.99999999999988
 70
   192
  0
VERTEX
  5
10BF
330
10BB
100
AcDbEntity
  8
0
 62
     0
100
AcDbVertex
100
AcDbPolyFaceMeshVertex
 10
-617.9999999999999
 20
-18.00000000000038
 30
0.0
 70
   192
  0
VERTEX
  5
10C0
330
10BB
100
AcDbEntity
  8
0
 62
     0
100
AcDbFaceRecord
 10
0.0
 20
0.0
 30
0.0
 70
   128
 71
    -1
 72
     2
 73
     3
  0
VERTEX
  5
10C1
330
10BB
100
AcDbEntity
  8
0
 62
     0
100
AcDbFaceRecord
 10
0.0
 20
0.0
 30
0.0
 70
   128
 71
    -2
 72
     1
 73
     4
  0
SEQEND
  5
10C2
330
10BB
100
AcDbEntity
  8
0
347
45
 62
     0
  0
LINE
  5
10C3
330
1C4
100
AcDbEntity
  8
0
347
45
 62
     0
100
AcDbLine
 10
-618.0
 20
-934.0000000000007
 30
17.99999999999988
 11
-617.9999999999999
 21
-18.00000000000038
 31
17.99999999999988
  0
LINE
  5
10C4
330
1C4
100
AcDbEntity
  8
0
347
45
 62
     0
100
AcDbLine
 10
-617.9999999999999
 20
-18.00000000000038
 30
17.99999999999988
 11
-617.9999999999999
 21
-18.00000000000038
 31
0.0
  0
LINE
  5
10C5
330
1C4
100
AcDbEntity
  8
0
347
45
 62
     0
100
AcDbLine
 10
-618.0
 20
-934.0000000000007
 30
0.0
 11
-617.9999999999999
 21
-18.00000000000038
 31
0.0
  0
LINE
  5
10C6
330
1C4
100
AcDbEntity
  8
0
347
45
 62
     0
100
AcDbLine
 10
-618.0
 20
-934.0000000000007
 30
17.99999999999988
 11
-618.0
 21
-934.0000000000007
 31
0.0
  0
INSERT
  5
10C7
330
1C4
100
AcDbEntity
  8
0
347
45
 62
     0
100
AcDbBlockReference
 66
     1
  2
Group338#1
 10
67.99999999999987
 20
-18.00000000000042
 30
0.0
 50
180.0
210
0.0
220
0.0
230
-1.0
  0
ATTRIB
  5
10C8
330
10C7
100
AcDbEntity
  8
0
100
AcDbText
 10
0.0
 20
0.0
 30
0.0
 40
1.0
  1
_ABF_sideDrill
100
AcDbAttribute
  2
Skp_GroupInstanceName
 70
     0
280
     0
  0
SEQEND
  5
10C9
330
10C7
100
AcDbEntity
  8
0
347
45
 62
     0
  0
INSERT
  5
10CA
330
1C4
100
AcDbEntity
  8
0
347
45
 62
     0
100
AcDbBlockReference
 66
     1
  2
Group339#1
 10
67.99999999999987
 20
-18.00000000000042
 30
0.0
 50
180.0
210
0.0
220
0.0
230
-1.0
  0
ATTRIB
  5
10CB
330
10CA
100
AcDbEntity
  8
0
100
AcDbText
 10
0.0
 20
0.0
 30
0.0
 40
1.0
  1
_ABF_sideDrillDepth
100
AcDbAttribute
  2
Skp_GroupInstanceName
 70
     0
280
     0
  0
SEQEND
  5
10CC
330
10CA
100
AcDbEntity
  8
0
347
45
 62
     0
  0
INSERT
  5
10CD
330
1C4
100
AcDbEntity
  8
0
347
45
 62
     0
100
AcDbBlockReference
 66
     1
  2
Group342#1
 10
567.9999999999999
 20
-18.00000000000038
 30
0.0
 50
180.0
210
0.0
220
0.0
230
-1.0
  0
ATTRIB
  5
10CE
330
10CD
100
AcDbEntity
  8
0
100
AcDbText
 10
0.0
 20
0.0
 30
0.0
 40
1.0
  1
_ABF_sideDrill
100
AcDbAttribute
  2
Skp_GroupInstanceName
 70
     0
280
     0
  0
SEQEND
  5
10CF
330
10CD
100
AcDbEntity
  8
0
347
45
 62
     0
  0
INSERT
  5
10D0
330
1C4
100
AcDbEntity
  8
0
347
45
 62
     0
100
AcDbBlockReference
 66
     1
  2
Group343#1
 10
567.9999999999999
 20
-18.00000000000038
 30
0.0
 50
180.0
210
0.0
220
0.0
230
-1.0
  0
ATTRIB
  5
10D1
330
10D0
100
AcDbEntity
  8
0
100
AcDbText
 10
0.0
 20
0.0
 30
0.0
 40
1.0
  1
_ABF_sideDrillDepth
100
AcDbAttribute
  2
Skp_GroupInstanceName
 70
     0
280
     0
  0
SEQEND
  5
10D2
330
10D0
100
AcDbEntity
  8
0
347
45
 62
     0
  0
INSERT
  5
10D3
330
1C4
100
AcDbEntity
  8
0
347
45
 62
     0
100
AcDbBlockReference
 66
     1
  2
Group346#1
 10
67.99999999999993
 20
-934.0000000000007
 30
0.0
 50
180.0
210
0.0
220
0.0
230
-1.0
  0
ATTRIB
  5
10D4
330
10D3
100
AcDbEntity
  8
0
100
AcDbText
 10
0.0
 20
0.0
 30
0.0
 40
1.0
  1
_ABF_sideDrill
100
AcDbAttribute
  2
Skp_GroupInstanceName
 70
     0
280
     0
  0
SEQEND
  5
10D5
330
10D3
100
AcDbEntity
  8
0
347
45
 62
     0
  0
INSERT
  5
10D6
330
1C4
100
AcDbEntity
  8
0
347
45
 62
     0
100
AcDbBlockReference
 66
     1
  2
Group347#1
 10
67.99999999999993
 20
-934.0000000000007
 30
0.0
 50
180.0
210
0.0
220
0.0
230
-1.0
  0
ATTRIB
  5
10D7
330
10D6
100
AcDbEntity
  8
0
100
AcDbText
 10
0.0
 20
0.0
 30
0.0
 40
1.0
  1
_ABF_sideDrillDepth
100
AcDbAttribute
  2
Skp_GroupInstanceName
 70
     0
280
     0
  0
SEQEND
  5
10D8
330
10D6
100
AcDbEntity
  8
0
347
45
 62
     0
  0
INSERT
  5
10D9
330
1C4
100
AcDbEntity
  8
0
347
45
 62
     0
100
AcDbBlockReference
 66
     1
  2
Group350#1
 10
568.0
 20
-934.0000000000007
 30
0.0
 50
180.0
210
0.0
220
0.0
230
-1.0
  0
ATTRIB
  5
10DA
330
10D9
100
AcDbEntity
  8
0
100
AcDbText
 10
0.0
 20
0.0
 30
0.0
 40
1.0
  1
_ABF_sideDrill
100
AcDbAttribute
  2
Skp_GroupInstanceName
 70
     0
280
     0
  0
SEQEND
  5
10DB
330
10D9
100
AcDbEntity
  8
0
347
45
 62
     0
  0
INSERT
  5
10DC
330
1C4
100
AcDbEntity
  8
0
347
45
 62
     0
100
AcDbBlockReference
 66
     1
  2
Group351#1
 10
568.0
 20
-934.0000000000007
 30
0.0
 50
180.0
210
0.0
220
0.0
230
-1.0
  0
ATTRIB
  5
10DD
330
10DC
100
AcDbEntity
  8
0
100
AcDbText
 10
0.0
 20
0.0
 30
0.0
 40
1.0
  1
_ABF_sideDrillDepth
100
AcDbAttribute
  2
Skp_GroupInstanceName
 70
     0
280
     0
  0
SEQEND
  5
10DE
330
10DC
100
AcDbEntity
  8
0
347
45
 62
     0
  0
INSERT
  5
10DF
330
1C4
100
AcDbEntity
  8
0
347
45
 62
     0
100
AcDbBlockReference
 66
     1
  2
Group349#2
 10
317.9999999999999
 20
-18.0000000000004
 30
0.0
 50
180.0
210
0.0
220
0.0
230
-1.0
  0
ATTRIB
  5
10E0
330
10DF
100
AcDbEntity
  8
0
100
AcDbText
 10
0.0
 20
0.0
 30
0.0
 40
1.0
  1
_ABF_sideDrill
100
AcDbAttribute
  2
Skp_GroupInstanceName
 70
     0
280
     0
  0
SEQEND
  5
10E1
330
10DF
100
AcDbEntity
  8
0
347
45
 62
     0
  0
INSERT
  5
10E2
330
1C4
100
AcDbEntity
  8
0
347
45
 62
     0
100
AcDbBlockReference
 66
     1
  2
Group350#2
 10
317.9999999999999
 20
-18.0000000000004
 30
0.0
 50
180.0
210
0.0
220
0.0
230
-1.0
  0
ATTRIB
  5
10E3
330
10E2
100
AcDbEntity
  8
0
100
AcDbText
 10
0.0
 20
0.0
 30
0.0
 40
1.0
  1
_ABF_sideDrillDepth
100
AcDbAttribute
  2
Skp_GroupInstanceName
 70
     0
280
     0
  0
SEQEND
  5
10E4
330
10E2
100
AcDbEntity
  8
0
347
45
 62
     0
  0
INSERT
  5
10E5
330
1C4
100
AcDbEntity
  8
0
347
45
 62
     0
100
AcDbBlockReference
 66
     1
  2
Group352#1
 10
317.9999999999999
 20
-934.0000000000007
 30
0.0
 50
180.0
210
0.0
220
0.0
230
-1.0
  0
ATTRIB
  5
10E6
330
10E5
100
AcDbEntity
  8
0
100
AcDbText
 10
0.0
 20
0.0
 30
0.0
 40
1.0
  1
_ABF_sideDrill
100
AcDbAttribute
  2
Skp_GroupInstanceName
 70
     0
280
     0
  0
SEQEND
  5
10E7
330
10E5
100
AcDbEntity
  8
0
347
45
 62
     0
  0
INSERT
  5
10E8
330
1C4
100
AcDbEntity
  8
0
347
45
 62
     0
100
AcDbBlockReference
 66
     1
  2
Group353#1
 10
317.9999999999999
 20
-934.0000000000007
 30
0.0
 50
180.0
210
0.0
220
0.0
230
-1.0
  0
ATTRIB
  5
10E9
330
10E8
100
AcDbEntity
  8
0
100
AcDbText
 10
0.0
 20
0.0
 30
0.0
 40
1.0
  1
_ABF_sideDrillDepth
100
AcDbAttribute
  2
Skp_GroupInstanceName
 70
     0
280
     0
  0
SEQEND
  5
10EA
330
10E8
100
AcDbEntity
  8
0
347
45
 62
     0
  0
INSERT
  5
10EB
330
1C4
100
AcDbEntity
  8
0
347
45
 62
     0
100
AcDbBlockReference
 66
     1
  2
Group363#1
 10
67.99999999999991
 20
-485.0000000000003
 30
-17.99999999999988
 50
180.0
210
0.0
220
0.0
230
-1.0
  0
ATTRIB
  5
10EC
330
10EB
100
AcDbEntity
  8
0
100
AcDbText
 10
0.0
 20
0.0
 30
0.0
 40
1.0
  1
_ABF_minifixPlasticBase
100
AcDbAttribute
  2
Skp_GroupInstanceName
 70
     0
280
     0
  0
SEQEND
  5
10ED
330
10EB
100
AcDbEntity
  8
0
347
45
 62
     0
  0
INSERT
  5
10EE
330
1C4
100
AcDbEntity
  8
0
347
45
 62
     0
100
AcDbBlockReference
 66
     1
  2
Group367#1
 10
567.9999999999999
 20
-485.0000000000003
 30
-17.99999999999988
 50
180.0
210
0.0
220
0.0
230
-1.0
  0
ATTRIB
  5
10EF
330
10EE
100
AcDbEntity
  8
0
100
AcDbText
 10
0.0
 20
0.0
 30
0.0
 40
1.0
  1
_ABF_minifixPlasticBase
100
AcDbAttribute
  2
Skp_GroupInstanceName
 70
     0
280
     0
  0
SEQEND
  5
10F0
330
10EE
100
AcDbEntity
  8
0
347
45
 62
     0
  0
INSERT
  5
10F1
330
1C4
100
AcDbEntity
  8
0
347
45
 62
     0
100
AcDbBlockReference
 66
     1
  2
Group369#2
 10
317.9999999999999
 20
-485.0000000000003
 30
-17.99999999999988
 50
180.0
210
0.0
220
0.0
230
-1.0
  0
ATTRIB
  5
10F2
330
10F1
100
AcDbEntity
  8
0
100
AcDbText
 10
0.0
 20
0.0
 30
0.0
 40
1.0
  1
_ABF_screwInside
100
AcDbAttribute
  2
Skp_GroupInstanceName
 70
     0
280
     0
  0
SEQEND
  5
10F3
330
10F1
100
AcDbEntity
  8
0
347
45
 62
     0
  0
INSERT
  5
10F4
330
1C4
100
AcDbEntity
  8
ABF_Label
347
45
 62
     0
100
AcDbBlockReference
 66
     1
  2
Group137#1
 10
-317.9999999999999
 20
-476.0000000000006
 30
17.99999999999988
 41
1.574803149606299
 42
1.574803149606299
 50
90.0
  0
ATTRIB
  5
10F5
330
10F4
100
AcDbEntity
  8
0
100
AcDbText
 10
0.0
 20
0.0
 30
0.0
 40
1.0
  1
_ABF_Label
100
AcDbAttribute
  2
Skp_GroupInstanceName
 70
     0
280
     0
  0
SEQEND
  5
10F6
330
10F4
100
AcDbEntity
  8
ABF_Label
347
45
 62
     0
  0
INSERT
  5
10F7
330
1C4
100
AcDbEntity
  8
ABF_cuttingLines
347
45
 62
     0
100
AcDbBlockReference
 66
     1
  2
Group164#1
 10
0.0
 20
0.0
 30
17.99999999999988
  0
ATTRIB
  5
10F8
330
10F7
100
AcDbEntity
  8
0
100
AcDbText
 10
0.0
 20
0.0
 30
0.0
 40
1.0
  1
_ABF_cuttingLines
100
AcDbAttribute
  2
Skp_GroupInstanceName
 70
     0
280
     0
  0
SEQEND
  5
10F9
330
10F7
100
AcDbEntity
  8
ABF_cuttingLines
347
45
 62
     0
  0
INSERT
  5
10FA
330
1C4
100
AcDbEntity
  8
ABF_edgeBanding
347
45
 62
     0
100
AcDbBlockReference
 66
     1
  2
Group165#1
 10
0.0
 20
0.0
 30
17.99999999999988
  0
ATTRIB
  5
10FB
330
10FA
100
AcDbEntity
  8
0
100
AcDbText
 10
0.0
 20
0.0
 30
0.0
 40
1.0
  1
_ABF_edgeBanding
100
AcDbAttribute
  2
Skp_GroupInstanceName
 70
     0
280
     0
  0
SEQEND
  5
10FC
330
10FA
100
AcDbEntity
  8
ABF_edgeBanding
347
45
 62
     0
  0
ENDBLK
  5
1C6
330
1C4
100
AcDbEntity
  8
0
100
AcDbBlockEnd
  0
BLOCK
  5
1C8
330
1C7
100
AcDbEntity
  8
0
100
AcDbBlockBegin
  2
_____#34
 70
     0
 10
0.0
 20
0.0
 30
0.0
  3
_____#34
  1

  0
POLYLINE
  5
10FD
330
1C7
100
AcDbEntity
  8
0
347
45
 62
     0
100
AcDbPolyFaceMesh
 66
     1
 10
0.0
 20
0.0
 30
0.0
 70
    64
 71
     4
 72
     2
1001
ACAD_MATERIAL_MAPPER
1070
     1
1070
     1
1070
     1
1011
0.0000000000000041
1021
0.0
1031
0.0
1011
-25.4
1021
0.0
1031
0.0
1011
0.0000000000000041
1021
25.4
1031
0.0
1011
0.0000000000000041
1021
0.0
1031
1.0
  0
VERTEX
  5
10FE
330
10FD
100
AcDbEntity
  8
0
 62
     0
100
AcDbVertex
100
AcDbPolyFaceMeshVertex
 10
-617.9999999999998
 20
952.0000000000002
 30
0.0
 70
   192
  0
VERTEX
  5
10FF
330
10FD
100
AcDbEntity
  8
0
 62
     0
100
AcDbVertex
100
AcDbPolyFaceMeshVertex
 10
-17.99999999999988
 20
0.0000000000001816
 30
0.0
 70
   192
  0
VERTEX
  5
1100
330
10FD
100
AcDbEntity
  8
0
 62
     0
100
AcDbVertex
100
AcDbPolyFaceMeshVertex
 10
-617.9999999999999
 20
0.0000000000002183
 30
0.0
 70
   192
  0
VERTEX
  5
1101
330
10FD
100
AcDbEntity
  8
0
 62
     0
100
AcDbVertex
100
AcDbPolyFaceMeshVertex
 10
-17.99999999999982
 20
952.0000000000002
 30
0.0
 70
   192
  0
VERTEX
  5
1102
330
10FD
100
AcDbEntity
  8
0
 62
     0
100
AcDbFaceRecord
 10
0.0
 20
0.0
 30
0.0
 70
   128
 71
    -1
 72
     2
 73
     3
  0
VERTEX
  5
1103
330
10FD
100
AcDbEntity
  8
0
 62
     0
100
AcDbFaceRecord
 10
0.0
 20
0.0
 30
0.0
 70
   128
 71
    -2
 72
     1
 73
     4
  0
SEQEND
  5
1104
330
10FD
100
AcDbEntity
  8
0
347
45
 62
     0
  0
LINE
  5
1105
330
1C7
100
AcDbEntity
  8
0
347
45
 62
     0
100
AcDbLine
 10
-617.9999999999999
 20
0.0000000000002183
 30
0.0
 11
-17.99999999999988
 21
0.0000000000001816
 31
0.0
  0
LINE
  5
1106
330
1C7
100
AcDbEntity
  8
0
347
45
 62
     0
100
AcDbLine
 10
-617.9999999999998
 20
952.0000000000002
 30
0.0
 11
-617.9999999999999
 21
0.0000000000002183
 31
0.0
  0
LINE
  5
1107
330
1C7
100
AcDbEntity
  8
0
347
45
 62
     0
100
AcDbLine
 10
-17.99999999999982
 20
952.0000000000002
 30
0.0
 11
-617.9999999999998
 21
952.0000000000002
 31
0.0
  0
LINE
  5
1108
330
1C7
100
AcDbEntity
  8
0
347
45
 62
     0
100
AcDbLine
 10
-17.99999999999988
 20
0.0000000000001816
 30
0.0
 11
-17.99999999999982
 21
952.0000000000002
 31
0.0
  0
POLYLINE
  5
1109
330
1C7
100
AcDbEntity
  8
0
347
E11
 62
     7
420
 16777215
100
AcDbPolyFaceMesh
 66
     1
 10
0.0
 20
0.0
 30
0.0
 70
    64
 71
     4
 72
     2
1001
ACAD_MATERIAL_MAPPER
1070
     1
1070
     1
1070
     1
1011
0.0000000000000041
1021
0.0
1031
0.0
1011
25.4
1021
0.0
1031
0.0
1011
0.0000000000000041
1021
25.4
1031
0.0
1011
0.0000000000000041
1021
0.0
1031
1.0
  0
VERTEX
  5
110A
330
1109
100
AcDbEntity
  8
0
 62
     7
420
 16777215
100
AcDbVertex
100
AcDbPolyFaceMeshVertex
 10
-17.99999999999988
 20
0.0000000000001816
 30
17.99999999999988
 70
   192
  0
VERTEX
  5
110B
330
1109
100
AcDbEntity
  8
0
 62
     7
420
 16777215
100
AcDbVertex
100
AcDbPolyFaceMeshVertex
 10
-617.9999999999998
 20
952.0000000000002
 30
17.99999999999988
 70
   192
  0
VERTEX
  5
110C
330
1109
100
AcDbEntity
  8
0
 62
     7
420
 16777215
100
AcDbVertex
100
AcDbPolyFaceMeshVertex
 10
-617.9999999999999
 20
0.0000000000002183
 30
17.99999999999988
 70
   192
  0
VERTEX
  5
110D
330
1109
100
AcDbEntity
  8
0
 62
     7
420
 16777215
100
AcDbVertex
100
AcDbPolyFaceMeshVertex
 10
-17.99999999999982
 20
952.0000000000002
 30
17.99999999999988
 70
   192
  0
VERTEX
  5
110E
330
1109
100
AcDbEntity
  8
0
 62
     7
420
 16777215
100
AcDbFaceRecord
 10
0.0
 20
0.0
 30
0.0
 70
   128
 71
    -1
 72
     2
 73
     3
  0
VERTEX
  5
110F
330
1109
100
AcDbEntity
  8
0
 62
     7
420
 16777215
100
AcDbFaceRecord
 10
0.0
 20
0.0
 30
0.0
 70
   128
 71
    -2
 72
     1
 73
     4
  0
SEQEND
  5
1110
330
1109
100
AcDbEntity
  8
0
347
E11
 62
     7
420
 16777215
  0
LINE
  5
1111
330
1C7
100
AcDbEntity
  8
0
347
45
 62
     0
100
AcDbLine
 10
-617.9999999999999
 20
0.0000000000002183
 30
17.99999999999988
 11
-17.99999999999988
 21
0.0000000000001816
 31
17.99999999999988
  0
LINE
  5
1112
330
1C7
100
AcDbEntity
  8
0
347
45
 62
     0
100
AcDbLine
 10
-17.99999999999988
 20
0.0000000000001816
 30
17.99999999999988
 11
-17.99999999999982
 21
952.0000000000002
 31
17.99999999999988
  0
LINE
  5
1113
330
1C7
100
AcDbEntity
  8
0
347
45
 62
     0
100
AcDbLine
 10
-17.99999999999982
 20
952.0000000000002
 30
17.99999999999988
 11
-617.9999999999998
 21
952.0000000000002
 31
17.99999999999988
  0
LINE
  5
1114
330
1C7
100
AcDbEntity
  8
0
347
45
 62
     0
100
AcDbLine
 10
-617.9999999999998
 20
952.0000000000002
 30
17.99999999999988
 11
-617.9999999999999
 21
0.0000000000002183
 31
17.99999999999988
  0
POLYLINE
  5
1115
330
1C7
100
AcDbEntity
  8
0
347
45
 62
     0
100
AcDbPolyFaceMesh
 66
     1
 10
0.0
 20
0.0
 30
0.0
 70
    64
 71
     4
 72
     2
1001
ACAD_MATERIAL_MAPPER
1070
     1
1070
     1
1070
     1
1011
0.0
1021
0.0
1031
0.0
1011
25.4
1021
0.0
1031
0.0
1011
0.0
1021
0.0
1031
25.4
1011
0.0
1021
1.0
1031
0.0
  0
VERTEX
  5
1116
330
1115
100
AcDbEntity
  8
0
 62
     0
100
AcDbVertex
100
AcDbPolyFaceMeshVertex
 10
-17.99999999999988
 20
0.0000000000001816
 30
17.99999999999988
 70
   192
  0
VERTEX
  5
1117
330
1115
100
AcDbEntity
  8
0
 62
     0
100
AcDbVertex
100
AcDbPolyFaceMeshVertex
 10
-617.9999999999999
 20
0.0000000000002183
 30
0.0
 70
   192
  0
VERTEX
  5
1118
330
1115
100
AcDbEntity
  8
0
 62
     0
100
AcDbVertex
100
AcDbPolyFaceMeshVertex
 10
-17.99999999999988
 20
0.0000000000001816
 30
0.0
 70
   192
  0
VERTEX
  5
1119
330
1115
100
AcDbEntity
  8
0
 62
     0
100
AcDbVertex
100
AcDbPolyFaceMeshVertex
 10
-617.9999999999999
 20
0.0000000000002183
 30
17.99999999999988
 70
   192
  0
VERTEX
  5
111A
330
1115
100
AcDbEntity
  8
0
 62
     0
100
AcDbFaceRecord
 10
0.0
 20
0.0
 30
0.0
 70
   128
 71
    -1
 72
     2
 73
     3
  0
VERTEX
  5
111B
330
1115
100
AcDbEntity
  8
0
 62
     0
100
AcDbFaceRecord
 10
0.0
 20
0.0
 30
0.0
 70
   128
 71
    -2
 72
     1
 73
     4
  0
SEQEND
  5
111C
330
1115
100
AcDbEntity
  8
0
347
45
 62
     0
  0
LINE
  5
111D
330
1C7
100
AcDbEntity
  8
0
347
45
 62
     0
100
AcDbLine
 10
-617.9999999999999
 20
0.0000000000002183
 30
0.0
 11
-17.99999999999988
 21
0.0000000000001816
 31
0.0
  0
LINE
  5
111E
330
1C7
100
AcDbEntity
  8
0
347
45
 62
     0
100
AcDbLine
 10
-17.99999999999988
 20
0.0000000000001816
 30
0.0
 11
-17.99999999999988
 21
0.0000000000001816
 31
17.99999999999988
  0
LINE
  5
111F
330
1C7
100
AcDbEntity
  8
0
347
45
 62
     0
100
AcDbLine
 10
-617.9999999999999
 20
0.0000000000002183
 30
17.99999999999988
 11
-17.99999999999988
 21
0.0000000000001816
 31
17.99999999999988
  0
LINE
  5
1120
330
1C7
100
AcDbEntity
  8
0
347
45
 62
     0
100
AcDbLine
 10
-617.9999999999999
 20
0.0000000000002183
 30
0.0
 11
-617.9999999999999
 21
0.0000000000002183
 31
17.99999999999988
  0
POLYLINE
  5
1121
330
1C7
100
AcDbEntity
  8
0
347
45
 62
     0
100
AcDbPolyFaceMesh
 66
     1
 10
0.0
 20
0.0
 30
0.0
 70
    64
 71
     4
 72
     2
1001
ACAD_MATERIAL_MAPPER
1070
     1
1070
     1
1070
     1
1011
0.0
1021
0.0000000000000011
1031
0.0
1011
0.0
1021
25.4
1031
0.0
1011
0.0
1021
0.0000000000000011
1031
25.4
1011
1.0
1021
0.0000000000000011
1031
0.0
  0
VERTEX
  5
1122
330
1121
100
AcDbEntity
  8
0
 62
     0
100
AcDbVertex
100
AcDbPolyFaceMeshVertex
 10
-17.99999999999982
 20
952.0000000000002
 30
0.0
 70
   192
  0
VERTEX
  5
1123
330
1121
100
AcDbEntity
  8
0
 62
     0
100
AcDbVertex
100
AcDbPolyFaceMeshVertex
 10
-17.99999999999988
 20
0.0000000000001816
 30
17.99999999999988
 70
   192
  0
VERTEX
  5
1124
330
1121
100
AcDbEntity
  8
0
 62
     0
100
AcDbVertex
100
AcDbPolyFaceMeshVertex
 10
-17.99999999999988
 20
0.0000000000001816
 30
0.0
 70
   192
  0
VERTEX
  5
1125
330
1121
100
AcDbEntity
  8
0
 62
     0
100
AcDbVertex
100
AcDbPolyFaceMeshVertex
 10
-17.99999999999982
 20
952.0000000000002
 30
17.99999999999988
 70
   192
  0
VERTEX
  5
1126
330
1121
100
AcDbEntity
  8
0
 62
     0
100
AcDbFaceRecord
 10
0.0
 20
0.0
 30
0.0
 70
   128
 71
    -1
 72
     2
 73
     3
  0
VERTEX
  5
1127
330
1121
100
AcDbEntity
  8
0
 62
     0
100
AcDbFaceRecord
 10
0.0
 20
0.0
 30
0.0
 70
   128
 71
    -2
 72
     1
 73
     4
  0
SEQEND
  5
1128
330
1121
100
AcDbEntity
  8
0
347
45
 62
     0
  0
LINE
  5
1129
330
1C7
100
AcDbEntity
  8
0
347
45
 62
     0
100
AcDbLine
 10
-17.99999999999988
 20
0.0000000000001816
 30
0.0
 11
-17.99999999999982
 21
952.0000000000002
 31
0.0
  0
LINE
  5
112A
330
1C7
100
AcDbEntity
  8
0
347
45
 62
     0
100
AcDbLine
 10
-17.99999999999982
 20
952.0000000000002
 30
0.0
 11
-17.99999999999982
 21
952.0000000000002
 31
17.99999999999988
  0
LINE
  5
112B
330
1C7
100
AcDbEntity
  8
0
347
45
 62
     0
100
AcDbLine
 10
-17.99999999999988
 20
0.0000000000001816
 30
17.99999999999988
 11
-17.99999999999982
 21
952.0000000000002
 31
17.99999999999988
  0
LINE
  5
112C
330
1C7
100
AcDbEntity
  8
0
347
45
 62
     0
100
AcDbLine
 10
-17.99999999999988
 20
0.0000000000001816
 30
0.0
 11
-17.99999999999988
 21
0.0000000000001816
 31
17.99999999999988
  0
POLYLINE
  5
112D
330
1C7
100
AcDbEntity
  8
0
347
45
 62
     0
100
AcDbPolyFaceMesh
 66
     1
 10
0.0
 20
0.0
 30
0.0
 70
    64
 71
     4
 72
     2
1001
ACAD_MATERIAL_MAPPER
1070
     1
1070
     1
1070
     1
1011
0.0000000000000577
1021
0.0
1031
0.0
1011
-25.39999999999995
1021
0.0
1031
0.0
1011
0.0000000000000577
1021
0.0
1031
25.4
1011
0.0000000000000577
1021
1.0
1031
0.0
  0
VERTEX
  5
112E
330
112D
100
AcDbEntity
  8
0
 62
     0
100
AcDbVertex
100
AcDbPolyFaceMeshVertex
 10
-617.9999999999998
 20
952.0000000000002
 30
17.99999999999988
 70
   192
  0
VERTEX
  5
112F
330
112D
100
AcDbEntity
  8
0
 62
     0
100
AcDbVertex
100
AcDbPolyFaceMeshVertex
 10
-17.99999999999982
 20
952.0000000000002
 30
0.0
 70
   192
  0
VERTEX
  5
1130
330
112D
100
AcDbEntity
  8
0
 62
     0
100
AcDbVertex
100
AcDbPolyFaceMeshVertex
 10
-617.9999999999998
 20
952.0000000000002
 30
0.0
 70
   192
  0
VERTEX
  5
1131
330
112D
100
AcDbEntity
  8
0
 62
     0
100
AcDbVertex
100
AcDbPolyFaceMeshVertex
 10
-17.99999999999982
 20
952.0000000000002
 30
17.99999999999988
 70
   192
  0
VERTEX
  5
1132
330
112D
100
AcDbEntity
  8
0
 62
     0
100
AcDbFaceRecord
 10
0.0
 20
0.0
 30
0.0
 70
   128
 71
    -1
 72
     2
 73
     3
  0
VERTEX
  5
1133
330
112D
100
AcDbEntity
  8
0
 62
     0
100
AcDbFaceRecord
 10
0.0
 20
0.0
 30
0.0
 70
   128
 71
    -2
 72
     1
 73
     4
  0
SEQEND
  5
1134
330
112D
100
AcDbEntity
  8
0
347
45
 62
     0
  0
LINE
  5
1135
330
1C7
100
AcDbEntity
  8
0
347
45
 62
     0
100
AcDbLine
 10
-17.99999999999982
 20
952.0000000000002
 30
0.0
 11
-617.9999999999998
 21
952.0000000000002
 31
0.0
  0
LINE
  5
1136
330
1C7
100
AcDbEntity
  8
0
347
45
 62
     0
100
AcDbLine
 10
-617.9999999999998
 20
952.0000000000002
 30
0.0
 11
-617.9999999999998
 21
952.0000000000002
 31
17.99999999999988
  0
LINE
  5
1137
330
1C7
100
AcDbEntity
  8
0
347
45
 62
     0
100
AcDbLine
 10
-17.99999999999982
 20
952.0000000000002
 30
17.99999999999988
 11
-617.9999999999998
 21
952.0000000000002
 31
17.99999999999988
  0
LINE
  5
1138
330
1C7
100
AcDbEntity
  8
0
347
45
 62
     0
100
AcDbLine
 10
-17.99999999999982
 20
952.0000000000002
 30
0.0
 11
-17.99999999999982
 21
952.0000000000002
 31
17.99999999999988
  0
POLYLINE
  5
1139
330
1C7
100
AcDbEntity
  8
0
347
45
 62
     0
100
AcDbPolyFaceMesh
 66
     1
 10
0.0
 20
0.0
 30
0.0
 70
    64
 71
     4
 72
     2
1001
ACAD_MATERIAL_MAPPER
1070
     1
1070
     1
1070
     1
1011
0.0
1021
0.0000000000000378
1031
0.0
1011
0.0
1021
-25.39999999999996
1031
0.0
1011
0.0
1021
0.0000000000000378
1031
25.4
1011
1.0
1021
0.0000000000000378
1031
0.0
  0
VERTEX
  5
113A
330
1139
100
AcDbEntity
  8
0
 62
     0
100
AcDbVertex
100
AcDbPolyFaceMeshVertex
 10
-617.9999999999998
 20
952.0000000000002
 30
17.99999999999988
 70
   192
  0
VERTEX
  5
113B
330
1139
100
AcDbEntity
  8
0
 62
     0
100
AcDbVertex
100
AcDbPolyFaceMeshVertex
 10
-617.9999999999999
 20
0.0000000000002183
 30
0.0
 70
   192
  0
VERTEX
  5
113C
330
1139
100
AcDbEntity
  8
0
 62
     0
100
AcDbVertex
100
AcDbPolyFaceMeshVertex
 10
-617.9999999999999
 20
0.0000000000002183
 30
17.99999999999988
 70
   192
  0
VERTEX
  5
113D
330
1139
100
AcDbEntity
  8
0
 62
     0
100
AcDbVertex
100
AcDbPolyFaceMeshVertex
 10
-617.9999999999998
 20
952.0000000000002
 30
0.0
 70
   192
  0
VERTEX
  5
113E
330
1139
100
AcDbEntity
  8
0
 62
     0
100
AcDbFaceRecord
 10
0.0
 20
0.0
 30
0.0
 70
   128
 71
    -1
 72
     2
 73
     3
  0
VERTEX
  5
113F
330
1139
100
AcDbEntity
  8
0
 62
     0
100
AcDbFaceRecord
 10
0.0
 20
0.0
 30
0.0
 70
   128
 71
    -2
 72
     1
 73
     4
  0
SEQEND
  5
1140
330
1139
100
AcDbEntity
  8
0
347
45
 62
     0
  0
LINE
  5
1141
330
1C7
100
AcDbEntity
  8
0
347
45
 62
     0
100
AcDbLine
 10
-617.9999999999998
 20
952.0000000000002
 30
0.0
 11
-617.9999999999999
 21
0.0000000000002183
 31
0.0
  0
LINE
  5
1142
330
1C7
100
AcDbEntity
  8
0
347
45
 62
     0
100
AcDbLine
 10
-617.9999999999999
 20
0.0000000000002183
 30
0.0
 11
-617.9999999999999
 21
0.0000000000002183
 31
17.99999999999988
  0
LINE
  5
1143
330
1C7
100
AcDbEntity
  8
0
347
45
 62
     0
100
AcDbLine
 10
-617.9999999999998
 20
952.0000000000002
 30
17.99999999999988
 11
-617.9999999999999
 21
0.0000000000002183
 31
17.99999999999988
  0
LINE
  5
1144
330
1C7
100
AcDbEntity
  8
0
347
45
 62
     0
100
AcDbLine
 10
-617.9999999999998
 20
952.0000000000002
 30
0.0
 11
-617.9999999999998
 21
952.0000000000002
 31
17.99999999999988
  0
INSERT
  5
1145
330
1C7
100
AcDbEntity
  8
0
347
45
 62
     0
100
AcDbBlockReference
 66
     1
  2
Group301#1
 10
-67.99999999999987
 20
18.00000000000006
 30
17.99999999999988
  0
ATTRIB
  5
1146
330
1145
100
AcDbEntity
  8
0
100
AcDbText
 10
0.0
 20
0.0
 30
0.0
 40
1.0
  1
_ABF_minifixPlasticBase
100
AcDbAttribute
  2
Skp_GroupInstanceName
 70
     0
280
     0
  0
SEQEND
  5
1147
330
1145
100
AcDbEntity
  8
0
347
45
 62
     0
  0
INSERT
  5
1148
330
1C7
100
AcDbEntity
  8
0
347
45
 62
     0
100
AcDbBlockReference
 66
     1
  2
Group305#1
 10
-567.9999999999999
 20
18.00000000000009
 30
17.99999999999988
  0
ATTRIB
  5
1149
330
1148
100
AcDbEntity
  8
0
100
AcDbText
 10
0.0
 20
0.0
 30
0.0
 40
1.0
  1
_ABF_minifixPlasticBase
100
AcDbAttribute
  2
Skp_GroupInstanceName
 70
     0
280
     0
  0
SEQEND
  5
114A
330
1148
100
AcDbEntity
  8
0
347
45
 62
     0
  0
INSERT
  5
114B
330
1C7
100
AcDbEntity
  8
0
347
45
 62
     0
100
AcDbBlockReference
 66
     1
  2
Group312#1
 10
-317.9999999999999
 20
18.00000000000008
 30
17.99999999999988
  0
ATTRIB
  5
114C
330
114B
100
AcDbEntity
  8
0
100
AcDbText
 10
0.0
 20
0.0
 30
0.0
 40
1.0
  1
_ABF_screwInside
100
AcDbAttribute
  2
Skp_GroupInstanceName
 70
     0
280
     0
  0
SEQEND
  5
114D
330
114B
100
AcDbEntity
  8
0
347
45
 62
     0
  0
INSERT
  5
114E
330
1C7
100
AcDbEntity
  8
0
347
45
 62
     0
100
AcDbBlockReference
 66
     1
  2
Group319#1
 10
-67.99999999999982
 20
934.0000000000007
 30
17.99999999999988
  0
ATTRIB
  5
114F
330
114E
100
AcDbEntity
  8
0
100
AcDbText
 10
0.0
 20
0.0
 30
0.0
 40
1.0
  1
_ABF_minifixPlasticBase
100
AcDbAttribute
  2
Skp_GroupInstanceName
 70
     0
280
     0
  0
SEQEND
  5
1150
330
114E
100
AcDbEntity
  8
0
347
45
 62
     0
  0
INSERT
  5
1151
330
1C7
100
AcDbEntity
  8
0
347
45
 62
     0
100
AcDbBlockReference
 66
     1
  2
Group323#1
 10
-567.9999999999998
 20
934.0000000000007
 30
17.99999999999988
  0
ATTRIB
  5
1152
330
1151
100
AcDbEntity
  8
0
100
AcDbText
 10
0.0
 20
0.0
 30
0.0
 40
1.0
  1
_ABF_minifixPlasticBase
100
AcDbAttribute
  2
Skp_GroupInstanceName
 70
     0
280
     0
  0
SEQEND
  5
1153
330
1151
100
AcDbEntity
  8
0
347
45
 62
     0
  0
INSERT
  5
1154
330
1C7
100
AcDbEntity
  8
0
347
45
 62
     0
100
AcDbBlockReference
 66
     1
  2
Group330#1
 10
-317.9999999999998
 20
934.0000000000007
 30
17.99999999999988
  0
ATTRIB
  5
1155
330
1154
100
AcDbEntity
  8
0
100
AcDbText
 10
0.0
 20
0.0
 30
0.0
 40
1.0
  1
_ABF_screwInside
100
AcDbAttribute
  2
Skp_GroupInstanceName
 70
     0
280
     0
  0
SEQEND
  5
1156
330
1154
100
AcDbEntity
  8
0
347
45
 62
     0
  0
INSERT
  5
1157
330
1C7
100
AcDbEntity
  8
0
347
45
 62
     0
100
AcDbBlockReference
 66
     1
  2
Group355#1
 10
-67.99999999999984
 20
485.0000000000003
 30
17.99999999999988
  0
ATTRIB
  5
1158
330
1157
100
AcDbEntity
  8
0
100
AcDbText
 10
0.0
 20
0.0
 30
0.0
 40
1.0
  1
_ABF_minifixPlasticBase
100
AcDbAttribute
  2
Skp_GroupInstanceName
 70
     0
280
     0
  0
SEQEND
  5
1159
330
1157
100
AcDbEntity
  8
0
347
45
 62
     0
  0
INSERT
  5
115A
330
1C7
100
AcDbEntity
  8
0
347
45
 62
     0
100
AcDbBlockReference
 66
     1
  2
Group359#1
 10
-567.9999999999999
 20
485.0000000000003
 30
17.99999999999988
  0
ATTRIB
  5
115B
330
115A
100
AcDbEntity
  8
0
100
AcDbText
 10
0.0
 20
0.0
 30
0.0
 40
1.0
  1
_ABF_minifixPlasticBase
100
AcDbAttribute
  2
Skp_GroupInstanceName
 70
     0
280
     0
  0
SEQEND
  5
115C
330
115A
100
AcDbEntity
  8
0
347
45
 62
     0
  0
INSERT
  5
115D
330
1C7
100
AcDbEntity
  8
0
347
45
 62
     0
100
AcDbBlockReference
 66
     1
  2
Group366#1
 10
-317.9999999999998
 20
485.0000000000003
 30
17.99999999999988
  0
ATTRIB
  5
115E
330
115D
100
AcDbEntity
  8
0
100
AcDbText
 10
0.0
 20
0.0
 30
0.0
 40
1.0
  1
_ABF_screwInside
100
AcDbAttribute
  2
Skp_GroupInstanceName
 70
     0
280
     0
  0
SEQEND
  5
115F
330
115D
100
AcDbEntity
  8
0
347
45
 62
     0
  0
INSERT
  5
1160
330
1C7
100
AcDbEntity
  8
ABF_Label
347
45
 62
     0
100
AcDbBlockReference
 66
     1
  2
Group139#1
 10
-317.9999999999998
 20
476.0000000000002
 30
17.99999999999988
 41
1.574803149606299
 42
1.574803149606299
 50
90.0
  0
ATTRIB
  5
1161
330
1160
100
AcDbEntity
  8
0
100
AcDbText
 10
0.0
 20
0.0
 30
0.0
 40
1.0
  1
_ABF_Label
100
AcDbAttribute
  2
Skp_GroupInstanceName
 70
     0
280
     0
  0
SEQEND
  5
1162
330
1160
100
AcDbEntity
  8
ABF_Label
347
45
 62
     0
  0
INSERT
  5
1163
330
1C7
100
AcDbEntity
  8
ABF_cuttingLines
347
45
 62
     0
100
AcDbBlockReference
 66
     1
  2
Group166#1
 10
0.0
 20
0.0
 30
17.99999999999988
  0
ATTRIB
  5
1164
330
1163
100
AcDbEntity
  8
0
100
AcDbText
 10
0.0
 20
0.0
 30
0.0
 40
1.0
  1
_ABF_cuttingLines
100
AcDbAttribute
  2
Skp_GroupInstanceName
 70
     0
280
     0
  0
SEQEND
  5
1165
330
1163
100
AcDbEntity
  8
ABF_cuttingLines
347
45
 62
     0
  0
INSERT
  5
1166
330
1C7
100
AcDbEntity
  8
ABF_edgeBanding
347
45
 62
     0
100
AcDbBlockReference
 66
     1
  2
Group167#1
 10
0.0
 20
0.0
 30
17.99999999999988
  0
ATTRIB
  5
1167
330
1166
100
AcDbEntity
  8
0
100
AcDbText
 10
0.0
 20
0.0
 30
0.0
 40
1.0
  1
_ABF_edgeBanding
100
AcDbAttribute
  2
Skp_GroupInstanceName
 70
     0
280
     0
  0
SEQEND
  5
1168
330
1166
100
AcDbEntity
  8
ABF_edgeBanding
347
45
 62
     0
  0
ENDBLK
  5
1C9
330
1C7
100
AcDbEntity
  8
0
100
AcDbBlockEnd
  0
BLOCK
  5
1CB
330
1CA
100
AcDbEntity
  8
0
100
AcDbBlockBegin
  2
_____#35
 70
     0
 10
0.0
 20
0.0
 30
0.0
  3
_____#35
  1

  0
POLYLINE
  5
1169
330
1CA
100
AcDbEntity
  8
0
347
E11
 62
     7
420
 16777215
100
AcDbPolyFaceMesh
 66
     1
 10
0.0
 20
0.0
 30
0.0
 70
    64
 71
     4
 72
     2
1001
ACAD_MATERIAL_MAPPER
1070
     1
1070
     1
1070
     1
1011
0.0
1021
-0.0000000000001315
1031
0.0
1011
25.4
1021
-0.0000000000001315
1031
0.0
1011
0.0
1021
25.39999999999987
1031
0.0
1011
0.0
1021
-0.0000000000001315
1031
1.0
  0
VERTEX
  5
116A
330
1169
100
AcDbEntity
  8
0
 62
     7
420
 16777215
100
AcDbVertex
100
AcDbPolyFaceMeshVertex
 10
-17.99999999999994
 20
-952.0000000000009
 30
17.99999999999988
 70
   192
  0
VERTEX
  5
116B
330
1169
100
AcDbEntity
  8
0
 62
     7
420
 16777215
100
AcDbVertex
100
AcDbPolyFaceMeshVertex
 10
-617.9999999999999
 20
-0.0000000000005036
 30
17.99999999999988
 70
   192
  0
VERTEX
  5
116C
330
1169
100
AcDbEntity
  8
0
 62
     7
420
 16777215
100
AcDbVertex
100
AcDbPolyFaceMeshVertex
 10
-618.0
 20
-952.0000000000009
 30
17.99999999999988
 70
   192
  0
VERTEX
  5
116D
330
1169
100
AcDbEntity
  8
0
 62
     7
420
 16777215
100
AcDbVertex
100
AcDbPolyFaceMeshVertex
 10
-17.99999999999988
 20
-0.0000000000005403
 30
17.99999999999988
 70
   192
  0
VERTEX
  5
116E
330
1169
100
AcDbEntity
  8
0
 62
     7
420
 16777215
100
AcDbFaceRecord
 10
0.0
 20
0.0
 30
0.0
 70
   128
 71
    -1
 72
     2
 73
     3
  0
VERTEX
  5
116F
330
1169
100
AcDbEntity
  8
0
 62
     7
420
 16777215
100
AcDbFaceRecord
 10
0.0
 20
0.0
 30
0.0
 70
   128
 71
    -2
 72
     1
 73
     4
  0
SEQEND
  5
1170
330
1169
100
AcDbEntity
  8
0
347
E11
 62
     7
420
 16777215
  0
LINE
  5
1171
330
1CA
100
AcDbEntity
  8
0
347
45
 62
     0
100
AcDbLine
 10
-617.9999999999999
 20
-0.0000000000005036
 30
17.99999999999988
 11
-17.99999999999988
 21
-0.0000000000005403
 31
17.99999999999988
  0
LINE
  5
1172
330
1CA
100
AcDbEntity
  8
0
347
45
 62
     0
100
AcDbLine
 10
-618.0
 20
-952.0000000000009
 30
17.99999999999988
 11
-617.9999999999999
 21
-0.0000000000005036
 31
17.99999999999988
  0
LINE
  5
1173
330
1CA
100
AcDbEntity
  8
0
347
45
 62
     0
100
AcDbLine
 10
-17.99999999999994
 20
-952.0000000000009
 30
17.99999999999988
 11
-618.0
 21
-952.0000000000009
 31
17.99999999999988
  0
LINE
  5
1174
330
1CA
100
AcDbEntity
  8
0
347
45
 62
     0
100
AcDbLine
 10
-17.99999999999988
 20
-0.0000000000005403
 30
17.99999999999988
 11
-17.99999999999994
 21
-952.0000000000009
 31
17.99999999999988
  0
POLYLINE
  5
1175
330
1CA
100
AcDbEntity
  8
0
347
45
 62
     0
100
AcDbPolyFaceMesh
 66
     1
 10
0.0
 20
0.0
 30
0.0
 70
    64
 71
     4
 72
     2
1001
ACAD_MATERIAL_MAPPER
1070
     1
1070
     1
1070
     1
1011
0.0
1021
-0.0000000000001315
1031
0.0
1011
-25.4
1021
-0.0000000000001315
1031
0.0
1011
0.0
1021
25.39999999999987
1031
0.0
1011
0.0
1021
-0.0000000000001315
1031
1.0
  0
VERTEX
  5
1176
330
1175
100
AcDbEntity
  8
0
 62
     0
100
AcDbVertex
100
AcDbPolyFaceMeshVertex
 10
-617.9999999999999
 20
-0.0000000000005036
 30
0.0
 70
   192
  0
VERTEX
  5
1177
330
1175
100
AcDbEntity
  8
0
 62
     0
100
AcDbVertex
100
AcDbPolyFaceMeshVertex
 10
-17.99999999999994
 20
-952.0000000000009
 30
0.0
 70
   192
  0
VERTEX
  5
1178
330
1175
100
AcDbEntity
  8
0
 62
     0
100
AcDbVertex
100
AcDbPolyFaceMeshVertex
 10
-618.0
 20
-952.0000000000009
 30
0.0
 70
   192
  0
VERTEX
  5
1179
330
1175
100
AcDbEntity
  8
0
 62
     0
100
AcDbVertex
100
AcDbPolyFaceMeshVertex
 10
-17.99999999999988
 20
-0.0000000000005403
 30
0.0
 70
   192
  0
VERTEX
  5
117A
330
1175
100
AcDbEntity
  8
0
 62
     0
100
AcDbFaceRecord
 10
0.0
 20
0.0
 30
0.0
 70
   128
 71
    -1
 72
     2
 73
     3
  0
VERTEX
  5
117B
330
1175
100
AcDbEntity
  8
0
 62
     0
100
AcDbFaceRecord
 10
0.0
 20
0.0
 30
0.0
 70
   128
 71
    -2
 72
     1
 73
     4
  0
SEQEND
  5
117C
330
1175
100
AcDbEntity
  8
0
347
45
 62
     0
  0
LINE
  5
117D
330
1CA
100
AcDbEntity
  8
0
347
45
 62
     0
100
AcDbLine
 10
-617.9999999999999
 20
-0.0000000000005036
 30
0.0
 11
-17.99999999999988
 21
-0.0000000000005403
 31
0.0
  0
LINE
  5
117E
330
1CA
100
AcDbEntity
  8
0
347
45
 62
     0
100
AcDbLine
 10
-17.99999999999988
 20
-0.0000000000005403
 30
0.0
 11
-17.99999999999994
 21
-952.0000000000009
 31
0.0
  0
LINE
  5
117F
330
1CA
100
AcDbEntity
  8
0
347
45
 62
     0
100
AcDbLine
 10
-17.99999999999994
 20
-952.0000000000009
 30
0.0
 11
-618.0
 21
-952.0000000000009
 31
0.0
  0
LINE
  5
1180
330
1CA
100
AcDbEntity
  8
0
347
45
 62
     0
100
AcDbLine
 10
-618.0
 20
-952.0000000000009
 30
0.0
 11
-617.9999999999999
 21
-0.0000000000005036
 31
0.0
  0
POLYLINE
  5
1181
330
1CA
100
AcDbEntity
  8
0
347
45
 62
     0
100
AcDbPolyFaceMesh
 66
     1
 10
0.0
 20
0.0
 30
0.0
 70
    64
 71
     4
 72
     2
1001
ACAD_MATERIAL_MAPPER
1070
     1
1070
     1
1070
     1
1011
0.0
1021
0.0
1031
0.0
1011
-25.4
1021
0.0
1031
0.0
1011
0.0
1021
0.0
1031
25.4
1011
0.0
1021
1.0
1031
0.0
  0
VERTEX
  5
1182
330
1181
100
AcDbEntity
  8
0
 62
     0
100
AcDbVertex
100
AcDbPolyFaceMeshVertex
 10
-617.9999999999999
 20
-0.0000000000005036
 30
17.99999999999988
 70
   192
  0
VERTEX
  5
1183
330
1181
100
AcDbEntity
  8
0
 62
     0
100
AcDbVertex
100
AcDbPolyFaceMeshVertex
 10
-17.99999999999988
 20
-0.0000000000005403
 30
0.0
 70
   192
  0
VERTEX
  5
1184
330
1181
100
AcDbEntity
  8
0
 62
     0
100
AcDbVertex
100
AcDbPolyFaceMeshVertex
 10
-617.9999999999999
 20
-0.0000000000005036
 30
0.0
 70
   192
  0
VERTEX
  5
1185
330
1181
100
AcDbEntity
  8
0
 62
     0
100
AcDbVertex
100
AcDbPolyFaceMeshVertex
 10
-17.99999999999988
 20
-0.0000000000005403
 30
17.99999999999988
 70
   192
  0
VERTEX
  5
1186
330
1181
100
AcDbEntity
  8
0
 62
     0
100
AcDbFaceRecord
 10
0.0
 20
0.0
 30
0.0
 70
   128
 71
    -1
 72
     2
 73
     3
  0
VERTEX
  5
1187
330
1181
100
AcDbEntity
  8
0
 62
     0
100
AcDbFaceRecord
 10
0.0
 20
0.0
 30
0.0
 70
   128
 71
    -2
 72
     1
 73
     4
  0
SEQEND
  5
1188
330
1181
100
AcDbEntity
  8
0
347
45
 62
     0
  0
LINE
  5
1189
330
1CA
100
AcDbEntity
  8
0
347
45
 62
     0
100
AcDbLine
 10
-617.9999999999999
 20
-0.0000000000005036
 30
17.99999999999988
 11
-17.99999999999988
 21
-0.0000000000005403
 31
17.99999999999988
  0
LINE
  5
118A
330
1CA
100
AcDbEntity
  8
0
347
45
 62
     0
100
AcDbLine
 10
-17.99999999999988
 20
-0.0000000000005403
 30
17.99999999999988
 11
-17.99999999999988
 21
-0.0000000000005403
 31
0.0
  0
LINE
  5
118B
330
1CA
100
AcDbEntity
  8
0
347
45
 62
     0
100
AcDbLine
 10
-617.9999999999999
 20
-0.0000000000005036
 30
0.0
 11
-17.99999999999988
 21
-0.0000000000005403
 31
0.0
  0
LINE
  5
118C
330
1CA
100
AcDbEntity
  8
0
347
45
 62
     0
100
AcDbLine
 10
-617.9999999999999
 20
-0.0000000000005036
 30
17.99999999999988
 11
-617.9999999999999
 21
-0.0000000000005036
 31
0.0
  0
POLYLINE
  5
118D
330
1CA
100
AcDbEntity
  8
0
347
45
 62
     0
100
AcDbPolyFaceMesh
 66
     1
 10
0.0
 20
0.0
 30
0.0
 70
    64
 71
     4
 72
     2
1001
ACAD_MATERIAL_MAPPER
1070
     1
1070
     1
1070
     1
1011
0.0
1021
0.0000000000000011
1031
0.0
1011
0.0
1021
25.4
1031
0.0
1011
0.0
1021
0.0000000000000011
1031
25.4
1011
1.0
1021
0.0000000000000011
1031
0.0
  0
VERTEX
  5
118E
330
118D
100
AcDbEntity
  8
0
 62
     0
100
AcDbVertex
100
AcDbPolyFaceMeshVertex
 10
-17.99999999999988
 20
-0.0000000000005403
 30
0.0
 70
   192
  0
VERTEX
  5
118F
330
118D
100
AcDbEntity
  8
0
 62
     0
100
AcDbVertex
100
AcDbPolyFaceMeshVertex
 10
-17.99999999999994
 20
-952.0000000000009
 30
17.99999999999988
 70
   192
  0
VERTEX
  5
1190
330
118D
100
AcDbEntity
  8
0
 62
     0
100
AcDbVertex
100
AcDbPolyFaceMeshVertex
 10
-17.99999999999994
 20
-952.0000000000009
 30
0.0
 70
   192
  0
VERTEX
  5
1191
330
118D
100
AcDbEntity
  8
0
 62
     0
100
AcDbVertex
100
AcDbPolyFaceMeshVertex
 10
-17.99999999999988
 20
-0.0000000000005403
 30
17.99999999999988
 70
   192
  0
VERTEX
  5
1192
330
118D
100
AcDbEntity
  8
0
 62
     0
100
AcDbFaceRecord
 10
0.0
 20
0.0
 30
0.0
 70
   128
 71
    -1
 72
     2
 73
     3
  0
VERTEX
  5
1193
330
118D
100
AcDbEntity
  8
0
 62
     0
100
AcDbFaceRecord
 10
0.0
 20
0.0
 30
0.0
 70
   128
 71
    -2
 72
     1
 73
     4
  0
SEQEND
  5
1194
330
118D
100
AcDbEntity
  8
0
347
45
 62
     0
  0
LINE
  5
1195
330
1CA
100
AcDbEntity
  8
0
347
45
 62
     0
100
AcDbLine
 10
-17.99999999999988
 20
-0.0000000000005403
 30
17.99999999999988
 11
-17.99999999999994
 21
-952.0000000000009
 31
17.99999999999988
  0
LINE
  5
1196
330
1CA
100
AcDbEntity
  8
0
347
45
 62
     0
100
AcDbLine
 10
-17.99999999999994
 20
-952.0000000000009
 30
17.99999999999988
 11
-17.99999999999994
 21
-952.0000000000009
 31
0.0
  0
LINE
  5
1197
330
1CA
100
AcDbEntity
  8
0
347
45
 62
     0
100
AcDbLine
 10
-17.99999999999988
 20
-0.0000000000005403
 30
0.0
 11
-17.99999999999994
 21
-952.0000000000009
 31
0.0
  0
LINE
  5
1198
330
1CA
100
AcDbEntity
  8
0
347
45
 62
     0
100
AcDbLine
 10
-17.99999999999988
 20
-0.0000000000005403
 30
17.99999999999988
 11
-17.99999999999988
 21
-0.0000000000005403
 31
0.0
  0
POLYLINE
  5
1199
330
1CA
100
AcDbEntity
  8
0
347
45
 62
     0
100
AcDbPolyFaceMesh
 66
     1
 10
0.0
 20
0.0
 30
0.0
 70
    64
 71
     4
 72
     2
1001
ACAD_MATERIAL_MAPPER
1070
     1
1070
     1
1070
     1
1011
-0.0000000000000577
1021
0.0
1031
0.0
1011
25.39999999999995
1021
0.0
1031
0.0
1011
-0.0000000000000577
1021
0.0
1031
25.4
1011
-0.0000000000000577
1021
1.0
1031
0.0
  0
VERTEX
  5
119A
330
1199
100
AcDbEntity
  8
0
 62
     0
100
AcDbVertex
100
AcDbPolyFaceMeshVertex
 10
-17.99999999999994
 20
-952.0000000000009
 30
17.99999999999988
 70
   192
  0
VERTEX
  5
119B
330
1199
100
AcDbEntity
  8
0
 62
     0
100
AcDbVertex
100
AcDbPolyFaceMeshVertex
 10
-618.0
 20
-952.0000000000009
 30
0.0
 70
   192
  0
VERTEX
  5
119C
330
1199
100
AcDbEntity
  8
0
 62
     0
100
AcDbVertex
100
AcDbPolyFaceMeshVertex
 10
-17.99999999999994
 20
-952.0000000000009
 30
0.0
 70
   192
  0
VERTEX
  5
119D
330
1199
100
AcDbEntity
  8
0
 62
     0
100
AcDbVertex
100
AcDbPolyFaceMeshVertex
 10
-618.0
 20
-952.0000000000009
 30
17.99999999999988
 70
   192
  0
VERTEX
  5
119E
330
1199
100
AcDbEntity
  8
0
 62
     0
100
AcDbFaceRecord
 10
0.0
 20
0.0
 30
0.0
 70
   128
 71
    -1
 72
     2
 73
     3
  0
VERTEX
  5
119F
330
1199
100
AcDbEntity
  8
0
 62
     0
100
AcDbFaceRecord
 10
0.0
 20
0.0
 30
0.0
 70
   128
 71
    -2
 72
     1
 73
     4
  0
SEQEND
  5
11A0
330
1199
100
AcDbEntity
  8
0
347
45
 62
     0
  0
LINE
  5
11A1
330
1CA
100
AcDbEntity
  8
0
347
45
 62
     0
100
AcDbLine
 10
-17.99999999999994
 20
-952.0000000000009
 30
17.99999999999988
 11
-618.0
 21
-952.0000000000009
 31
17.99999999999988
  0
LINE
  5
11A2
330
1CA
100
AcDbEntity
  8
0
347
45
 62
     0
100
AcDbLine
 10
-618.0
 20
-952.0000000000009
 30
17.99999999999988
 11
-618.0
 21
-952.0000000000009
 31
0.0
  0
LINE
  5
11A3
330
1CA
100
AcDbEntity
  8
0
347
45
 62
     0
100
AcDbLine
 10
-17.99999999999994
 20
-952.0000000000009
 30
0.0
 11
-618.0
 21
-952.0000000000009
 31
0.0
  0
LINE
  5
11A4
330
1CA
100
AcDbEntity
  8
0
347
45
 62
     0
100
AcDbLine
 10
-17.99999999999994
 20
-952.0000000000009
 30
17.99999999999988
 11
-17.99999999999994
 21
-952.0000000000009
 31
0.0
  0
POLYLINE
  5
11A5
330
1CA
100
AcDbEntity
  8
0
347
45
 62
     0
100
AcDbPolyFaceMesh
 66
     1
 10
0.0
 20
0.0
 30
0.0
 70
    64
 71
     4
 72
     2
1001
ACAD_MATERIAL_MAPPER
1070
     1
1070
     1
1070
     1
1011
0.0
1021
0.0
1031
0.0
1011
0.0
1021
-25.4
1031
0.0
1011
0.0
1021
0.0
1031
25.4
1011
1.0
1021
0.0
1031
0.0
  0
VERTEX
  5
11A6
330
11A5
100
AcDbEntity
  8
0
 62
     0
100
AcDbVertex
100
AcDbPolyFaceMeshVertex
 10
-617.9999999999999
 20
-0.0000000000005036
 30
17.99999999999988
 70
   192
  0
VERTEX
  5
11A7
330
11A5
100
AcDbEntity
  8
0
 62
     0
100
AcDbVertex
100
AcDbPolyFaceMeshVertex
 10
-618.0
 20
-952.0000000000009
 30
0.0
 70
   192
  0
VERTEX
  5
11A8
330
11A5
100
AcDbEntity
  8
0
 62
     0
100
AcDbVertex
100
AcDbPolyFaceMeshVertex
 10
-618.0
 20
-952.0000000000009
 30
17.99999999999988
 70
   192
  0
VERTEX
  5
11A9
330
11A5
100
AcDbEntity
  8
0
 62
     0
100
AcDbVertex
100
AcDbPolyFaceMeshVertex
 10
-617.9999999999999
 20
-0.0000000000005036
 30
0.0
 70
   192
  0
VERTEX
  5
11AA
330
11A5
100
AcDbEntity
  8
0
 62
     0
100
AcDbFaceRecord
 10
0.0
 20
0.0
 30
0.0
 70
   128
 71
    -1
 72
     2
 73
     3
  0
VERTEX
  5
11AB
330
11A5
100
AcDbEntity
  8
0
 62
     0
100
AcDbFaceRecord
 10
0.0
 20
0.0
 30
0.0
 70
   128
 71
    -2
 72
     1
 73
     4
  0
SEQEND
  5
11AC
330
11A5
100
AcDbEntity
  8
0
347
45
 62
     0
  0
LINE
  5
11AD
330
1CA
100
AcDbEntity
  8
0
347
45
 62
     0
100
AcDbLine
 10
-618.0
 20
-952.0000000000009
 30
17.99999999999988
 11
-617.9999999999999
 21
-0.0000000000005036
 31
17.99999999999988
  0
LINE
  5
11AE
330
1CA
100
AcDbEntity
  8
0
347
45
 62
     0
100
AcDbLine
 10
-617.9999999999999
 20
-0.0000000000005036
 30
17.99999999999988
 11
-617.9999999999999
 21
-0.0000000000005036
 31
0.0
  0
LINE
  5
11AF
330
1CA
100
AcDbEntity
  8
0
347
45
 62
     0
100
AcDbLine
 10
-618.0
 20
-952.0000000000009
 30
0.0
 11
-617.9999999999999
 21
-0.0000000000005036
 31
0.0
  0
LINE
  5
11B0
330
1CA
100
AcDbEntity
  8
0
347
45
 62
     0
100
AcDbLine
 10
-618.0
 20
-952.0000000000009
 30
17.99999999999988
 11
-618.0
 21
-952.0000000000009
 31
0.0
  0
INSERT
  5
11B1
330
1CA
100
AcDbEntity
  8
0
347
45
 62
     0
100
AcDbBlockReference
 66
     1
  2
Group309#1
 10
67.99999999999987
 20
-18.00000000000042
 30
-17.99999999999988
 50
180.0
210
0.0
220
0.0
230
-1.0
  0
ATTRIB
  5
11B2
330
11B1
100
AcDbEntity
  8
0
100
AcDbText
 10
0.0
 20
0.0
 30
0.0
 40
1.0
  1
_ABF_minifixPlasticBase
100
AcDbAttribute
  2
Skp_GroupInstanceName
 70
     0
280
     0
  0
SEQEND
  5
11B3
330
11B1
100
AcDbEntity
  8
0
347
45
 62
     0
  0
INSERT
  5
11B4
330
1CA
100
AcDbEntity
  8
0
347
45
 62
     0
100
AcDbBlockReference
 66
     1
  2
Group313#1
 10
567.9999999999999
 20
-18.00000000000038
 30
-17.99999999999988
 50
180.0
210
0.0
220
0.0
230
-1.0
  0
ATTRIB
  5
11B5
330
11B4
100
AcDbEntity
  8
0
100
AcDbText
 10
0.0
 20
0.0
 30
0.0
 40
1.0
  1
_ABF_minifixPlasticBase
100
AcDbAttribute
  2
Skp_GroupInstanceName
 70
     0
280
     0
  0
SEQEND
  5
11B6
330
11B4
100
AcDbEntity
  8
0
347
45
 62
     0
  0
INSERT
  5
11B7
330
1CA
100
AcDbEntity
  8
0
347
45
 62
     0
100
AcDbBlockReference
 66
     1
  2
Group315#2
 10
317.9999999999999
 20
-18.0000000000004
 30
-17.99999999999988
 50
180.0
210
0.0
220
0.0
230
-1.0
  0
ATTRIB
  5
11B8
330
11B7
100
AcDbEntity
  8
0
100
AcDbText
 10
0.0
 20
0.0
 30
0.0
 40
1.0
  1
_ABF_screwInside
100
AcDbAttribute
  2
Skp_GroupInstanceName
 70
     0
280
     0
  0
SEQEND
  5
11B9
330
11B7
100
AcDbEntity
  8
0
347
45
 62
     0
  0
INSERT
  5
11BA
330
1CA
100
AcDbEntity
  8
0
347
45
 62
     0
100
AcDbBlockReference
 66
     1
  2
Group327#1
 10
67.99999999999993
 20
-934.0000000000007
 30
-17.99999999999988
 50
180.0
210
0.0
220
0.0
230
-1.0
  0
ATTRIB
  5
11BB
330
11BA
100
AcDbEntity
  8
0
100
AcDbText
 10
0.0
 20
0.0
 30
0.0
 40
1.0
  1
_ABF_minifixPlasticBase
100
AcDbAttribute
  2
Skp_GroupInstanceName
 70
     0
280
     0
  0
SEQEND
  5
11BC
330
11BA
100
AcDbEntity
  8
0
347
45
 62
     0
  0
INSERT
  5
11BD
330
1CA
100
AcDbEntity
  8
0
347
45
 62
     0
100
AcDbBlockReference
 66
     1
  2
Group331#1
 10
568.0
 20
-934.0000000000007
 30
-17.99999999999988
 50
180.0
210
0.0
220
0.0
230
-1.0
  0
ATTRIB
  5
11BE
330
11BD
100
AcDbEntity
  8
0
100
AcDbText
 10
0.0
 20
0.0
 30
0.0
 40
1.0
  1
_ABF_minifixPlasticBase
100
AcDbAttribute
  2
Skp_GroupInstanceName
 70
     0
280
     0
  0
SEQEND
  5
11BF
330
11BD
100
AcDbEntity
  8
0
347
45
 62
     0
  0
INSERT
  5
11C0
330
1CA
100
AcDbEntity
  8
0
347
45
 62
     0
100
AcDbBlockReference
 66
     1
  2
Group333#2
 10
317.9999999999999
 20
-934.0000000000007
 30
-17.99999999999988
 50
180.0
210
0.0
220
0.0
230
-1.0
  0
ATTRIB
  5
11C1
330
11C0
100
AcDbEntity
  8
0
100
AcDbText
 10
0.0
 20
0.0
 30
0.0
 40
1.0
  1
_ABF_screwInside
100
AcDbAttribute
  2
Skp_GroupInstanceName
 70
     0
280
     0
  0
SEQEND
  5
11C2
330
11C0
100
AcDbEntity
  8
0
347
45
 62
     0
  0
INSERT
  5
11C3
330
1CA
100
AcDbEntity
  8
ABF_Label
347
45
 62
     0
100
AcDbBlockReference
 66
     1
  2
Group151#1
 10
-317.9999999999999
 20
-476.0000000000007
 30
17.99999999999988
 41
1.574803149606299
 42
1.574803149606299
 50
90.0
  0
ATTRIB
  5
11C4
330
11C3
100
AcDbEntity
  8
0
100
AcDbText
 10
0.0
 20
0.0
 30
0.0
 40
1.0
  1
_ABF_Label
100
AcDbAttribute
  2
Skp_GroupInstanceName
 70
     0
280
     0
  0
SEQEND
  5
11C5
330
11C3
100
AcDbEntity
  8
ABF_Label
347
45
 62
     0
  0
INSERT
  5
11C6
330
1CA
100
AcDbEntity
  8
ABF_cuttingLines
347
45
 62
     0
100
AcDbBlockReference
 66
     1
  2
Group168#1
 10
0.0
 20
0.0
 30
17.99999999999988
  0
ATTRIB
  5
11C7
330
11C6
100
AcDbEntity
  8
0
100
AcDbText
 10
0.0
 20
0.0
 30
0.0
 40
1.0
  1
_ABF_cuttingLines
100
AcDbAttribute
  2
Skp_GroupInstanceName
 70
     0
280
     0
  0
SEQEND
  5
11C8
330
11C6
100
AcDbEntity
  8
ABF_cuttingLines
347
45
 62
     0
  0
INSERT
  5
11C9
330
1CA
100
AcDbEntity
  8
ABF_edgeBanding
347
45
 62
     0
100
AcDbBlockReference
 66
     1
  2
Group169#1
 10
0.0
 20
0.0
 30
17.99999999999988
  0
ATTRIB
  5
11CA
330
11C9
100
AcDbEntity
  8
0
100
AcDbText
 10
0.0
 20
0.0
 30
0.0
 40
1.0
  1
_ABF_edgeBanding
100
AcDbAttribute
  2
Skp_GroupInstanceName
 70
     0
280
     0
  0
SEQEND
  5
11CB
330
11C9
100
AcDbEntity
  8
ABF_edgeBanding
347
45
 62
     0
  0
ENDBLK
  5
1CC
330
1CA
100
AcDbEntity
  8
0
100
AcDbBlockEnd
  0
BLOCK
  5
1CE
330
1CD
100
AcDbEntity
  8
0
100
AcDbBlockBegin
  2
Group143#2
 70
     0
 10
0.0
 20
0.0
 30
0.0
  3
Group143#2
  1

  0
DIMENSION
  5
11CC
330
1CD
100
AcDbEntity
  8
0
 62
   250
420
  4144959
100
AcDbDimension
  2
*D120
 10
-754.0000000000038
 20
-673.200000000001
 30
0.0
 11
-9224.70740220391
 21
-1081.818682955412
 31
0.0
 70
    32
  1
(152684)___0110_280010303_THICKNESS_3
 71
     5
 42
754.0000000000038
 73
     0
 74
     0
 75
     0
  3
DimStyle1
100
AcDbAlignedDimension
 13
0.0
 23
-612.0000000000009
 33
0.0
 14
-754.0000000000038
 24
-612.0000000000009
 34
0.0
100
AcDbRotatedDimension
1001
ACAD
1000
DSTYLE
1002
{
1070
    73
1070
     0
1002
}
  0
DIMENSION
  5
11DB
330
1CD
100
AcDbEntity
  8
0
 62
   250
420
  4144959
100
AcDbDimension
  2
*D121
 10
-2520.000000000005
 20
-673.200000000001
 30
0.0
 11
-16323.48502307296
 21
-1081.818682955413
 31
0.0
 70
    32
  1
(201238)__._KRONOSPAN_5981_PD__NEW_2800207018_THICKNESS_18
 71
     5
 42
956.0000000000011
 73
     0
 74
     0
 75
     0
  3
DimStyle1
100
AcDbAlignedDimension
 13
-1564.000000000004
 23
-612.0000000000009
 33
0.0
 14
-2520.000000000005
 24
-612.0000000000009
 34
0.0
100
AcDbRotatedDimension
1001
ACAD
1000
DSTYLE
1002
{
1070
    73
1070
     0
1002
}
  0
DIMENSION
  5
11E9
330
1CD
100
AcDbEntity
  8
0
 62
   250
420
  4144959
100
AcDbDimension
  2
*D122
 10
-6732.000000000009
 20
-673.200000000001
 30
0.0
 11
-18988.57712037746
 21
-1081.818682955413
 31
0.0
 70
    32
  1
(48501)__EGGER_W_1000_ST9___2800207018__THICKNESS_18
 71
     5
 42
3402.000000000004
 73
     0
 74
     0
 75
     0
  3
DimStyle1
100
AcDbAlignedDimension
 13
-3330.000000000005
 23
-612.0000000000009
 33
0.0
 14
-6732.000000000009
 24
-612.0000000000009
 34
0.0
100
AcDbRotatedDimension
1001
ACAD
1000
DSTYLE
1002
{
1070
    73
1070
     0
1002
}
  0
ENDBLK
  5
1CF
330
1CD
100
AcDbEntity
  8
0
100
AcDbBlockEnd
  0
BLOCK
  5
11CF
330
11CE
100
AcDbEntity
  8
0
100
AcDbBlockBegin
  2
*D120
 70
     1
 10
0.0
 20
0.0
 30
0.0
  3
*D120
  1

  0
LINE
  5
11D1
330
11CE
100
AcDbEntity
  8
0
 62
     0
370
    -2
100
AcDbLine
 10
0.0
 20
-624.700000000001
 30
0.0
 11
0.0
 21
-685.900000000001
 31
0.0
  0
LINE
  5
11D2
330
11CE
100
AcDbEntity
  8
0
 62
     0
370
    -2
100
AcDbLine
 10
-754.0000000000038
 20
-624.700000000001
 30
0.0
 11
-754.0000000000038
 21
-685.900000000001
 31
0.0
  0
LINE
  5
11D3
330
11CE
100
AcDbEntity
  8
0
 62
     0
370
    -2
100
AcDbLine
 10
-754.0000000000038
 20
-673.200000000001
 30
0.0
 11
-17682.71480440782
 21
-673.200000000001
 31
0.0
  0
LINE
  5
11D4
330
11CE
100
AcDbEntity
  8
0
 62
     0
370
    -2
100
AcDbLine
 10
-12.7
 20
-673.200000000001
 30
0.0
 11
-741.3000000000037
 21
-673.200000000001
 31
0.0
  0
SOLID
  5
11D5
330
11CE
100
AcDbEntity
  8
0
 62
     0
100
AcDbTrace
 10
-12.7
 20
-675.3166666666676
 30
0.0
 11
-12.7
 21
-671.0833333333343
 31
0.0
 12
0.0
 22
-673.200000000001
 32
0.0
 13
0.0
 23
-673.200000000001
 33
0.0
  0
SOLID
  5
11D6
330
11CE
100
AcDbEntity
  8
0
 62
     0
100
AcDbTrace
 10
-741.3000000000037
 20
-671.0833333333343
 30
0.0
 11
-741.3000000000037
 21
-675.3166666666676
 31
0.0
 12
-754.0000000000038
 22
-673.200000000001
 32
0.0
 13
-754.0000000000038
 23
-673.200000000001
 33
0.0
  0
MTEXT
  5
11D7
330
11CE
100
AcDbEntity
  8
0
 62
     0
100
AcDbMText
 10
-9224.70740220391
 20
-1081.818682955412
 30
0.0
 40
614.3399136995606
 41
0.0
 46
0.0
 71
     5
 72
     1
  1
\A1;(152684)___0110_280010303_THICKNESS_3
  7
Tahoma
 73
     1
 44
1.0
  0
POINT
  5
11D8
330
11CE
100
AcDbEntity
  8
Defpoints
 62
     0
100
AcDbPoint
 10
0.0
 20
-612.0000000000009
 30
0.0
  0
POINT
  5
11D9
330
11CE
100
AcDbEntity
  8
Defpoints
 62
     0
100
AcDbPoint
 10
-754.0000000000038
 20
-612.0000000000009
 30
0.0
  0
POINT
  5
11DA
330
11CE
100
AcDbEntity
  8
Defpoints
 62
     0
100
AcDbPoint
 10
-754.0000000000038
 20
-673.200000000001
 30
0.0
  0
ENDBLK
  5
11D0
330
11CE
100
AcDbEntity
  8
0
100
AcDbBlockEnd
  0
BLOCK
  5
11DD
330
11DC
100
AcDbEntity
  8
0
100
AcDbBlockBegin
  2
*D121
 70
     1
 10
0.0
 20
0.0
 30
0.0
  3
*D121
  1

  0
LINE
  5
11DF
330
11DC
100
AcDbEntity
  8
0
 62
     0
370
    -2
100
AcDbLine
 10
-1564.000000000004
 20
-624.700000000001
 30
0.0
 11
-1564.000000000004
 21
-685.900000000001
 31
0.0
  0
LINE
  5
11E0
330
11DC
100
AcDbEntity
  8
0
 62
     0
370
    -2
100
AcDbLine
 10
-2520.000000000005
 20
-624.700000000001
 30
0.0
 11
-2520.000000000005
 21
-685.900000000001
 31
0.0
  0
LINE
  5
11E1
330
11DC
100
AcDbEntity
  8
0
 62
     0
370
    -2
100
AcDbLine
 10
-2520.000000000005
 20
-673.200000000001
 30
0.0
 11
-30114.27004614591
 21
-673.200000000001
 31
0.0
  0
LINE
  5
11E2
330
11DC
100
AcDbEntity
  8
0
 62
     0
370
    -2
100
AcDbLine
 10
-1576.700000000004
 20
-673.200000000001
 30
0.0
 11
-2507.300000000005
 21
-673.200000000001
 31
0.0
  0
SOLID
  5
11E3
330
11DC
100
AcDbEntity
  8
0
 62
     0
100
AcDbTrace
 10
-1576.700000000004
 20
-675.3166666666676
 30
0.0
 11
-1576.700000000004
 21
-671.0833333333343
 31
0.0
 12
-1564.000000000004
 22
-673.200000000001
 32
0.0
 13
-1564.000000000004
 23
-673.200000000001
 33
0.0
  0
SOLID
  5
11E4
330
11DC
100
AcDbEntity
  8
0
 62
     0
100
AcDbTrace
 10
-2507.300000000005
 20
-671.0833333333343
 30
0.0
 11
-2507.300000000005
 21
-675.3166666666676
 31
0.0
 12
-2520.000000000005
 22
-673.200000000001
 32
0.0
 13
-2520.000000000005
 23
-673.200000000001
 33
0.0
  0
MTEXT
  5
11E5
330
11DC
100
AcDbEntity
  8
0
 62
     0
100
AcDbMText
 10
-16323.48502307296
 20
-1081.818682955413
 30
0.0
 40
614.3399136995606
 41
0.0
 46
0.0
 71
     5
 72
     1
  1
\A1;(201238)__._KRONOSPAN_5981_PD__NEW_2800207018_THICKNESS_18
  7
Tahoma
 73
     1
 44
1.0
  0
POINT
  5
11E6
330
11DC
100
AcDbEntity
  8
Defpoints
 62
     0
100
AcDbPoint
 10
-1564.000000000004
 20
-612.0000000000009
 30
0.0
  0
POINT
  5
11E7
330
11DC
100
AcDbEntity
  8
Defpoints
 62
     0
100
AcDbPoint
 10
-2520.000000000005
 20
-612.0000000000009
 30
0.0
  0
POINT
  5
11E8
330
11DC
100
AcDbEntity
  8
Defpoints
 62
     0
100
AcDbPoint
 10
-2520.000000000005
 20
-673.200000000001
 30
0.0
  0
ENDBLK
  5
11DE
330
11DC
100
AcDbEntity
  8
0
100
AcDbBlockEnd
  0
BLOCK
  5
11EB
330
11EA
100
AcDbEntity
  8
0
100
AcDbBlockBegin
  2
*D122
 70
     1
 10
0.0
 20
0.0
 30
0.0
  3
*D122
  1

  0
LINE
  5
11ED
330
11EA
100
AcDbEntity
  8
0
 62
     0
370
    -2
100
AcDbLine
 10
-3330.000000000005
 20
-624.700000000001
 30
0.0
 11
-3330.000000000005
 21
-685.900000000001
 31
0.0
  0
LINE
  5
11EE
330
11EA
100
AcDbEntity
  8
0
 62
     0
370
    -2
100
AcDbLine
 10
-6732.000000000009
 20
-624.700000000001
 30
0.0
 11
-6732.000000000009
 21
-685.900000000001
 31
0.0
  0
LINE
  5
11EF
330
11EA
100
AcDbEntity
  8
0
 62
     0
370
    -2
100
AcDbLine
 10
-6732.000000000009
 20
-673.200000000001
 30
0.0
 11
-31232.45424075491
 21
-673.200000000001
 31
0.0
  0
LINE
  5
11F0
330
11EA
100
AcDbEntity
  8
0
 62
     0
370
    -2
100
AcDbLine
 10
-3342.700000000005
 20
-673.200000000001
 30
0.0
 11
-6719.300000000009
 21
-673.200000000001
 31
0.0
  0
SOLID
  5
11F1
330
11EA
100
AcDbEntity
  8
0
 62
     0
100
AcDbTrace
 10
-3342.700000000005
 20
-675.3166666666676
 30
0.0
 11
-3342.700000000005
 21
-671.0833333333343
 31
0.0
 12
-3330.000000000005
 22
-673.200000000001
 32
0.0
 13
-3330.000000000005
 23
-673.200000000001
 33
0.0
  0
SOLID
  5
11F2
330
11EA
100
AcDbEntity
  8
0
 62
     0
100
AcDbTrace
 10
-6719.300000000009
 20
-671.0833333333343
 30
0.0
 11
-6719.300000000009
 21
-675.3166666666676
 31
0.0
 12
-6732.000000000009
 22
-673.200000000001
 32
0.0
 13
-6732.000000000009
 23
-673.200000000001
 33
0.0
  0
MTEXT
  5
11F3
330
11EA
100
AcDbEntity
  8
0
 62
     0
100
AcDbMText
 10
-18988.57712037746
 20
-1081.818682955413
 30
0.0
 40
614.3399136995606
 41
0.0
 46
0.0
 71
     5
 72
     1
  1
\A1;(48501)__EGGER_W_1000_ST9___2800207018__THICKNESS_18
  7
Tahoma
 73
     1
 44
1.0
  0
POINT
  5
11F4
330
11EA
100
AcDbEntity
  8
Defpoints
 62
     0
100
AcDbPoint
 10
-3330.000000000005
 20
-612.0000000000009
 30
0.0
  0
POINT
  5
11F5
330
11EA
100
AcDbEntity
  8
Defpoints
 62
     0
100
AcDbPoint
 10
-6732.000000000009
 20
-612.0000000000009
 30
0.0
  0
POINT
  5
11F6
330
11EA
100
AcDbEntity
  8
Defpoints
 62
     0
100
AcDbPoint
 10
-6732.000000000009
 20
-673.200000000001
 30
0.0
  0
ENDBLK
  5
11EC
330
11EA
100
AcDbEntity
  8
0
100
AcDbBlockEnd
  0
ENDSEC
  0
SECTION
  2
ENTITIES
  0
INSERT
  5
11F7
330
1F
100
AcDbEntity
  8
0
347
45
 62
     0
100
AcDbBlockReference
 66
     1
  2
_152684____0110_280010303_THICKNESS_3
 10
0.0
 20
0.0
 30
0.0
  0
ATTRIB
  5
11F8
330
11F7
100
AcDbEntity
  8
0
100
AcDbText
 10
0.0
 20
0.0
 30
0.0
 40
0.2
  1
ABF_Flatten
100
AcDbAttribute
  2
Skp_ComponentInstanceName
 70
     0
280
     0
  0
SEQEND
  5
11F9
330
11F7
100
AcDbEntity
  8
0
347
45
 62
     0
  0
INSERT
  5
11FA
330
1F
100
AcDbEntity
  8
0
347
45
 62
     0
100
AcDbBlockReference
 66
     1
  2
_201238___._KRONOSPAN_5981_PD__NEW_2800207018_THICKNESS_18
 10
0.0
 20
0.0
 30
0.0
  0
ATTRIB
  5
11FB
330
11FA
100
AcDbEntity
  8
0
100
AcDbText
 10
0.0
 20
0.0
 30
0.0
 40
0.2
  1
ABF_Flatten
100
AcDbAttribute
  2
Skp_ComponentInstanceName
 70
     0
280
     0
  0
SEQEND
  5
11FC
330
11FA
100
AcDbEntity
  8
0
347
45
 62
     0
  0
INSERT
  5
11FD
330
1F
100
AcDbEntity
  8
0
347
45
 62
     0
100
AcDbBlockReference
 66
     1
  2
_48501___EGGER_W_1000_ST9___2800207018__THICKNESS_18
 10
0.0
 20
0.0
 30
0.0
  0
ATTRIB
  5
11FE
330
11FD
100
AcDbEntity
  8
0
100
AcDbText
 10
0.0
 20
0.0
 30
0.0
 40
0.2
  1
ABF_Flatten
100
AcDbAttribute
  2
Skp_ComponentInstanceName
 70
     0
280
     0
  0
SEQEND
  5
11FF
330
11FD
100
AcDbEntity
  8
0
347
45
 62
     0
  0
INSERT
  5
1200
330
1F
100
AcDbEntity
  8
0
347
45
 62
     0
100
AcDbBlockReference
 66
     1
  2
Group143#2
 10
0.0
 20
0.0
 30
0.0
  0
ATTRIB
  5
1201
330
1200
100
AcDbEntity
  8
0
100
AcDbText
 10
0.0
 20
0.0
 30
0.0
 40
1.0
  1
ABF_Flatten
100
AcDbAttribute
  2
Skp_GroupInstanceName
 70
     0
280
     0
  0
SEQEND
  5
1202
330
1200
100
AcDbEntity
  8
0
347
45
 62
     0
  0
ENDSEC
  0
SECTION
  2
OBJECTS
  0
DICTIONARY
  5
C
330
0
100
AcDbDictionary
281
     1
  3
ACAD_DETAILVIEWSTYLE
350
123E
  3
ACAD_GROUP
350
D
  3
ACAD_LAYOUT
350
1A
  3
ACAD_MATERIAL
350
43
  3
ACAD_MLEADERSTYLE
350
5B
  3
ACAD_MLINESTYLE
350
17
  3
ACAD_PLOTSETTINGS
350
19
  3
ACAD_PLOTSTYLENAME
350
E
  3
ACAD_SCALELIST
350
47
  3
ACAD_SECTIONVIEWSTYLE
350
123F
  3
ACAD_TABLESTYLE
350
59
  3
ACAD_VISUALSTYLE
350
2A
  3
ACDB_RECOMPOSE_DATA
350
123B
  3
AcDbVariableDictionary
350
1203
  0
SUN
  5
5D
330
29
100
AcDbSun
 90
        1
290
     0
 63
     7
421
 16777215
 40
1.0
291
     1
 91
  2455826
 92
 54000000
292
     0
 70
     2
 71
   256
280
     1
  0
DICTIONARY
  5
123E
102
{ACAD_REACTORS
330
C
102
}
330
C
100
AcDbDictionary
281
     1
  0
DICTIONARY
  5
D
102
{ACAD_REACTORS
330
C
102
}
330
C
100
AcDbDictionary
281
     1
  0
DICTIONARY
  5
1A
102
{ACAD_REACTORS
330
C
102
}
330
C
100
AcDbDictionary
281
     1
  3
Layout1
350
1E
  3
Layout2
350
26
  3
Model
350
22
  0
DICTIONARY
  5
43
102
{ACAD_REACTORS
330
C
102
}
330
C
100
AcDbDictionary
281
     1
  3
ABF_Top_Faces
350
E11
  3
ByBlock
350
45
  3
ByLayer
350
44
  3
Global
350
46
  0
DICTIONARY
  5
5B
102
{ACAD_REACTORS
330
C
102
}
330
C
100
AcDbDictionary
281
     1
  3
Standard
350
5C
  0
DICTIONARY
  5
17
102
{ACAD_REACTORS
330
C
102
}
330
C
100
AcDbDictionary
281
     1
  3
Standard
350
18
  0
DICTIONARY
  5
19
102
{ACAD_REACTORS
330
C
102
}
330
C
100
AcDbDictionary
281
     1
  0
ACDBDICTIONARYWDFLT
  5
E
102
{ACAD_REACTORS
330
C
102
}
330
C
100
AcDbDictionary
281
     1
  3
Normal
350
F
100
AcDbDictionaryWithDefault
340
F
  0
DICTIONARY
  5
47
102
{ACAD_REACTORS
330
C
102
}
330
C
100
AcDbDictionary
281
     1
  3
A0
350
48
  3
A1
350
49
  3
A2
350
4A
  3
A3
350
4B
  3
A4
350
4C
  3
A5
350
4D
  3
A6
350
4E
  3
A7
350
4F
  3
A8
350
50
  3
A9
350
51
  3
B1
350
52
  3
B2
350
53
  3
B3
350
54
  3
B4
350
55
  3
B5
350
56
  3
B6
350
57
  3
B7
350
58
  0
DICTIONARY
  5
123F
102
{ACAD_REACTORS
330
C
102
}
330
C
100
AcDbDictionary
281
     1
  0
DICTIONARY
  5
59
102
{ACAD_REACTORS
330
C
102
}
330
C
100
AcDbDictionary
281
     1
  3
Standard
350
5A
  0
DICTIONARY
  5
2A
102
{ACAD_REACTORS
330
C
102
}
330
C
100
AcDbDictionary
281
     1
  3
2dWireframe
350
2F
  3
Basic
350
32
  3
Brighten
350
36
  3
ColorChange
350
3A
  3
Conceptual
350
34
  3
Dim
350
35
  3
EdgeColorOff
350
3D
  3
Facepattern
350
39
  3
Flat
350
2B
  3
FlatWithEdges
350
2C
  3
Gouraud
350
2D
  3
GouraudWithEdges
350
2E
  3
Hidden
350
31
  3
JitterOff
350
3B
  3
Linepattern
350
38
  3
OverhangOff
350
3C
  3
Realistic
350
33
  3
Shaded
350
42
  3
Shaded with edges
350
41
  3
Shades of Gray
350
3E
  3
Sketchy
350
3F
  3
Thicken
350
37
  3
Wireframe
350
30
  3
X-Ray
350
40
  0
XRECORD
  5
123B
102
{ACAD_REACTORS
330
C
102
}
330
C
100
AcDbXrecord
280
     1
 90
        1
330
5A
  0
DICTIONARY
  5
1203
102
{ACAD_REACTORS
330
C
102
}
330
C
100
AcDbDictionary
281
     1
  3
CANNOSCALE
350
1204
  3
CMLEADERSTYLE
350
123D
  3
CTABLESTYLE
350
123C
  3
XCLIPFRAME
350
1205
  0
LAYOUT
  5
1E
102
{ACAD_REACTORS
330
1A
102
}
330
1A
100
AcDbPlotSettings
  1

  2
none_device
  4

  6

 40
0.0
 41
0.0
 42
0.0
 43
0.0
 44
0.0
 45
0.0
 46
0.0
 47
0.0
 48
0.0
 49
0.0
140
0.0
141
0.0
142
1.0
143
1.0
 70
   688
 72
     0
 73
     0
 74
     5
  7

 75
    16
 76
     0
 77
     2
 78
   300
147
1.0
148
0.0
149
0.0
100
AcDbLayout
  1
Layout1
 70
     1
 71
     1
 10
0.0
 20
0.0
 11
12.0
 21
9.0
 12
0.0
 22
0.0
 32
0.0
 14
1.000000000000000E+20
 24
1.000000000000000E+20
 34
1.000000000000000E+20
 15
-1.000000000000000E+20
 25
-1.000000000000000E+20
 35
-1.000000000000000E+20
146
0.0
 13
0.0
 23
0.0
 33
0.0
 16
1.0
 26
0.0
 36
0.0
 17
0.0
 27
1.0
 37
0.0
 76
     0
330
1B
  0
LAYOUT
  5
26
102
{ACAD_REACTORS
330
1A
102
}
330
1A
100
AcDbPlotSettings
  1

  2
none_device
  4

  6

 40
0.0
 41
0.0
 42
0.0
 43
0.0
 44
0.0
 45
0.0
 46
0.0
 47
0.0
 48
0.0
 49
0.0
140
0.0
141
0.0
142
1.0
143
1.0
 70
   688
 72
     0
 73
     0
 74
     5
  7

 75
    16
 76
     0
 77
     2
 78
   300
147
1.0
148
0.0
149
0.0
100
AcDbLayout
  1
Layout2
 70
     1
 71
     2
 10
0.0
 20
0.0
 11
0.0
 21
0.0
 12
0.0
 22
0.0
 32
0.0
 14
0.0
 24
0.0
 34
0.0
 15
0.0
 25
0.0
 35
0.0
146
0.0
 13
0.0
 23
0.0
 33
0.0
 16
1.0
 26
0.0
 36
0.0
 17
0.0
 27
1.0
 37
0.0
 76
     0
330
23
  0
LAYOUT
  5
22
102
{ACAD_REACTORS
330
1A
102
}
330
1A
100
AcDbPlotSettings
  1

  2
none_device
  4
Letter_(8.50_x_11.00_Inches)
  6

 40
6.35
 41
6.35
 42
6.35000508
 43
6.35000508
 44
215.9
 45
279.4
 46
0.0
 47
0.0
 48
0.0
 49
0.0
140
0.0
141
0.0
142
1.0
143
1.0
 70
  1712
 72
     0
 73
     0
 74
     0
  7

 75
     0
 76
     0
 77
     2
 78
   300
147
1.0
148
0.0
149
0.0
100
AcDbLayout
  1
Model
 70
     1
 71
     0
 10
0.0
 20
0.0
 11
12.0
 21
9.0
 12
0.0
 22
0.0
 32
0.0
 14
1.000000000000000E+20
 24
1.000000000000000E+20
 34
1.000000000000000E+20
 15
-1.000000000000000E+20
 25
-1.000000000000000E+20
 35
-1.000000000000000E+20
146
0.0
 13
0.0
 23
0.0
 33
0.0
 16
1.0
 26
0.0
 36
0.0
 17
0.0
 27
1.0
 37
0.0
 76
     0
330
1F
331
29
  0
MATERIAL
  5
E11
102
{ACAD_REACTORS
330
43
102
}
330
43
100
AcDbMaterial
  1
ABF_Top_Faces
 72
     1
  0
MATERIAL
  5
45
102
{ACAD_REACTORS
330
43
102
}
330
43
100
AcDbMaterial
  1
ByBlock
 72
     1
 94
      127
  0
MATERIAL
  5
44
102
{ACAD_REACTORS
330
43
102
}
330
43
100
AcDbMaterial
  1
ByLayer
 72
     1
 94
      127
  0
MATERIAL
  5
46
102
{ACAD_REACTORS
330
43
102
}
330
43
100
AcDbMaterial
  1
Global
 72
     1
 94
      127
  0
MLEADERSTYLE
  5
5C
102
{ACAD_REACTORS
330
5B
102
}
102
{ACAD_XDICTIONARY
360
1239
102
}
330
5B
100
AcDbMLeaderStyle
170
     2
171
     1
172
     0
 90
        2
 40
0.0
 41
0.0
173
     1
 91
-1056964608
340
14
 92
       -2
290
     1
 42
0.09
291
     1
 43
0.36
  3
Standard
341
0
 44
0.18
300

342
11
174
     1
178
     6
175
     1
176
     0
 93
-1056964608
 45
0.18
292
     0
297
     0
 46
0.18
343
0
 94
-1056964608
 47
1.0
 49
1.0
140
1.0
293
     1
141
0.0
294
     1
177
     0
142
1.0
295
     0
296
     0
143
0.125
1001
ACAD_MLEADERVER
1070
     2
  0
MLINESTYLE
  5
18
102
{ACAD_REACTORS
330
17
102
}
330
17
100
AcDbMlineStyle
  2
Standard
 70
     0
  3

 62
   256
 51
90.0
 52
90.0
 71
     2
 49
0.5
 62
   256
  6
BYLAYER
 49
-0.5
 62
   256
  6
BYLAYER
  0
ACDBPLACEHOLDER
  5
F
102
{ACAD_REACTORS
330
E
102
}
330
E
  0
SCALE
  5
48
102
{ACAD_REACTORS
330
47
102
}
330
47
100
AcDbScale
 70
     0
300
1:1
140
1.0
141
1.0
290
     1
  0
SCALE
  5
49
102
{ACAD_REACTORS
330
47
102
}
330
47
100
AcDbScale
 70
     0
300
1/128" = 1'-0"
140
0.0078125
141
12.0
290
     0
  0
SCALE
  5
4A
102
{ACAD_REACTORS
330
47
102
}
330
47
100
AcDbScale
 70
     0
300
1/64" = 1'-0"
140
0.015625
141
12.0
290
     0
  0
SCALE
  5
4B
102
{ACAD_REACTORS
330
47
102
}
330
47
100
AcDbScale
 70
     0
300
1/32" = 1'-0"
140
0.03125
141
12.0
290
     0
  0
SCALE
  5
4C
102
{ACAD_REACTORS
330
47
102
}
330
47
100
AcDbScale
 70
     0
300
1/16" = 1'-0"
140
0.0625
141
12.0
290
     0
  0
SCALE
  5
4D
102
{ACAD_REACTORS
330
47
102
}
330
47
100
AcDbScale
 70
     0
300
3/32" = 1'-0"
140
0.09375
141
12.0
290
     0
  0
SCALE
  5
4E
102
{ACAD_REACTORS
330
47
102
}
330
47
100
AcDbScale
 70
     0
300
1/8" = 1'-0"
140
0.125
141
12.0
290
     0
  0
SCALE
  5
4F
102
{ACAD_REACTORS
330
47
102
}
330
47
100
AcDbScale
 70
     0
300
3/16" = 1'-0"
140
0.1875
141
12.0
290
     0
  0
SCALE
  5
50
102
{ACAD_REACTORS
330
47
102
}
330
47
100
AcDbScale
 70
     0
300
1/4" = 1'-0"
140
0.25
141
12.0
290
     0
  0
SCALE
  5
51
102
{ACAD_REACTORS
330
47
102
}
330
47
100
AcDbScale
 70
     0
300
3/8" = 1'-0"
140
0.375
141
12.0
290
     0
  0
SCALE
  5
52
102
{ACAD_REACTORS
330
47
102
}
330
47
100
AcDbScale
 70
     0
300
1/2" = 1'-0"
140
0.5
141
12.0
290
     0
  0
SCALE
  5
53
102
{ACAD_REACTORS
330
47
102
}
330
47
100
AcDbScale
 70
     0
300
3/4" = 1'-0"
140
0.75
141
12.0
290
     0
  0
SCALE
  5
54
102
{ACAD_REACTORS
330
47
102
}
330
47
100
AcDbScale
 70
     0
300
1" = 1'-0"
140
1.0
141
12.0
290
     0
  0
SCALE
  5
55
102
{ACAD_REACTORS
330
47
102
}
330
47
100
AcDbScale
 70
     0
300
1-1/2" = 1'-0"
140
1.5
141
12.0
290
     0
  0
SCALE
  5
56
102
{ACAD_REACTORS
330
47
102
}
330
47
100
AcDbScale
 70
     0
300
3" = 1'-0"
140
3.0
141
12.0
290
     0
  0
SCALE
  5
57
102
{ACAD_REACTORS
330
47
102
}
330
47
100
AcDbScale
 70
     0
300
6" = 1'-0"
140
6.0
141
12.0
290
     0
  0
SCALE
  5
58
102
{ACAD_REACTORS
330
47
102
}
330
47
100
AcDbScale
 70
     0
300
1'-0" = 1'-0"
140
12.0
141
12.0
290
     0
  0
TABLESTYLE
  5
5A
102
{ACAD_REACTORS
330
59
102
}
102
{ACAD_XDICTIONARY
360
1236
102
}
330
59
100
AcDbTableStyle
  3
Standard
 70
     0
 71
     0
 40
0.06
 41
0.06
280
     0
281
     0
  7
Standard
140
0.18
170
     2
 62
     0
 63
   257
283
     0
 90
        4
 91
        0
  1

274
    -2
284
     1
 64
     0
275
    -2
285
     1
 65
     0
276
    -2
286
     1
 66
     0
277
    -2
287
     1
 67
     0
278
    -2
288
     1
 68
     0
279
    -2
289
     1
 69
     0
  7
Standard
140
0.25
170
     5
 62
     0
 63
   257
283
     0
 90
        4
 91
        0
  1

274
    -2
284
     1
 64
     0
275
    -2
285
     1
 65
     0
276
    -2
286
     1
 66
     0
277
    -2
287
     1
 67
     0
278
    -2
288
     1
 68
     0
279
    -2
289
     1
 69
     0
  7
Standard
140
0.18
170
     5
 62
     0
 63
   257
283
     0
 90
        4
 91
        0
  1

274
    -2
284
     1
 64
     0
275
    -2
285
     1
 65
     0
276
    -2
286
     1
 66
     0
277
    -2
287
     1
 67
     0
278
    -2
288
     1
 68
     0
279
    -2
289
     1
 69
     0
  0
VISUALSTYLE
  5
2F
102
{ACAD_REACTORS
330
2A
102
}
102
{ACAD_XDICTIONARY
360
120E
102
}
330
2A
100
AcDbVisualStyle
  2
2dWireframe
 70
     4
 71
     0
 72
     2
 73
     0
 90
        0
 40
0.6
 41
30.0
 62
     5
 63
     7
421
 16777215
 74
     1
 91
        4
 64
     7
 65
   257
 75
     1
175
     1
 42
1.0
 92
        0
 66
   257
 43
1.0
 76
     1
 77
     6
 78
     2
 67
     7
 79
     5
170
     0
171
     0
290
     0
174
     0
 93
        1
 44
0.0
173
     0
291
     0
 45
0.0
  0
VISUALSTYLE
  5
32
102
{ACAD_REACTORS
330
2A
102
}
102
{ACAD_XDICTIONARY
360
1214
102
}
330
2A
100
AcDbVisualStyle
  2
Basic
 70
     7
 71
     1
 72
     0
 73
     1
 90
        0
 40
0.6
 41
30.0
 62
     5
 63
     7
421
 16777215
 74
     0
 91
        4
 64
     7
 65
   257
 75
     1
175
     1
 42
1.0
 92
        8
 66
     7
 43
1.0
 76
     1
 77
     6
 78
     2
 67
     7
 79
     5
170
     0
171
     0
290
     0
174
     0
 93
        1
 44
0.0
173
     0
291
     1
 45
0.0
  0
VISUALSTYLE
  5
36
102
{ACAD_REACTORS
330
2A
102
}
102
{ACAD_XDICTIONARY
360
121C
102
}
330
2A
100
AcDbVisualStyle
  2
Brighten
 70
    12
 71
     2
 72
     2
 73
     0
 90
        0
 40
0.6
 41
30.0
 62
     5
 63
     7
421
 16777215
 74
     1
 91
        4
 64
     7
 65
   257
 75
     1
175
     1
 42
1.0
 92
        8
 66
     7
 43
1.0
 76
     1
 77
     6
 78
     2
 67
     7
 79
     5
170
     0
171
     0
290
     0
174
     0
 93
        1
 44
50.0
173
     0
291
     1
 45
0.0
  0
VISUALSTYLE
  5
3A
102
{ACAD_REACTORS
330
2A
102
}
102
{ACAD_XDICTIONARY
360
1224
102
}
330
2A
100
AcDbVisualStyle
  2
ColorChange
 70
    16
 71
     2
 72
     2
 73
     3
 90
        0
 40
0.6
 41
30.0
 62
     5
 63
     8
421
  8421504
 74
     1
 91
        4
 64
     7
 65
   257
 75
     1
175
     1
 42
1.0
 92
        8
 66
     8
424
  8421504
 43
1.0
 76
     1
 77
     6
 78
     2
 67
     7
 79
     5
170
     0
171
     0
290
     0
174
     0
 93
        1
 44
0.0
173
     0
291
     1
 45
0.0
  0
VISUALSTYLE
  5
34
102
{ACAD_REACTORS
330
2A
102
}
102
{ACAD_XDICTIONARY
360
1218
102
}
330
2A
100
AcDbVisualStyle
  2
Conceptual
 70
     9
 71
     3
 72
     2
 73
     0
 90
        0
 40
0.6
 41
30.0
 62
     5
 63
     7
421
 16777215
 74
     2
 91
        2
 64
     7
 65
   257
 75
     1
175
     1
 42
179.0
 92
        8
 66
     7
 43
1.0
 76
     1
 77
     6
 78
     2
 67
     7
 79
     3
170
     0
171
     0
290
     0
174
     0
 93
        1
 44
0.0
173
     0
291
     0
 45
0.0
  0
VISUALSTYLE
  5
35
102
{ACAD_REACTORS
330
2A
102
}
102
{ACAD_XDICTIONARY
360
121A
102
}
330
2A
100
AcDbVisualStyle
  2
Dim
 70
    11
 71
     2
 72
     2
 73
     0
 90
        0
 40
0.6
 41
30.0
 62
     5
 63
     7
421
 16777215
 74
     1
 91
        4
 64
     7
 65
   257
 75
     1
175
     1
 42
1.0
 92
        8
 66
     7
 43
1.0
 76
     1
 77
     6
 78
     2
 67
     7
 79
     5
170
     0
171
     0
290
     0
174
     0
 93
        1
 44
-50.0
173
     0
291
     1
 45
0.0
  0
VISUALSTYLE
  5
3D
102
{ACAD_REACTORS
330
2A
102
}
102
{ACAD_XDICTIONARY
360
122A
102
}
330
2A
100
AcDbVisualStyle
  2
EdgeColorOff
 70
    22
 71
     2
 72
     2
 73
     0
 90
        0
 40
0.6
 41
30.0
 62
     5
 63
     7
421
 16777215
 74
     1
 91
        4
 64
     7
 65
   257
 75
     1
175
     1
 42
1.0
 92
        8
 66
     7
 43
1.0
 76
     1
 77
     6
 78
     2
 67
     7
 79
     5
170
     0
171
     0
290
     0
174
     0
 93
        1
 44
0.0
173
     0
291
     1
 45
0.0
  0
VISUALSTYLE
  5
39
102
{ACAD_REACTORS
330
2A
102
}
102
{ACAD_XDICTIONARY
360
1222
102
}
330
2A
100
AcDbVisualStyle
  2
Facepattern
 70
    15
 71
     2
 72
     2
 73
     0
 90
        0
 40
0.6
 41
30.0
 62
     5
 63
     7
421
 16777215
 74
     1
 91
        4
 64
     7
 65
   257
 75
     1
175
     1
 42
1.0
 92
        8
 66
     7
 43
1.0
 76
     1
 77
     6
 78
     2
 67
     7
 79
     5
170
     0
171
     0
290
     0
174
     0
 93
        1
 44
0.0
173
     0
291
     1
 45
0.0
  0
VISUALSTYLE
  5
2B
102
{ACAD_REACTORS
330
2A
102
}
102
{ACAD_XDICTIONARY
360
1206
102
}
330
2A
100
AcDbVisualStyle
  2
Flat
 70
     0
 71
     2
 72
     1
 73
     1
 90
        2
 40
0.6
 41
30.0
 62
     5
 63
     7
421
 16777215
 74
     0
 91
        0
 64
     7
 65
   257
 75
     1
175
     1
 42
1.0
 92
        8
 66
     7
 43
1.0
 76
     1
 77
     6
 78
     2
 67
     7
 79
     5
170
     0
171
     0
290
     0
174
     0
 93
       13
 44
0.0
173
     0
291
     1
 45
0.0
  0
VISUALSTYLE
  5
2C
102
{ACAD_REACTORS
330
2A
102
}
102
{ACAD_XDICTIONARY
360
1208
102
}
330
2A
100
AcDbVisualStyle
  2
FlatWithEdges
 70
     1
 71
     2
 72
     1
 73
     1
 90
        2
 40
0.6
 41
30.0
 62
     5
 63
     7
421
 16777215
 74
     1
 91
        0
 64
     7
 65
   257
 75
     1
175
     1
 42
1.0
 92
        0
 66
   257
 43
1.0
 76
     1
 77
     6
 78
     2
 67
     7
 79
     5
170
     0
171
     0
290
     0
174
     0
 93
       13
 44
0.0
173
     0
291
     1
 45
0.0
  0
VISUALSTYLE
  5
2D
102
{ACAD_REACTORS
330
2A
102
}
102
{ACAD_XDICTIONARY
360
120A
102
}
330
2A
100
AcDbVisualStyle
  2
Gouraud
 70
     2
 71
     2
 72
     2
 73
     1
 90
        2
 40
0.6
 41
30.0
 62
     5
 63
     7
421
 16777215
 74
     0
 91
        0
 64
     7
 65
   257
 75
     1
175
     1
 42
1.0
 92
        0
 66
     7
 43
1.0
 76
     1
 77
     6
 78
     2
 67
     7
 79
     5
170
     0
171
     0
290
     0
174
     0
 93
       13
 44
0.0
173
     0
291
     1
 45
0.0
  0
VISUALSTYLE
  5
2E
102
{ACAD_REACTORS
330
2A
102
}
102
{ACAD_XDICTIONARY
360
120C
102
}
330
2A
100
AcDbVisualStyle
  2
GouraudWithEdges
 70
     3
 71
     2
 72
     2
 73
     1
 90
        2
 40
0.6
 41
30.0
 62
     5
 63
     7
421
 16777215
 74
     1
 91
        0
 64
     7
 65
   257
 75
     1
175
     1
 42
1.0
 92
        0
 66
   257
 43
1.0
 76
     1
 77
     6
 78
     2
 67
     7
 79
     5
170
     0
171
     0
290
     0
174
     0
 93
       13
 44
0.0
173
     0
291
     1
 45
0.0
  0
VISUALSTYLE
  5
31
102
{ACAD_REACTORS
330
2A
102
}
102
{ACAD_XDICTIONARY
360
1212
102
}
330
2A
100
AcDbVisualStyle
  2
Hidden
 70
     6
 71
     1
 72
     2
 73
     2
 90
        0
 40
0.6
 41
30.0
 62
     5
 63
     7
421
 16777215
 74
     2
 91
        2
 64
     7
 65
   257
 75
     2
175
     1
 42
40.0
 92
        0
 66
   257
 43
1.0
 76
     1
 77
     6
 78
     2
 67
     7
 79
     3
170
     0
171
     0
290
     0
174
     0
 93
        1
 44
0.0
173
     0
291
     0
 45
0.0
  0
VISUALSTYLE
  5
3B
102
{ACAD_REACTORS
330
2A
102
}
102
{ACAD_XDICTIONARY
360
1226
102
}
330
2A
100
AcDbVisualStyle
  2
JitterOff
 70
    20
 71
     2
 72
     2
 73
     0
 90
        0
 40
0.6
 41
30.0
 62
     5
 63
     7
421
 16777215
 74
     1
 91
        4
 64
     7
 65
   257
 75
     1
175
     1
 42
1.0
 92
       10
 66
     7
 43
1.0
 76
     1
 77
     6
 78
     2
 67
     7
 79
     5
170
     0
171
     0
290
     0
174
     0
 93
        1
 44
0.0
173
     0
291
     1
 45
0.0
  0
VISUALSTYLE
  5
38
102
{ACAD_REACTORS
330
2A
102
}
102
{ACAD_XDICTIONARY
360
1220
102
}
330
2A
100
AcDbVisualStyle
  2
Linepattern
 70
    14
 71
     2
 72
     2
 73
     0
 90
        0
 40
0.6
 41
30.0
 62
     5
 63
     7
421
 16777215
 74
     1
 91
        4
 64
     7
 65
   257
 75
     7
175
     7
 42
1.0
 92
        8
 66
     7
 43
1.0
 76
     1
 77
     6
 78
     2
 67
     7
 79
     5
170
     0
171
     0
290
     0
174
     0
 93
        1
 44
0.0
173
     0
291
     1
 45
0.0
  0
VISUALSTYLE
  5
3C
102
{ACAD_REACTORS
330
2A
102
}
102
{ACAD_XDICTIONARY
360
1228
102
}
330
2A
100
AcDbVisualStyle
  2
OverhangOff
 70
    21
 71
     2
 72
     2
 73
     0
 90
        0
 40
0.6
 41
30.0
 62
     5
 63
     7
421
 16777215
 74
     1
 91
        4
 64
     7
 65
   257
 75
     1
175
     1
 42
1.0
 92
        9
 66
     7
 43
1.0
 76
     1
 77
     6
 78
     2
 67
     7
 79
     5
170
     0
171
     0
290
     0
174
     0
 93
        1
 44
0.0
173
     0
291
     1
 45
0.0
  0
VISUALSTYLE
  5
33
102
{ACAD_REACTORS
330
2A
102
}
102
{ACAD_XDICTIONARY
360
1216
102
}
330
2A
100
AcDbVisualStyle
  2
Realistic
 70
     8
 71
     2
 72
     3
 73
     0
 90
        2
 40
0.6
 41
30.0
 62
     5
 63
     7
421
 16777215
 74
     0
 91
        0
 64
     7
 65
   257
 75
     1
175
     1
 42
1.0
 92
        8
 66
   257
 43
1.0
 76
     1
 77
     6
 78
     2
 67
     7
 79
     3
170
     0
171
     0
290
     0
174
     0
 93
       13
 44
0.0
173
     0
291
     0
 45
0.0
  0
VISUALSTYLE
  5
42
102
{ACAD_REACTORS
330
2A
102
}
102
{ACAD_XDICTIONARY
360
1234
102
}
330
2A
100
AcDbVisualStyle
  2
Shaded
 70
    27
 71
     2
 72
     2
 73
     1
 90
        2
 40
0.6
 41
30.0
 62
     5
 63
     7
421
 16777215
 74
     0
 91
        4
 64
     7
 65
   257
 75
     1
175
     1
 42
1.0
 92
        8
 66
   257
 43
1.0
 76
     1
 77
     6
 78
     2
 67
     8
425
  7895160
 79
     3
170
     0
171
     0
290
     0
174
     0
 93
        5
 44
0.0
173
     0
291
     0
 45
0.0
  0
VISUALSTYLE
  5
41
102
{ACAD_REACTORS
330
2A
102
}
102
{ACAD_XDICTIONARY
360
1232
102
}
330
2A
100
AcDbVisualStyle
  2
Shaded with edges
 70
    26
 71
     2
 72
     2
 73
     1
 90
        2
 40
0.6
 41
30.0
 62
     5
 63
     7
421
 16777215
 74
     1
 91
       10
 64
     7
 65
   257
 75
     2
175
     1
 42
1.0
 92
        8
 66
   257
 43
1.0
 76
     1
 77
     6
 78
     2
 67
     7
 79
     3
170
     0
171
     0
290
     0
174
     0
 93
        5
 44
0.0
173
     0
291
     0
 45
0.0
  0
VISUALSTYLE
  5
3E
102
{ACAD_REACTORS
330
2A
102
}
102
{ACAD_XDICTIONARY
360
122C
102
}
330
2A
100
AcDbVisualStyle
  2
Shades of Gray
 70
    23
 71
     2
 72
     2
 73
     3
 90
        0
 40
0.6
 41
30.0
 62
     5
 63
     7
421
 16777215
 74
     2
 91
        2
 64
     7
 65
     7
 75
     1
175
     1
 42
40.0
 92
        8
 66
     7
 43
1.0
 76
     1
 77
     6
 78
     2
 67
     7
 79
     3
170
     0
171
     0
290
     0
174
     0
 93
        1
 44
0.0
173
     0
291
     0
 45
0.0
  0
VISUALSTYLE
  5
3F
102
{ACAD_REACTORS
330
2A
102
}
102
{ACAD_XDICTIONARY
360
122E
102
}
330
2A
100
AcDbVisualStyle
  2
Sketchy
 70
    24
 71
     1
 72
     2
 73
     2
 90
        0
 40
0.6
 41
30.0
 62
     5
 63
     7
421
 16777215
 74
     2
 91
        2
 64
     7
 65
     7
 75
     1
175
     1
 42
40.0
 92
       11
 66
     7
 43
1.0
 76
     1
 77
     6
 78
     2
 67
     7
 79
     6
170
     0
171
     0
290
     0
174
     0
 93
        1
 44
0.0
173
     0
291
     0
 45
0.0
  0
VISUALSTYLE
  5
37
102
{ACAD_REACTORS
330
2A
102
}
102
{ACAD_XDICTIONARY
360
121E
102
}
330
2A
100
AcDbVisualStyle
  2
Thicken
 70
    13
 71
     2
 72
     2
 73
     0
 90
        0
 40
0.6
 41
30.0
 62
     5
 63
     7
421
 16777215
 74
     1
 91
        4
 64
     7
 65
   257
 75
     1
175
     1
 42
1.0
 92
       12
 66
     7
 43
1.0
 76
     1
 77
     6
 78
     2
 67
     7
 79
     5
170
     0
171
     0
290
     0
174
     0
 93
        1
 44
0.0
173
     0
291
     1
 45
0.0
  0
VISUALSTYLE
  5
30
102
{ACAD_REACTORS
330
2A
102
}
102
{ACAD_XDICTIONARY
360
1210
102
}
330
2A
100
AcDbVisualStyle
  2
Wireframe
 70
     5
 71
     0
 72
     2
 73
     0
 90
        0
 40
0.6
 41
30.0
 62
     5
 63
     7
421
 16777215
 74
     1
 91
        4
 64
     7
 65
   257
 75
     1
175
     1
 42
1.0
 92
        0
 66
   257
 43
1.0
 76
     1
 77
     6
 78
     2
 67
     7
 79
     3
170
     0
171
     0
290
     0
174
     0
 93
        1
 44
0.0
173
     0
291
     0
 45
0.0
  0
VISUALSTYLE
  5
40
102
{ACAD_REACTORS
330
2A
102
}
102
{ACAD_XDICTIONARY
360
1230
102
}
330
2A
100
AcDbVisualStyle
  2
X-Ray
 70
    25
 71
     2
 72
     2
 73
     1
 90
        1
 40
0.5
 41
30.0
 62
     5
 63
     7
421
 16777215
 74
     1
 91
        0
 64
     7
 65
   257
 75
     1
175
     1
 42
1.0
 92
        8
 66
     7
 43
1.0
 76
     1
 77
     6
 78
     2
 67
     7
 79
     3
170
     0
171
     0
290
     0
174
     0
 93
       13
 44
0.0
173
     0
291
     0
 45
0.0
  0
DICTIONARYVAR
  5
1204
102
{ACAD_REACTORS
330
1203
102
}
330
1203
100
DictionaryVariables
280
     0
  1
1:1
  0
DICTIONARYVAR
  5
123D
102
{ACAD_REACTORS
330
1203
102
}
330
1203
100
DictionaryVariables
280
     0
  1
Standard
  0
DICTIONARYVAR
  5
123C
102
{ACAD_REACTORS
330
1203
102
}
330
1203
100
DictionaryVariables
280
     0
  1
Standard
  0
DICTIONARYVAR
  5
1205
102
{ACAD_REACTORS
330
1203
102
}
330
1203
100
DictionaryVariables
280
     0
  1
2
  0
DICTIONARY
  5
1239
330
5C
100
AcDbDictionary
280
     1
281
     1
  3
ACAD_XREC_ROUNDTRIP
360
123A
  0
DICTIONARY
  5
1236
330
5A
100
AcDbDictionary
280
     1
281
     1
  3
ACAD_ROUNDTRIP_2008_TABLESTYLE_CELLSTYLEMAP
360
1237
  0
DICTIONARY
  5
120E
330
2F
100
AcDbDictionary
280
     1
281
     1
  3
ACAD_XREC_ROUNDTRIP
360
120F
  0
DICTIONARY
  5
1214
330
32
100
AcDbDictionary
280
     1
281
     1
  3
ACAD_XREC_ROUNDTRIP
360
1215
  0
DICTIONARY
  5
121C
330
36
100
AcDbDictionary
280
     1
281
     1
  3
ACAD_XREC_ROUNDTRIP
360
121D
  0
DICTIONARY
  5
1224
330
3A
100
AcDbDictionary
280
     1
281
     1
  3
ACAD_XREC_ROUNDTRIP
360
1225
  0
DICTIONARY
  5
1218
330
34
100
AcDbDictionary
280
     1
281
     1
  3
ACAD_XREC_ROUNDTRIP
360
1219
  0
DICTIONARY
  5
121A
330
35
100
AcDbDictionary
280
     1
281
     1
  3
ACAD_XREC_ROUNDTRIP
360
121B
  0
DICTIONARY
  5
122A
330
3D
100
AcDbDictionary
280
     1
281
     1
  3
ACAD_XREC_ROUNDTRIP
360
122B
  0
DICTIONARY
  5
1222
330
39
100
AcDbDictionary
280
     1
281
     1
  3
ACAD_XREC_ROUNDTRIP
360
1223
  0
DICTIONARY
  5
1206
330
2B
100
AcDbDictionary
280
     1
281
     1
  3
ACAD_XREC_ROUNDTRIP
360
1207
  0
DICTIONARY
  5
1208
330
2C
100
AcDbDictionary
280
     1
281
     1
  3
ACAD_XREC_ROUNDTRIP
360
1209
  0
DICTIONARY
  5
120A
330
2D
100
AcDbDictionary
280
     1
281
     1
  3
ACAD_XREC_ROUNDTRIP
360
120B
  0
DICTIONARY
  5
120C
330
2E
100
AcDbDictionary
280
     1
281
     1
  3
ACAD_XREC_ROUNDTRIP
360
120D
  0
DICTIONARY
  5
1212
330
31
100
AcDbDictionary
280
     1
281
     1
  3
ACAD_XREC_ROUNDTRIP
360
1213
  0
DICTIONARY
  5
1226
330
3B
100
AcDbDictionary
280
     1
281
     1
  3
ACAD_XREC_ROUNDTRIP
360
1227
  0
DICTIONARY
  5
1220
330
38
100
AcDbDictionary
280
     1
281
     1
  3
ACAD_XREC_ROUNDTRIP
360
1221
  0
DICTIONARY
  5
1228
330
3C
100
AcDbDictionary
280
     1
281
     1
  3
ACAD_XREC_ROUNDTRIP
360
1229
  0
DICTIONARY
  5
1216
330
33
100
AcDbDictionary
280
     1
281
     1
  3
ACAD_XREC_ROUNDTRIP
360
1217
  0
DICTIONARY
  5
1234
330
42
100
AcDbDictionary
280
     1
281
     1
  3
ACAD_XREC_ROUNDTRIP
360
1235
  0
DICTIONARY
  5
1232
330
41
100
AcDbDictionary
280
     1
281
     1
  3
ACAD_XREC_ROUNDTRIP
360
1233
  0
DICTIONARY
  5
122C
330
3E
100
AcDbDictionary
280
     1
281
     1
  3
ACAD_XREC_ROUNDTRIP
360
122D
  0
DICTIONARY
  5
122E
330
3F
100
AcDbDictionary
280
     1
281
     1
  3
ACAD_XREC_ROUNDTRIP
360
122F
  0
DICTIONARY
  5
121E
330
37
100
AcDbDictionary
280
     1
281
     1
  3
ACAD_XREC_ROUNDTRIP
360
121F
  0
DICTIONARY
  5
1210
330
30
100
AcDbDictionary
280
     1
281
     1
  3
ACAD_XREC_ROUNDTRIP
360
1211
  0
DICTIONARY
  5
1230
330
40
100
AcDbDictionary
280
     1
281
     1
  3
ACAD_XREC_ROUNDTRIP
360
1231
  0
XRECORD
  5
123A
102
{ACAD_REACTORS
330
1239
102
}
330
1239
100
AcDbXrecord
280
     1
102
ACAD_ROUNDTRIP_2010_MLEADER_STYLE
  0
CELLSTYLEMAP
  5
1237
102
{ACAD_REACTORS
330
1236
102
}
330
1236
100
AcDbCellStyleMap
 90
        3
300
CELLSTYLE
  1
TABLEFORMAT_BEGIN
 90
        5
170
     1
 91
        0
 92
    32768
 62
   257
 93
        1
300
CONTENTFORMAT
  1
CONTENTFORMAT_BEGIN
 90
        0
 91
        0
 92
        4
 93
        0
300

 40
0.0
140
1.0
 94
        5
 62
     0
340
11
144
0.25
309
CONTENTFORMAT_END
171
     1
301
MARGIN
  1
CELLMARGIN_BEGIN
 40
0.06
 40
0.06
 40
0.06
 40
0.06
 40
0.06
 40
0.06
309
CELLMARGIN_END
 94
        6
 95
        1
302
GRIDFORMAT
  1
GRIDFORMAT_BEGIN
 90
        0
 91
        1
 62
     0
 92
       -2
340
14
 93
        0
 40
0.045
309
GRIDFORMAT_END
 95
        2
302
GRIDFORMAT
  1
GRIDFORMAT_BEGIN
 90
        0
 91
        1
 62
     0
 92
       -2
340
14
 93
        0
 40
0.045
309
GRIDFORMAT_END
 95
        4
302
GRIDFORMAT
  1
GRIDFORMAT_BEGIN
 90
        0
 91
        1
 62
     0
 92
       -2
340
14
 93
        0
 40
0.045
309
GRIDFORMAT_END
 95
        8
302
GRIDFORMAT
  1
GRIDFORMAT_BEGIN
 90
        0
 91
        1
 62
     0
 92
       -2
340
14
 93
        0
 40
0.045
309
GRIDFORMAT_END
 95
       16
302
GRIDFORMAT
  1
GRIDFORMAT_BEGIN
 90
        0
 91
        1
 62
     0
 92
       -2
340
14
 93
        0
 40
0.045
309
GRIDFORMAT_END
 95
       32
302
GRIDFORMAT
  1
GRIDFORMAT_BEGIN
 90
        0
 91
        1
 62
     0
 92
       -2
340
14
 93
        0
 40
0.045
309
GRIDFORMAT_END
309
TABLEFORMAT_END
  1
CELLSTYLE_BEGIN
 90
        1
 91
        1
300
_TITLE
309
CELLSTYLE_END
300
CELLSTYLE
  1
TABLEFORMAT_BEGIN
 90
        5
170
     1
 91
        0
 92
        0
 62
   257
 93
        1
300
CONTENTFORMAT
  1
CONTENTFORMAT_BEGIN
 90
        0
 91
        0
 92
        4
 93
        0
300

 40
0.0
140
1.0
 94
        5
 62
     0
340
11
144
0.18
309
CONTENTFORMAT_END
171
     1
301
MARGIN
  1
CELLMARGIN_BEGIN
 40
0.06
 40
0.06
 40
0.06
 40
0.06
 40
0.06
 40
0.06
309
CELLMARGIN_END
 94
        6
 95
        1
302
GRIDFORMAT
  1
GRIDFORMAT_BEGIN
 90
        0
 91
        1
 62
     0
 92
       -2
340
14
 93
        0
 40
0.045
309
GRIDFORMAT_END
 95
        2
302
GRIDFORMAT
  1
GRIDFORMAT_BEGIN
 90
        0
 91
        1
 62
     0
 92
       -2
340
14
 93
        0
 40
0.045
309
GRIDFORMAT_END
 95
        4
302
GRIDFORMAT
  1
GRIDFORMAT_BEGIN
 90
        0
 91
        1
 62
     0
 92
       -2
340
14
 93
        0
 40
0.045
309
GRIDFORMAT_END
 95
        8
302
GRIDFORMAT
  1
GRIDFORMAT_BEGIN
 90
        0
 91
        1
 62
     0
 92
       -2
340
14
 93
        0
 40
0.045
309
GRIDFORMAT_END
 95
       16
302
GRIDFORMAT
  1
GRIDFORMAT_BEGIN
 90
        0
 91
        1
 62
     0
 92
       -2
340
14
 93
        0
 40
0.045
309
GRIDFORMAT_END
 95
       32
302
GRIDFORMAT
  1
GRIDFORMAT_BEGIN
 90
        0
 91
        1
 62
     0
 92
       -2
340
14
 93
        0
 40
0.045
309
GRIDFORMAT_END
309
TABLEFORMAT_END
  1
CELLSTYLE_BEGIN
 90
        2
 91
        1
300
_HEADER
309
CELLSTYLE_END
300
CELLSTYLE
  1
TABLEFORMAT_BEGIN
 90
        5
170
     1
 91
        0
 92
        0
 62
   257
 93
        1
300
CONTENTFORMAT
  1
CONTENTFORMAT_BEGIN
 90
        0
 91
        0
 92
        4
 93
        0
300

 40
0.0
140
1.0
 94
        2
 62
     0
340
11
144
0.18
309
CONTENTFORMAT_END
171
     1
301
MARGIN
  1
CELLMARGIN_BEGIN
 40
0.06
 40
0.06
 40
0.06
 40
0.06
 40
0.06
 40
0.06
309
CELLMARGIN_END
 94
        6
 95
        1
302
GRIDFORMAT
  1
GRIDFORMAT_BEGIN
 90
        0
 91
        1
 62
     0
 92
       -2
340
14
 93
        0
 40
0.045
309
GRIDFORMAT_END
 95
        2
302
GRIDFORMAT
  1
GRIDFORMAT_BEGIN
 90
        0
 91
        1
 62
     0
 92
       -2
340
14
 93
        0
 40
0.045
309
GRIDFORMAT_END
 95
        4
302
GRIDFORMAT
  1
GRIDFORMAT_BEGIN
 90
        0
 91
        1
 62
     0
 92
       -2
340
14
 93
        0
 40
0.045
309
GRIDFORMAT_END
 95
        8
302
GRIDFORMAT
  1
GRIDFORMAT_BEGIN
 90
        0
 91
        1
 62
     0
 92
       -2
340
14
 93
        0
 40
0.045
309
GRIDFORMAT_END
 95
       16
302
GRIDFORMAT
  1
GRIDFORMAT_BEGIN
 90
        0
 91
        1
 62
     0
 92
       -2
340
14
 93
        0
 40
0.045
309
GRIDFORMAT_END
 95
       32
302
GRIDFORMAT
  1
GRIDFORMAT_BEGIN
 90
        0
 91
        1
 62
     0
 92
       -2
340
14
 93
        0
 40
0.045
309
GRIDFORMAT_END
309
TABLEFORMAT_END
  1
CELLSTYLE_BEGIN
 90
        3
 91
        2
300
_DATA
309
CELLSTYLE_END
  0
XRECORD
  5
120F
102
{ACAD_REACTORS
330
120E
102
}
330
120E
100
AcDbXrecord
280
     1
102
RTVSPropertyOp0
 70
     1
102
RTVSPropertyOp1
 70
     1
102
RTVSPropertyOp2
 70
     1
102
RTVSPropertyOp3
 70
     1
102
RTVSPropertyOp4
 70
     1
102
RTVSPropertyOp5
 70
     1
102
RTVSPropertyOp6
 70
     1
102
RTVSPropertyOp7
 70
     1
102
RTVSPropertyOp8
 70
     1
102
RTVSPropertyOp9
 70
     1
102
RTVSPropertyOp10
 70
     1
102
RTVSPropertyOp11
 70
     1
102
RTVSPropertyOp12
 70
     1
102
RTVSPropertyOp13
 70
     1
102
RTVSPropertyOp14
 70
     1
102
RTVSPropertyOp15
 70
     1
102
RTVSPropertyOp16
 70
     1
102
RTVSPropertyOp17
 70
     1
102
RTVSPropertyOp18
 70
     1
102
RTVSPropertyOp19
 70
     1
102
RTVSPropertyOp20
 70
     1
102
RTVSPropertyOp21
 70
     1
102
RTVSPropertyOp22
 70
     1
102
RTVSPropertyOp23
 70
     1
102
RTVSPropertyOp24
 70
     1
102
RTVSPropertyOp25
 70
     1
102
RTVSPropertyOp26
 70
     1
102
RTVSPropertyOp27
 70
     1
102
RTVSPropertyOp28
 70
     1
102
RTVSPropertyOp29
 70
     1
102
RTVSPropertyOp30
 70
     1
102
RTVSPropertyOp31
 70
     1
102
RTVSPropertyOp32
 70
     1
102
RTVSPropertyOp33
 70
     1
102
RTVSPropertyOp34
 70
     1
102
RTVSPropertyOp35
 70
     1
102
RTVSPropertyOp36
 70
     1
102
RTVSPropertyOp37
 70
     1
102
RTVSPropertyOp38
 70
     1
102
RTVSPropertyOp39
 70
     1
102
RTVSPropertyOp40
 70
     1
102
RTVSPropertyOp41
 70
     1
102
RTVSPropertyOp42
 70
     1
102
RTVSPropertyOp43
 70
     1
102
RTVSPropertyOp44
 70
     1
102
RTVSPropertyOp45
 70
     1
102
RTVSPropertyOp46
 70
     1
102
RTVSPropertyOp47
 70
     1
102
RTVSPropertyOp48
 70
     1
102
RTVSPropertyOp49
 70
     1
102
RTVSPropertyOp50
 70
     1
102
RTVSPropertyOp51
 70
     0
102
RTVSPropertyOp52
 70
     0
102
RTVSPropertyOp53
 70
     1
102
RTVSPropertyOp54
 70
     1
102
RTVSPropertyOp55
 70
     1
102
RTVSPropertyOp56
 70
     1
102
RTVSPropertyOp57
 70
     1
102
RTVSPost2010Prop28
280
     1
102
RTVSPost2010PropOp28
 70
     1
102
RTVSPost2010Prop29
280
     1
102
RTVSPost2010PropOp29
 70
     1
102
RTVSPost2010Prop30
280
     0
102
RTVSPost2010PropOp30
 70
     1
102
RTVSPost2010Prop31
280
     0
102
RTVSPost2010PropOp31
 70
     1
102
RTVSPost2010Prop32
280
     0
102
RTVSPost2010PropOp32
 70
     1
102
RTVSPost2010Prop33
280
     0
102
RTVSPost2010PropOp33
 70
     1
102
RTVSPost2010Prop34
280
     0
102
RTVSPost2010PropOp34
 70
     1
102
RTVSPost2010Prop35
280
     0
102
RTVSPost2010PropOp35
 70
     1
102
RTVSPost2010Prop36
280
     0
102
RTVSPost2010PropOp36
 70
     1
102
RTVSPost2010Prop37
 90
       50
102
RTVSPost2010PropOp37
 70
     1
102
RTVSPost2010Prop38
140
0.0
102
RTVSPost2010PropOp38
 70
     1
102
RTVSPost2010Prop39
140
1.0
102
RTVSPost2010PropOp39
 70
     1
102
RTVSPost2010Prop40
 90
        0
102
RTVSPost2010PropOp40
 70
     1
102
RTVSPost2010Prop41ColorIndex
 90
       18
102
RTVSPost2010Prop41ColorRGB
 90
        0
102
RTVSPost2010PropOp41
 70
     1
102
RTVSPost2010Prop42
 90
       50
102
RTVSPost2010PropOp42
 70
     1
102
RTVSPost2010Prop43
 90
        3
102
RTVSPost2010PropOp43
 70
     1
102
RTVSPost2010Prop44ColorIndex
 90
        5
102
RTVSPost2010Prop44ColorRGB
 90
      255
102
RTVSPost2010PropOp44
 70
     1
102
RTVSPost2010Prop45
280
     0
102
RTVSPost2010PropOp45
 70
     1
102
RTVSPost2010Prop46
 90
       50
102
RTVSPost2010PropOp46
 70
     1
102
RTVSPost2010Prop47
 90
       50
102
RTVSPost2010PropOp47
 70
     1
102
RTVSPost2010Prop48
 90
       50
102
RTVSPost2010PropOp48
 70
     1
102
RTVSPost2010Prop49
280
     0
102
RTVSPost2010PropOp49
 70
     1
102
RTVSPost2010Prop50
 90
       50
102
RTVSPost2010PropOp50
 70
     1
102
RTVSPost2010Prop51ColorIndex
 90
      256
102
RTVSPost2010Prop51ColorRGB
 90
-16777216
102
RTVSPost2010PropOp51
 70
     0
102
RTVSPost2010Prop52
140
1.0
102
RTVSPost2010PropOp52
 70
     0
102
RTVSPost2010Prop53
 90
        2
102
RTVSPost2010PropOp53
 70
     1
102
RTVSPost2010Prop54
  1
strokes_ogs.tif
102
RTVSPost2010PropOp54
 70
     1
102
RTVSPost2010Prop55
280
     0
102
RTVSPost2010PropOp55
 70
     1
102
RTVSPost2010Prop56
140
1.0
102
RTVSPost2010PropOp56
 70
     1
102
RTVSPost2010Prop57
140
1.0
102
RTVSPost2010PropOp57
 70
     1
  0
XRECORD
  5
1215
102
{ACAD_REACTORS
330
1214
102
}
330
1214
100
AcDbXrecord
280
     1
102
RTVSPropertyOp0
 70
     1
102
RTVSPropertyOp1
 70
     1
102
RTVSPropertyOp2
 70
     1
102
RTVSPropertyOp3
 70
     1
102
RTVSPropertyOp4
 70
     1
102
RTVSPropertyOp5
 70
     1
102
RTVSPropertyOp6
 70
     1
102
RTVSPropertyOp7
 70
     1
102
RTVSPropertyOp8
 70
     1
102
RTVSPropertyOp9
 70
     1
102
RTVSPropertyOp10
 70
     1
102
RTVSPropertyOp11
 70
     1
102
RTVSPropertyOp12
 70
     1
102
RTVSPropertyOp13
 70
     1
102
RTVSPropertyOp14
 70
     1
102
RTVSPropertyOp15
 70
     1
102
RTVSPropertyOp16
 70
     1
102
RTVSPropertyOp17
 70
     1
102
RTVSPropertyOp18
 70
     1
102
RTVSPropertyOp19
 70
     1
102
RTVSPropertyOp20
 70
     1
102
RTVSPropertyOp21
 70
     1
102
RTVSPropertyOp22
 70
     1
102
RTVSPropertyOp23
 70
     1
102
RTVSPropertyOp24
 70
     1
102
RTVSPropertyOp25
 70
     1
102
RTVSPropertyOp26
 70
     1
102
RTVSPropertyOp27
 70
     1
102
RTVSPropertyOp28
 70
     1
102
RTVSPropertyOp29
 70
     1
102
RTVSPropertyOp30
 70
     1
102
RTVSPropertyOp31
 70
     1
102
RTVSPropertyOp32
 70
     1
102
RTVSPropertyOp33
 70
     1
102
RTVSPropertyOp34
 70
     1
102
RTVSPropertyOp35
 70
     1
102
RTVSPropertyOp36
 70
     1
102
RTVSPropertyOp37
 70
     1
102
RTVSPropertyOp38
 70
     1
102
RTVSPropertyOp39
 70
     1
102
RTVSPropertyOp40
 70
     1
102
RTVSPropertyOp41
 70
     1
102
RTVSPropertyOp42
 70
     1
102
RTVSPropertyOp43
 70
     1
102
RTVSPropertyOp44
 70
     1
102
RTVSPropertyOp45
 70
     1
102
RTVSPropertyOp46
 70
     1
102
RTVSPropertyOp47
 70
     1
102
RTVSPropertyOp48
 70
     1
102
RTVSPropertyOp49
 70
     1
102
RTVSPropertyOp50
 70
     1
102
RTVSPropertyOp51
 70
     0
102
RTVSPropertyOp52
 70
     0
102
RTVSPropertyOp53
 70
     1
102
RTVSPropertyOp54
 70
     1
102
RTVSPropertyOp55
 70
     1
102
RTVSPropertyOp56
 70
     1
102
RTVSPropertyOp57
 70
     1
102
RTVSPost2010Prop28
280
     0
102
RTVSPost2010PropOp28
 70
     1
102
RTVSPost2010Prop29
280
     1
102
RTVSPost2010PropOp29
 70
     1
102
RTVSPost2010Prop30
280
     1
102
RTVSPost2010PropOp30
 70
     1
102
RTVSPost2010Prop31
280
     0
102
RTVSPost2010PropOp31
 70
     1
102
RTVSPost2010Prop32
280
     0
102
RTVSPost2010PropOp32
 70
     1
102
RTVSPost2010Prop33
280
     0
102
RTVSPost2010PropOp33
 70
     1
102
RTVSPost2010Prop34
280
     0
102
RTVSPost2010PropOp34
 70
     1
102
RTVSPost2010Prop35
280
     0
102
RTVSPost2010PropOp35
 70
     1
102
RTVSPost2010Prop36
280
     0
102
RTVSPost2010PropOp36
 70
     1
102
RTVSPost2010Prop37
 90
       50
102
RTVSPost2010PropOp37
 70
     1
102
RTVSPost2010Prop38
140
0.0
102
RTVSPost2010PropOp38
 70
     1
102
RTVSPost2010Prop39
140
1.0
102
RTVSPost2010PropOp39
 70
     1
102
RTVSPost2010Prop40
 90
        0
102
RTVSPost2010PropOp40
 70
     1
102
RTVSPost2010Prop41ColorIndex
 90
       18
102
RTVSPost2010Prop41ColorRGB
 90
        0
102
RTVSPost2010PropOp41
 70
     1
102
RTVSPost2010Prop42
 90
       50
102
RTVSPost2010PropOp42
 70
     1
102
RTVSPost2010Prop43
 90
        3
102
RTVSPost2010PropOp43
 70
     1
102
RTVSPost2010Prop44ColorIndex
 90
        5
102
RTVSPost2010Prop44ColorRGB
 90
      255
102
RTVSPost2010PropOp44
 70
     1
102
RTVSPost2010Prop45
280
     0
102
RTVSPost2010PropOp45
 70
     1
102
RTVSPost2010Prop46
 90
       50
102
RTVSPost2010PropOp46
 70
     1
102
RTVSPost2010Prop47
 90
       50
102
RTVSPost2010PropOp47
 70
     1
102
RTVSPost2010Prop48
 90
       50
102
RTVSPost2010PropOp48
 70
     1
102
RTVSPost2010Prop49
280
     0
102
RTVSPost2010PropOp49
 70
     1
102
RTVSPost2010Prop50
 90
       50
102
RTVSPost2010PropOp50
 70
     1
102
RTVSPost2010Prop51ColorIndex
 90
      256
102
RTVSPost2010Prop51ColorRGB
 90
-16777216
102
RTVSPost2010PropOp51
 70
     0
102
RTVSPost2010Prop52
140
1.0
102
RTVSPost2010PropOp52
 70
     0
102
RTVSPost2010Prop53
 90
        2
102
RTVSPost2010PropOp53
 70
     1
102
RTVSPost2010Prop54
  1
strokes_ogs.tif
102
RTVSPost2010PropOp54
 70
     1
102
RTVSPost2010Prop55
280
     0
102
RTVSPost2010PropOp55
 70
     1
102
RTVSPost2010Prop56
140
1.0
102
RTVSPost2010PropOp56
 70
     1
102
RTVSPost2010Prop57
140
1.0
102
RTVSPost2010PropOp57
 70
     1
  0
XRECORD
  5
121D
102
{ACAD_REACTORS
330
121C
102
}
330
121C
100
AcDbXrecord
280
     1
102
RTVSPropertyOp0
 70
     1
102
RTVSPropertyOp1
 70
     1
102
RTVSPropertyOp2
 70
     1
102
RTVSPropertyOp3
 70
     1
102
RTVSPropertyOp4
 70
     1
102
RTVSPropertyOp5
 70
     1
102
RTVSPropertyOp6
 70
     1
102
RTVSPropertyOp7
 70
     1
102
RTVSPropertyOp8
 70
     1
102
RTVSPropertyOp9
 70
     1
102
RTVSPropertyOp10
 70
     1
102
RTVSPropertyOp11
 70
     1
102
RTVSPropertyOp12
 70
     1
102
RTVSPropertyOp13
 70
     1
102
RTVSPropertyOp14
 70
     1
102
RTVSPropertyOp15
 70
     1
102
RTVSPropertyOp16
 70
     1
102
RTVSPropertyOp17
 70
     1
102
RTVSPropertyOp18
 70
     1
102
RTVSPropertyOp19
 70
     1
102
RTVSPropertyOp20
 70
     1
102
RTVSPropertyOp21
 70
     1
102
RTVSPropertyOp22
 70
     1
102
RTVSPropertyOp23
 70
     1
102
RTVSPropertyOp24
 70
     1
102
RTVSPropertyOp25
 70
     1
102
RTVSPropertyOp26
 70
     1
102
RTVSPropertyOp27
 70
     1
102
RTVSPropertyOp28
 70
     1
102
RTVSPropertyOp29
 70
     1
102
RTVSPropertyOp30
 70
     1
102
RTVSPropertyOp31
 70
     1
102
RTVSPropertyOp32
 70
     1
102
RTVSPropertyOp33
 70
     1
102
RTVSPropertyOp34
 70
     1
102
RTVSPropertyOp35
 70
     1
102
RTVSPropertyOp36
 70
     1
102
RTVSPropertyOp37
 70
     1
102
RTVSPropertyOp38
 70
     1
102
RTVSPropertyOp39
 70
     1
102
RTVSPropertyOp40
 70
     1
102
RTVSPropertyOp41
 70
     1
102
RTVSPropertyOp42
 70
     1
102
RTVSPropertyOp43
 70
     1
102
RTVSPropertyOp44
 70
     1
102
RTVSPropertyOp45
 70
     1
102
RTVSPropertyOp46
 70
     1
102
RTVSPropertyOp47
 70
     1
102
RTVSPropertyOp48
 70
     1
102
RTVSPropertyOp49
 70
     1
102
RTVSPropertyOp50
 70
     1
102
RTVSPropertyOp51
 70
     0
102
RTVSPropertyOp52
 70
     0
102
RTVSPropertyOp53
 70
     1
102
RTVSPropertyOp54
 70
     1
102
RTVSPropertyOp55
 70
     1
102
RTVSPropertyOp56
 70
     1
102
RTVSPropertyOp57
 70
     1
102
RTVSPost2010Prop28
280
     0
102
RTVSPost2010PropOp28
 70
     1
102
RTVSPost2010Prop29
280
     1
102
RTVSPost2010PropOp29
 70
     1
102
RTVSPost2010Prop30
280
     1
102
RTVSPost2010PropOp30
 70
     1
102
RTVSPost2010Prop31
280
     0
102
RTVSPost2010PropOp31
 70
     1
102
RTVSPost2010Prop32
280
     0
102
RTVSPost2010PropOp32
 70
     1
102
RTVSPost2010Prop33
280
     0
102
RTVSPost2010PropOp33
 70
     1
102
RTVSPost2010Prop34
280
     0
102
RTVSPost2010PropOp34
 70
     1
102
RTVSPost2010Prop35
280
     0
102
RTVSPost2010PropOp35
 70
     1
102
RTVSPost2010Prop36
280
     0
102
RTVSPost2010PropOp36
 70
     1
102
RTVSPost2010Prop37
 90
       50
102
RTVSPost2010PropOp37
 70
     1
102
RTVSPost2010Prop38
140
0.0
102
RTVSPost2010PropOp38
 70
     1
102
RTVSPost2010Prop39
140
1.0
102
RTVSPost2010PropOp39
 70
     1
102
RTVSPost2010Prop40
 90
        0
102
RTVSPost2010PropOp40
 70
     1
102
RTVSPost2010Prop41ColorIndex
 90
       18
102
RTVSPost2010Prop41ColorRGB
 90
        0
102
RTVSPost2010PropOp41
 70
     1
102
RTVSPost2010Prop42
 90
       50
102
RTVSPost2010PropOp42
 70
     1
102
RTVSPost2010Prop43
 90
        3
102
RTVSPost2010PropOp43
 70
     1
102
RTVSPost2010Prop44ColorIndex
 90
        5
102
RTVSPost2010Prop44ColorRGB
 90
      255
102
RTVSPost2010PropOp44
 70
     1
102
RTVSPost2010Prop45
280
     0
102
RTVSPost2010PropOp45
 70
     1
102
RTVSPost2010Prop46
 90
       50
102
RTVSPost2010PropOp46
 70
     1
102
RTVSPost2010Prop47
 90
       50
102
RTVSPost2010PropOp47
 70
     1
102
RTVSPost2010Prop48
 90
       50
102
RTVSPost2010PropOp48
 70
     1
102
RTVSPost2010Prop49
280
     0
102
RTVSPost2010PropOp49
 70
     1
102
RTVSPost2010Prop50
 90
       50
102
RTVSPost2010PropOp50
 70
     1
102
RTVSPost2010Prop51ColorIndex
 90
      256
102
RTVSPost2010Prop51ColorRGB
 90
-16777216
102
RTVSPost2010PropOp51
 70
     0
102
RTVSPost2010Prop52
140
1.0
102
RTVSPost2010PropOp52
 70
     0
102
RTVSPost2010Prop53
 90
        2
102
RTVSPost2010PropOp53
 70
     1
102
RTVSPost2010Prop54
  1
strokes_ogs.tif
102
RTVSPost2010PropOp54
 70
     1
102
RTVSPost2010Prop55
280
     0
102
RTVSPost2010PropOp55
 70
     1
102
RTVSPost2010Prop56
140
1.0
102
RTVSPost2010PropOp56
 70
     1
102
RTVSPost2010Prop57
140
1.0
102
RTVSPost2010PropOp57
 70
     1
  0
XRECORD
  5
1225
102
{ACAD_REACTORS
330
1224
102
}
330
1224
100
AcDbXrecord
280
     1
102
RTVSPropertyOp0
 70
     1
102
RTVSPropertyOp1
 70
     1
102
RTVSPropertyOp2
 70
     1
102
RTVSPropertyOp3
 70
     1
102
RTVSPropertyOp4
 70
     1
102
RTVSPropertyOp5
 70
     1
102
RTVSPropertyOp6
 70
     1
102
RTVSPropertyOp7
 70
     1
102
RTVSPropertyOp8
 70
     1
102
RTVSPropertyOp9
 70
     1
102
RTVSPropertyOp10
 70
     1
102
RTVSPropertyOp11
 70
     1
102
RTVSPropertyOp12
 70
     1
102
RTVSPropertyOp13
 70
     1
102
RTVSPropertyOp14
 70
     1
102
RTVSPropertyOp15
 70
     1
102
RTVSPropertyOp16
 70
     1
102
RTVSPropertyOp17
 70
     1
102
RTVSPropertyOp18
 70
     1
102
RTVSPropertyOp19
 70
     1
102
RTVSPropertyOp20
 70
     1
102
RTVSPropertyOp21
 70
     1
102
RTVSPropertyOp22
 70
     1
102
RTVSPropertyOp23
 70
     1
102
RTVSPropertyOp24
 70
     1
102
RTVSPropertyOp25
 70
     1
102
RTVSPropertyOp26
 70
     1
102
RTVSPropertyOp27
 70
     1
102
RTVSPropertyOp28
 70
     1
102
RTVSPropertyOp29
 70
     1
102
RTVSPropertyOp30
 70
     1
102
RTVSPropertyOp31
 70
     1
102
RTVSPropertyOp32
 70
     1
102
RTVSPropertyOp33
 70
     1
102
RTVSPropertyOp34
 70
     1
102
RTVSPropertyOp35
 70
     1
102
RTVSPropertyOp36
 70
     1
102
RTVSPropertyOp37
 70
     1
102
RTVSPropertyOp38
 70
     1
102
RTVSPropertyOp39
 70
     1
102
RTVSPropertyOp40
 70
     1
102
RTVSPropertyOp41
 70
     1
102
RTVSPropertyOp42
 70
     1
102
RTVSPropertyOp43
 70
     1
102
RTVSPropertyOp44
 70
     1
102
RTVSPropertyOp45
 70
     1
102
RTVSPropertyOp46
 70
     1
102
RTVSPropertyOp47
 70
     1
102
RTVSPropertyOp48
 70
     1
102
RTVSPropertyOp49
 70
     1
102
RTVSPropertyOp50
 70
     1
102
RTVSPropertyOp51
 70
     0
102
RTVSPropertyOp52
 70
     0
102
RTVSPropertyOp53
 70
     1
102
RTVSPropertyOp54
 70
     1
102
RTVSPropertyOp55
 70
     1
102
RTVSPropertyOp56
 70
     1
102
RTVSPropertyOp57
 70
     1
102
RTVSPost2010Prop28
280
     0
102
RTVSPost2010PropOp28
 70
     1
102
RTVSPost2010Prop29
280
     1
102
RTVSPost2010PropOp29
 70
     1
102
RTVSPost2010Prop30
280
     1
102
RTVSPost2010PropOp30
 70
     1
102
RTVSPost2010Prop31
280
     0
102
RTVSPost2010PropOp31
 70
     1
102
RTVSPost2010Prop32
280
     0
102
RTVSPost2010PropOp32
 70
     1
102
RTVSPost2010Prop33
280
     0
102
RTVSPost2010PropOp33
 70
     1
102
RTVSPost2010Prop34
280
     0
102
RTVSPost2010PropOp34
 70
     1
102
RTVSPost2010Prop35
280
     0
102
RTVSPost2010PropOp35
 70
     1
102
RTVSPost2010Prop36
280
     0
102
RTVSPost2010PropOp36
 70
     1
102
RTVSPost2010Prop37
 90
       50
102
RTVSPost2010PropOp37
 70
     1
102
RTVSPost2010Prop38
140
0.0
102
RTVSPost2010PropOp38
 70
     1
102
RTVSPost2010Prop39
140
1.0
102
RTVSPost2010PropOp39
 70
     1
102
RTVSPost2010Prop40
 90
        0
102
RTVSPost2010PropOp40
 70
     1
102
RTVSPost2010Prop41ColorIndex
 90
       18
102
RTVSPost2010Prop41ColorRGB
 90
        0
102
RTVSPost2010PropOp41
 70
     1
102
RTVSPost2010Prop42
 90
       50
102
RTVSPost2010PropOp42
 70
     1
102
RTVSPost2010Prop43
 90
        3
102
RTVSPost2010PropOp43
 70
     1
102
RTVSPost2010Prop44ColorIndex
 90
        5
102
RTVSPost2010Prop44ColorRGB
 90
      255
102
RTVSPost2010PropOp44
 70
     1
102
RTVSPost2010Prop45
280
     0
102
RTVSPost2010PropOp45
 70
     1
102
RTVSPost2010Prop46
 90
       50
102
RTVSPost2010PropOp46
 70
     1
102
RTVSPost2010Prop47
 90
       50
102
RTVSPost2010PropOp47
 70
     1
102
RTVSPost2010Prop48
 90
       50
102
RTVSPost2010PropOp48
 70
     1
102
RTVSPost2010Prop49
280
     0
102
RTVSPost2010PropOp49
 70
     1
102
RTVSPost2010Prop50
 90
       50
102
RTVSPost2010PropOp50
 70
     1
102
RTVSPost2010Prop51ColorIndex
 90
      256
102
RTVSPost2010Prop51ColorRGB
 90
-16777216
102
RTVSPost2010PropOp51
 70
     0
102
RTVSPost2010Prop52
140
1.0
102
RTVSPost2010PropOp52
 70
     0
102
RTVSPost2010Prop53
 90
        2
102
RTVSPost2010PropOp53
 70
     1
102
RTVSPost2010Prop54
  1
strokes_ogs.tif
102
RTVSPost2010PropOp54
 70
     1
102
RTVSPost2010Prop55
280
     0
102
RTVSPost2010PropOp55
 70
     1
102
RTVSPost2010Prop56
140
1.0
102
RTVSPost2010PropOp56
 70
     1
102
RTVSPost2010Prop57
140
1.0
102
RTVSPost2010PropOp57
 70
     1
  0
XRECORD
  5
1219
102
{ACAD_REACTORS
330
1218
102
}
330
1218
100
AcDbXrecord
280
     1
102
RTVSPropertyOp0
 70
     1
102
RTVSPropertyOp1
 70
     1
102
RTVSPropertyOp2
 70
     1
102
RTVSPropertyOp3
 70
     1
102
RTVSPropertyOp4
 70
     1
102
RTVSPropertyOp5
 70
     1
102
RTVSPropertyOp6
 70
     1
102
RTVSPropertyOp7
 70
     1
102
RTVSPropertyOp8
 70
     1
102
RTVSPropertyOp9
 70
     1
102
RTVSPropertyOp10
 70
     1
102
RTVSPropertyOp11
 70
     1
102
RTVSPropertyOp12
 70
     1
102
RTVSPropertyOp13
 70
     1
102
RTVSPropertyOp14
 70
     1
102
RTVSPropertyOp15
 70
     1
102
RTVSPropertyOp16
 70
     1
102
RTVSPropertyOp17
 70
     1
102
RTVSPropertyOp18
 70
     1
102
RTVSPropertyOp19
 70
     1
102
RTVSPropertyOp20
 70
     1
102
RTVSPropertyOp21
 70
     1
102
RTVSPropertyOp22
 70
     1
102
RTVSPropertyOp23
 70
     1
102
RTVSPropertyOp24
 70
     1
102
RTVSPropertyOp25
 70
     1
102
RTVSPropertyOp26
 70
     1
102
RTVSPropertyOp27
 70
     1
102
RTVSPropertyOp28
 70
     1
102
RTVSPropertyOp29
 70
     1
102
RTVSPropertyOp30
 70
     1
102
RTVSPropertyOp31
 70
     1
102
RTVSPropertyOp32
 70
     1
102
RTVSPropertyOp33
 70
     1
102
RTVSPropertyOp34
 70
     1
102
RTVSPropertyOp35
 70
     1
102
RTVSPropertyOp36
 70
     1
102
RTVSPropertyOp37
 70
     1
102
RTVSPropertyOp38
 70
     1
102
RTVSPropertyOp39
 70
     1
102
RTVSPropertyOp40
 70
     1
102
RTVSPropertyOp41
 70
     1
102
RTVSPropertyOp42
 70
     1
102
RTVSPropertyOp43
 70
     1
102
RTVSPropertyOp44
 70
     1
102
RTVSPropertyOp45
 70
     1
102
RTVSPropertyOp46
 70
     1
102
RTVSPropertyOp47
 70
     1
102
RTVSPropertyOp48
 70
     1
102
RTVSPropertyOp49
 70
     1
102
RTVSPropertyOp50
 70
     1
102
RTVSPropertyOp51
 70
     0
102
RTVSPropertyOp52
 70
     0
102
RTVSPropertyOp53
 70
     1
102
RTVSPropertyOp54
 70
     1
102
RTVSPropertyOp55
 70
     1
102
RTVSPropertyOp56
 70
     1
102
RTVSPropertyOp57
 70
     1
102
RTVSPost2010Prop28
280
     0
102
RTVSPost2010PropOp28
 70
     1
102
RTVSPost2010Prop29
280
     1
102
RTVSPost2010PropOp29
 70
     1
102
RTVSPost2010Prop30
280
     1
102
RTVSPost2010PropOp30
 70
     1
102
RTVSPost2010Prop31
280
     0
102
RTVSPost2010PropOp31
 70
     1
102
RTVSPost2010Prop32
280
     0
102
RTVSPost2010PropOp32
 70
     1
102
RTVSPost2010Prop33
280
     0
102
RTVSPost2010PropOp33
 70
     1
102
RTVSPost2010Prop34
280
     0
102
RTVSPost2010PropOp34
 70
     1
102
RTVSPost2010Prop35
280
     0
102
RTVSPost2010PropOp35
 70
     1
102
RTVSPost2010Prop36
280
     0
102
RTVSPost2010PropOp36
 70
     1
102
RTVSPost2010Prop37
 90
       50
102
RTVSPost2010PropOp37
 70
     1
102
RTVSPost2010Prop38
140
0.0
102
RTVSPost2010PropOp38
 70
     1
102
RTVSPost2010Prop39
140
1.0
102
RTVSPost2010PropOp39
 70
     1
102
RTVSPost2010Prop40
 90
        0
102
RTVSPost2010PropOp40
 70
     1
102
RTVSPost2010Prop41ColorIndex
 90
       18
102
RTVSPost2010Prop41ColorRGB
 90
        0
102
RTVSPost2010PropOp41
 70
     1
102
RTVSPost2010Prop42
 90
       50
102
RTVSPost2010PropOp42
 70
     1
102
RTVSPost2010Prop43
 90
        3
102
RTVSPost2010PropOp43
 70
     1
102
RTVSPost2010Prop44ColorIndex
 90
        5
102
RTVSPost2010Prop44ColorRGB
 90
      255
102
RTVSPost2010PropOp44
 70
     1
102
RTVSPost2010Prop45
280
     0
102
RTVSPost2010PropOp45
 70
     1
102
RTVSPost2010Prop46
 90
       50
102
RTVSPost2010PropOp46
 70
     1
102
RTVSPost2010Prop47
 90
       50
102
RTVSPost2010PropOp47
 70
     1
102
RTVSPost2010Prop48
 90
       50
102
RTVSPost2010PropOp48
 70
     1
102
RTVSPost2010Prop49
280
     0
102
RTVSPost2010PropOp49
 70
     1
102
RTVSPost2010Prop50
 90
       50
102
RTVSPost2010PropOp50
 70
     1
102
RTVSPost2010Prop51ColorIndex
 90
      256
102
RTVSPost2010Prop51ColorRGB
 90
-16777216
102
RTVSPost2010PropOp51
 70
     0
102
RTVSPost2010Prop52
140
1.0
102
RTVSPost2010PropOp52
 70
     0
102
RTVSPost2010Prop53
 90
        2
102
RTVSPost2010PropOp53
 70
     1
102
RTVSPost2010Prop54
  1
strokes_ogs.tif
102
RTVSPost2010PropOp54
 70
     1
102
RTVSPost2010Prop55
280
     0
102
RTVSPost2010PropOp55
 70
     1
102
RTVSPost2010Prop56
140
1.0
102
RTVSPost2010PropOp56
 70
     1
102
RTVSPost2010Prop57
140
1.0
102
RTVSPost2010PropOp57
 70
     1
  0
XRECORD
  5
121B
102
{ACAD_REACTORS
330
121A
102
}
330
121A
100
AcDbXrecord
280
     1
102
RTVSPropertyOp0
 70
     1
102
RTVSPropertyOp1
 70
     1
102
RTVSPropertyOp2
 70
     1
102
RTVSPropertyOp3
 70
     1
102
RTVSPropertyOp4
 70
     1
102
RTVSPropertyOp5
 70
     1
102
RTVSPropertyOp6
 70
     1
102
RTVSPropertyOp7
 70
     1
102
RTVSPropertyOp8
 70
     1
102
RTVSPropertyOp9
 70
     1
102
RTVSPropertyOp10
 70
     1
102
RTVSPropertyOp11
 70
     1
102
RTVSPropertyOp12
 70
     1
102
RTVSPropertyOp13
 70
     1
102
RTVSPropertyOp14
 70
     1
102
RTVSPropertyOp15
 70
     1
102
RTVSPropertyOp16
 70
     1
102
RTVSPropertyOp17
 70
     1
102
RTVSPropertyOp18
 70
     1
102
RTVSPropertyOp19
 70
     1
102
RTVSPropertyOp20
 70
     1
102
RTVSPropertyOp21
 70
     1
102
RTVSPropertyOp22
 70
     1
102
RTVSPropertyOp23
 70
     1
102
RTVSPropertyOp24
 70
     1
102
RTVSPropertyOp25
 70
     1
102
RTVSPropertyOp26
 70
     1
102
RTVSPropertyOp27
 70
     1
102
RTVSPropertyOp28
 70
     1
102
RTVSPropertyOp29
 70
     1
102
RTVSPropertyOp30
 70
     1
102
RTVSPropertyOp31
 70
     1
102
RTVSPropertyOp32
 70
     1
102
RTVSPropertyOp33
 70
     1
102
RTVSPropertyOp34
 70
     1
102
RTVSPropertyOp35
 70
     1
102
RTVSPropertyOp36
 70
     1
102
RTVSPropertyOp37
 70
     1
102
RTVSPropertyOp38
 70
     1
102
RTVSPropertyOp39
 70
     1
102
RTVSPropertyOp40
 70
     1
102
RTVSPropertyOp41
 70
     1
102
RTVSPropertyOp42
 70
     1
102
RTVSPropertyOp43
 70
     1
102
RTVSPropertyOp44
 70
     1
102
RTVSPropertyOp45
 70
     1
102
RTVSPropertyOp46
 70
     1
102
RTVSPropertyOp47
 70
     1
102
RTVSPropertyOp48
 70
     1
102
RTVSPropertyOp49
 70
     1
102
RTVSPropertyOp50
 70
     1
102
RTVSPropertyOp51
 70
     0
102
RTVSPropertyOp52
 70
     0
102
RTVSPropertyOp53
 70
     1
102
RTVSPropertyOp54
 70
     1
102
RTVSPropertyOp55
 70
     1
102
RTVSPropertyOp56
 70
     1
102
RTVSPropertyOp57
 70
     1
102
RTVSPost2010Prop28
280
     0
102
RTVSPost2010PropOp28
 70
     1
102
RTVSPost2010Prop29
280
     1
102
RTVSPost2010PropOp29
 70
     1
102
RTVSPost2010Prop30
280
     1
102
RTVSPost2010PropOp30
 70
     1
102
RTVSPost2010Prop31
280
     0
102
RTVSPost2010PropOp31
 70
     1
102
RTVSPost2010Prop32
280
     0
102
RTVSPost2010PropOp32
 70
     1
102
RTVSPost2010Prop33
280
     0
102
RTVSPost2010PropOp33
 70
     1
102
RTVSPost2010Prop34
280
     0
102
RTVSPost2010PropOp34
 70
     1
102
RTVSPost2010Prop35
280
     0
102
RTVSPost2010PropOp35
 70
     1
102
RTVSPost2010Prop36
280
     0
102
RTVSPost2010PropOp36
 70
     1
102
RTVSPost2010Prop37
 90
       50
102
RTVSPost2010PropOp37
 70
     1
102
RTVSPost2010Prop38
140
0.0
102
RTVSPost2010PropOp38
 70
     1
102
RTVSPost2010Prop39
140
1.0
102
RTVSPost2010PropOp39
 70
     1
102
RTVSPost2010Prop40
 90
        0
102
RTVSPost2010PropOp40
 70
     1
102
RTVSPost2010Prop41ColorIndex
 90
       18
102
RTVSPost2010Prop41ColorRGB
 90
        0
102
RTVSPost2010PropOp41
 70
     1
102
RTVSPost2010Prop42
 90
       50
102
RTVSPost2010PropOp42
 70
     1
102
RTVSPost2010Prop43
 90
        3
102
RTVSPost2010PropOp43
 70
     1
102
RTVSPost2010Prop44ColorIndex
 90
        5
102
RTVSPost2010Prop44ColorRGB
 90
      255
102
RTVSPost2010PropOp44
 70
     1
102
RTVSPost2010Prop45
280
     0
102
RTVSPost2010PropOp45
 70
     1
102
RTVSPost2010Prop46
 90
       50
102
RTVSPost2010PropOp46
 70
     1
102
RTVSPost2010Prop47
 90
       50
102
RTVSPost2010PropOp47
 70
     1
102
RTVSPost2010Prop48
 90
       50
102
RTVSPost2010PropOp48
 70
     1
102
RTVSPost2010Prop49
280
     0
102
RTVSPost2010PropOp49
 70
     1
102
RTVSPost2010Prop50
 90
       50
102
RTVSPost2010PropOp50
 70
     1
102
RTVSPost2010Prop51ColorIndex
 90
      256
102
RTVSPost2010Prop51ColorRGB
 90
-16777216
102
RTVSPost2010PropOp51
 70
     0
102
RTVSPost2010Prop52
140
1.0
102
RTVSPost2010PropOp52
 70
     0
102
RTVSPost2010Prop53
 90
        2
102
RTVSPost2010PropOp53
 70
     1
102
RTVSPost2010Prop54
  1
strokes_ogs.tif
102
RTVSPost2010PropOp54
 70
     1
102
RTVSPost2010Prop55
280
     0
102
RTVSPost2010PropOp55
 70
     1
102
RTVSPost2010Prop56
140
1.0
102
RTVSPost2010PropOp56
 70
     1
102
RTVSPost2010Prop57
140
1.0
102
RTVSPost2010PropOp57
 70
     1
  0
XRECORD
  5
122B
102
{ACAD_REACTORS
330
122A
102
}
330
122A
100
AcDbXrecord
280
     1
102
RTVSPropertyOp0
 70
     0
102
RTVSPropertyOp1
 70
     0
102
RTVSPropertyOp2
 70
     0
102
RTVSPropertyOp3
 70
     0
102
RTVSPropertyOp4
 70
     0
102
RTVSPropertyOp5
 70
     0
102
RTVSPropertyOp6
 70
     0
102
RTVSPropertyOp7
 70
     0
102
RTVSPropertyOp8
 70
     0
102
RTVSPropertyOp9
 70
     0
102
RTVSPropertyOp10
 70
     0
102
RTVSPropertyOp11
 70
     0
102
RTVSPropertyOp12
 70
     0
102
RTVSPropertyOp13
 70
     0
102
RTVSPropertyOp14
 70
     2
102
RTVSPropertyOp15
 70
     0
102
RTVSPropertyOp16
 70
     0
102
RTVSPropertyOp17
 70
     0
102
RTVSPropertyOp18
 70
     0
102
RTVSPropertyOp19
 70
     0
102
RTVSPropertyOp20
 70
     0
102
RTVSPropertyOp21
 70
     0
102
RTVSPropertyOp22
 70
     0
102
RTVSPropertyOp23
 70
     0
102
RTVSPropertyOp24
 70
     0
102
RTVSPropertyOp25
 70
     0
102
RTVSPropertyOp26
 70
     0
102
RTVSPropertyOp27
 70
     0
102
RTVSPropertyOp28
 70
     0
102
RTVSPropertyOp29
 70
     0
102
RTVSPropertyOp30
 70
     0
102
RTVSPropertyOp31
 70
     0
102
RTVSPropertyOp32
 70
     0
102
RTVSPropertyOp33
 70
     0
102
RTVSPropertyOp34
 70
     0
102
RTVSPropertyOp35
 70
     0
102
RTVSPropertyOp36
 70
     0
102
RTVSPropertyOp37
 70
     0
102
RTVSPropertyOp38
 70
     0
102
RTVSPropertyOp39
 70
     0
102
RTVSPropertyOp40
 70
     0
102
RTVSPropertyOp41
 70
     0
102
RTVSPropertyOp42
 70
     0
102
RTVSPropertyOp43
 70
     0
102
RTVSPropertyOp44
 70
     0
102
RTVSPropertyOp45
 70
     0
102
RTVSPropertyOp46
 70
     0
102
RTVSPropertyOp47
 70
     0
102
RTVSPropertyOp48
 70
     0
102
RTVSPropertyOp49
 70
     0
102
RTVSPropertyOp50
 70
     0
102
RTVSPropertyOp51
 70
     0
102
RTVSPropertyOp52
 70
     0
102
RTVSPropertyOp53
 70
     0
102
RTVSPropertyOp54
 70
     0
102
RTVSPropertyOp55
 70
     0
102
RTVSPropertyOp56
 70
     0
102
RTVSPropertyOp57
 70
     0
102
RTVSPost2010Prop28
280
     0
102
RTVSPost2010PropOp28
 70
     0
102
RTVSPost2010Prop29
280
     1
102
RTVSPost2010PropOp29
 70
     0
102
RTVSPost2010Prop30
280
     1
102
RTVSPost2010PropOp30
 70
     0
102
RTVSPost2010Prop31
280
     0
102
RTVSPost2010PropOp31
 70
     0
102
RTVSPost2010Prop32
280
     0
102
RTVSPost2010PropOp32
 70
     0
102
RTVSPost2010Prop33
280
     0
102
RTVSPost2010PropOp33
 70
     0
102
RTVSPost2010Prop34
280
     0
102
RTVSPost2010PropOp34
 70
     0
102
RTVSPost2010Prop35
280
     0
102
RTVSPost2010PropOp35
 70
     0
102
RTVSPost2010Prop36
280
     0
102
RTVSPost2010PropOp36
 70
     0
102
RTVSPost2010Prop37
 90
       50
102
RTVSPost2010PropOp37
 70
     0
102
RTVSPost2010Prop38
140
0.0
102
RTVSPost2010PropOp38
 70
     0
102
RTVSPost2010Prop39
140
1.0
102
RTVSPost2010PropOp39
 70
     0
102
RTVSPost2010Prop40
 90
        0
102
RTVSPost2010PropOp40
 70
     0
102
RTVSPost2010Prop41ColorIndex
 90
       18
102
RTVSPost2010Prop41ColorRGB
 90
        0
102
RTVSPost2010PropOp41
 70
     0
102
RTVSPost2010Prop42
 90
       50
102
RTVSPost2010PropOp42
 70
     0
102
RTVSPost2010Prop43
 90
        3
102
RTVSPost2010PropOp43
 70
     0
102
RTVSPost2010Prop44ColorIndex
 90
        5
102
RTVSPost2010Prop44ColorRGB
 90
      255
102
RTVSPost2010PropOp44
 70
     0
102
RTVSPost2010Prop45
280
     0
102
RTVSPost2010PropOp45
 70
     0
102
RTVSPost2010Prop46
 90
       50
102
RTVSPost2010PropOp46
 70
     0
102
RTVSPost2010Prop47
 90
       50
102
RTVSPost2010PropOp47
 70
     0
102
RTVSPost2010Prop48
 90
       50
102
RTVSPost2010PropOp48
 70
     0
102
RTVSPost2010Prop49
280
     0
102
RTVSPost2010PropOp49
 70
     0
102
RTVSPost2010Prop50
 90
       50
102
RTVSPost2010PropOp50
 70
     0
102
RTVSPost2010Prop51ColorIndex
 90
      256
102
RTVSPost2010Prop51ColorRGB
 90
-16777216
102
RTVSPost2010PropOp51
 70
     0
102
RTVSPost2010Prop52
140
1.0
102
RTVSPost2010PropOp52
 70
     0
102
RTVSPost2010Prop53
 90
        2
102
RTVSPost2010PropOp53
 70
     0
102
RTVSPost2010Prop54
  1
strokes_ogs.tif
102
RTVSPost2010PropOp54
 70
     0
102
RTVSPost2010Prop55
280
     0
102
RTVSPost2010PropOp55
 70
     0
102
RTVSPost2010Prop56
140
1.0
102
RTVSPost2010PropOp56
 70
     0
102
RTVSPost2010Prop57
140
1.0
102
RTVSPost2010PropOp57
 70
     0
  0
XRECORD
  5
1223
102
{ACAD_REACTORS
330
1222
102
}
330
1222
100
AcDbXrecord
280
     1
102
RTVSPropertyOp0
 70
     1
102
RTVSPropertyOp1
 70
     1
102
RTVSPropertyOp2
 70
     1
102
RTVSPropertyOp3
 70
     1
102
RTVSPropertyOp4
 70
     1
102
RTVSPropertyOp5
 70
     1
102
RTVSPropertyOp6
 70
     1
102
RTVSPropertyOp7
 70
     1
102
RTVSPropertyOp8
 70
     1
102
RTVSPropertyOp9
 70
     1
102
RTVSPropertyOp10
 70
     1
102
RTVSPropertyOp11
 70
     1
102
RTVSPropertyOp12
 70
     1
102
RTVSPropertyOp13
 70
     1
102
RTVSPropertyOp14
 70
     1
102
RTVSPropertyOp15
 70
     1
102
RTVSPropertyOp16
 70
     1
102
RTVSPropertyOp17
 70
     1
102
RTVSPropertyOp18
 70
     1
102
RTVSPropertyOp19
 70
     1
102
RTVSPropertyOp20
 70
     1
102
RTVSPropertyOp21
 70
     1
102
RTVSPropertyOp22
 70
     1
102
RTVSPropertyOp23
 70
     1
102
RTVSPropertyOp24
 70
     1
102
RTVSPropertyOp25
 70
     1
102
RTVSPropertyOp26
 70
     1
102
RTVSPropertyOp27
 70
     1
102
RTVSPropertyOp28
 70
     1
102
RTVSPropertyOp29
 70
     1
102
RTVSPropertyOp30
 70
     1
102
RTVSPropertyOp31
 70
     1
102
RTVSPropertyOp32
 70
     1
102
RTVSPropertyOp33
 70
     1
102
RTVSPropertyOp34
 70
     1
102
RTVSPropertyOp35
 70
     1
102
RTVSPropertyOp36
 70
     1
102
RTVSPropertyOp37
 70
     1
102
RTVSPropertyOp38
 70
     1
102
RTVSPropertyOp39
 70
     1
102
RTVSPropertyOp40
 70
     1
102
RTVSPropertyOp41
 70
     1
102
RTVSPropertyOp42
 70
     1
102
RTVSPropertyOp43
 70
     1
102
RTVSPropertyOp44
 70
     1
102
RTVSPropertyOp45
 70
     1
102
RTVSPropertyOp46
 70
     1
102
RTVSPropertyOp47
 70
     1
102
RTVSPropertyOp48
 70
     1
102
RTVSPropertyOp49
 70
     1
102
RTVSPropertyOp50
 70
     1
102
RTVSPropertyOp51
 70
     0
102
RTVSPropertyOp52
 70
     0
102
RTVSPropertyOp53
 70
     1
102
RTVSPropertyOp54
 70
     1
102
RTVSPropertyOp55
 70
     1
102
RTVSPropertyOp56
 70
     1
102
RTVSPropertyOp57
 70
     1
102
RTVSPost2010Prop28
280
     0
102
RTVSPost2010PropOp28
 70
     1
102
RTVSPost2010Prop29
280
     1
102
RTVSPost2010PropOp29
 70
     1
102
RTVSPost2010Prop30
280
     1
102
RTVSPost2010PropOp30
 70
     1
102
RTVSPost2010Prop31
280
     0
102
RTVSPost2010PropOp31
 70
     1
102
RTVSPost2010Prop32
280
     0
102
RTVSPost2010PropOp32
 70
     1
102
RTVSPost2010Prop33
280
     0
102
RTVSPost2010PropOp33
 70
     1
102
RTVSPost2010Prop34
280
     0
102
RTVSPost2010PropOp34
 70
     1
102
RTVSPost2010Prop35
280
     0
102
RTVSPost2010PropOp35
 70
     1
102
RTVSPost2010Prop36
280
     0
102
RTVSPost2010PropOp36
 70
     1
102
RTVSPost2010Prop37
 90
       50
102
RTVSPost2010PropOp37
 70
     1
102
RTVSPost2010Prop38
140
0.0
102
RTVSPost2010PropOp38
 70
     1
102
RTVSPost2010Prop39
140
1.0
102
RTVSPost2010PropOp39
 70
     1
102
RTVSPost2010Prop40
 90
        0
102
RTVSPost2010PropOp40
 70
     1
102
RTVSPost2010Prop41ColorIndex
 90
       18
102
RTVSPost2010Prop41ColorRGB
 90
        0
102
RTVSPost2010PropOp41
 70
     1
102
RTVSPost2010Prop42
 90
       50
102
RTVSPost2010PropOp42
 70
     1
102
RTVSPost2010Prop43
 90
        3
102
RTVSPost2010PropOp43
 70
     1
102
RTVSPost2010Prop44ColorIndex
 90
        5
102
RTVSPost2010Prop44ColorRGB
 90
      255
102
RTVSPost2010PropOp44
 70
     1
102
RTVSPost2010Prop45
280
     0
102
RTVSPost2010PropOp45
 70
     1
102
RTVSPost2010Prop46
 90
       50
102
RTVSPost2010PropOp46
 70
     1
102
RTVSPost2010Prop47
 90
       50
102
RTVSPost2010PropOp47
 70
     1
102
RTVSPost2010Prop48
 90
       50
102
RTVSPost2010PropOp48
 70
     1
102
RTVSPost2010Prop49
280
     0
102
RTVSPost2010PropOp49
 70
     1
102
RTVSPost2010Prop50
 90
       50
102
RTVSPost2010PropOp50
 70
     1
102
RTVSPost2010Prop51ColorIndex
 90
      256
102
RTVSPost2010Prop51ColorRGB
 90
-16777216
102
RTVSPost2010PropOp51
 70
     0
102
RTVSPost2010Prop52
140
1.0
102
RTVSPost2010PropOp52
 70
     0
102
RTVSPost2010Prop53
 90
        2
102
RTVSPost2010PropOp53
 70
     1
102
RTVSPost2010Prop54
  1
strokes_ogs.tif
102
RTVSPost2010PropOp54
 70
     1
102
RTVSPost2010Prop55
280
     0
102
RTVSPost2010PropOp55
 70
     1
102
RTVSPost2010Prop56
140
1.0
102
RTVSPost2010PropOp56
 70
     1
102
RTVSPost2010Prop57
140
1.0
102
RTVSPost2010PropOp57
 70
     1
  0
XRECORD
  5
1207
102
{ACAD_REACTORS
330
1206
102
}
330
1206
100
AcDbXrecord
280
     1
102
RTVSPropertyOp0
 70
     1
102
RTVSPropertyOp1
 70
     1
102
RTVSPropertyOp2
 70
     1
102
RTVSPropertyOp3
 70
     1
102
RTVSPropertyOp4
 70
     1
102
RTVSPropertyOp5
 70
     1
102
RTVSPropertyOp6
 70
     1
102
RTVSPropertyOp7
 70
     1
102
RTVSPropertyOp8
 70
     1
102
RTVSPropertyOp9
 70
     1
102
RTVSPropertyOp10
 70
     1
102
RTVSPropertyOp11
 70
     1
102
RTVSPropertyOp12
 70
     1
102
RTVSPropertyOp13
 70
     1
102
RTVSPropertyOp14
 70
     1
102
RTVSPropertyOp15
 70
     1
102
RTVSPropertyOp16
 70
     1
102
RTVSPropertyOp17
 70
     1
102
RTVSPropertyOp18
 70
     1
102
RTVSPropertyOp19
 70
     1
102
RTVSPropertyOp20
 70
     1
102
RTVSPropertyOp21
 70
     1
102
RTVSPropertyOp22
 70
     1
102
RTVSPropertyOp23
 70
     1
102
RTVSPropertyOp24
 70
     1
102
RTVSPropertyOp25
 70
     1
102
RTVSPropertyOp26
 70
     1
102
RTVSPropertyOp27
 70
     1
102
RTVSPropertyOp28
 70
     1
102
RTVSPropertyOp29
 70
     1
102
RTVSPropertyOp30
 70
     1
102
RTVSPropertyOp31
 70
     1
102
RTVSPropertyOp32
 70
     1
102
RTVSPropertyOp33
 70
     1
102
RTVSPropertyOp34
 70
     1
102
RTVSPropertyOp35
 70
     1
102
RTVSPropertyOp36
 70
     1
102
RTVSPropertyOp37
 70
     1
102
RTVSPropertyOp38
 70
     1
102
RTVSPropertyOp39
 70
     1
102
RTVSPropertyOp40
 70
     1
102
RTVSPropertyOp41
 70
     1
102
RTVSPropertyOp42
 70
     1
102
RTVSPropertyOp43
 70
     1
102
RTVSPropertyOp44
 70
     1
102
RTVSPropertyOp45
 70
     1
102
RTVSPropertyOp46
 70
     1
102
RTVSPropertyOp47
 70
     1
102
RTVSPropertyOp48
 70
     1
102
RTVSPropertyOp49
 70
     1
102
RTVSPropertyOp50
 70
     1
102
RTVSPropertyOp51
 70
     0
102
RTVSPropertyOp52
 70
     0
102
RTVSPropertyOp53
 70
     1
102
RTVSPropertyOp54
 70
     1
102
RTVSPropertyOp55
 70
     1
102
RTVSPropertyOp56
 70
     1
102
RTVSPropertyOp57
 70
     1
102
RTVSPost2010Prop28
280
     0
102
RTVSPost2010PropOp28
 70
     1
102
RTVSPost2010Prop29
280
     1
102
RTVSPost2010PropOp29
 70
     1
102
RTVSPost2010Prop30
280
     1
102
RTVSPost2010PropOp30
 70
     1
102
RTVSPost2010Prop31
280
     0
102
RTVSPost2010PropOp31
 70
     1
102
RTVSPost2010Prop32
280
     0
102
RTVSPost2010PropOp32
 70
     1
102
RTVSPost2010Prop33
280
     0
102
RTVSPost2010PropOp33
 70
     1
102
RTVSPost2010Prop34
280
     0
102
RTVSPost2010PropOp34
 70
     1
102
RTVSPost2010Prop35
280
     0
102
RTVSPost2010PropOp35
 70
     1
102
RTVSPost2010Prop36
280
     0
102
RTVSPost2010PropOp36
 70
     1
102
RTVSPost2010Prop37
 90
       50
102
RTVSPost2010PropOp37
 70
     1
102
RTVSPost2010Prop38
140
0.0
102
RTVSPost2010PropOp38
 70
     1
102
RTVSPost2010Prop39
140
1.0
102
RTVSPost2010PropOp39
 70
     1
102
RTVSPost2010Prop40
 90
        0
102
RTVSPost2010PropOp40
 70
     1
102
RTVSPost2010Prop41ColorIndex
 90
       18
102
RTVSPost2010Prop41ColorRGB
 90
        0
102
RTVSPost2010PropOp41
 70
     1
102
RTVSPost2010Prop42
 90
       50
102
RTVSPost2010PropOp42
 70
     1
102
RTVSPost2010Prop43
 90
        3
102
RTVSPost2010PropOp43
 70
     1
102
RTVSPost2010Prop44ColorIndex
 90
        5
102
RTVSPost2010Prop44ColorRGB
 90
      255
102
RTVSPost2010PropOp44
 70
     1
102
RTVSPost2010Prop45
280
     0
102
RTVSPost2010PropOp45
 70
     1
102
RTVSPost2010Prop46
 90
       50
102
RTVSPost2010PropOp46
 70
     1
102
RTVSPost2010Prop47
 90
       50
102
RTVSPost2010PropOp47
 70
     1
102
RTVSPost2010Prop48
 90
       50
102
RTVSPost2010PropOp48
 70
     1
102
RTVSPost2010Prop49
280
     0
102
RTVSPost2010PropOp49
 70
     1
102
RTVSPost2010Prop50
 90
       50
102
RTVSPost2010PropOp50
 70
     1
102
RTVSPost2010Prop51ColorIndex
 90
      256
102
RTVSPost2010Prop51ColorRGB
 90
-16777216
102
RTVSPost2010PropOp51
 70
     0
102
RTVSPost2010Prop52
140
1.0
102
RTVSPost2010PropOp52
 70
     0
102
RTVSPost2010Prop53
 90
        2
102
RTVSPost2010PropOp53
 70
     1
102
RTVSPost2010Prop54
  1
strokes_ogs.tif
102
RTVSPost2010PropOp54
 70
     1
102
RTVSPost2010Prop55
280
     0
102
RTVSPost2010PropOp55
 70
     1
102
RTVSPost2010Prop56
140
1.0
102
RTVSPost2010PropOp56
 70
     1
102
RTVSPost2010Prop57
140
1.0
102
RTVSPost2010PropOp57
 70
     1
  0
XRECORD
  5
1209
102
{ACAD_REACTORS
330
1208
102
}
330
1208
100
AcDbXrecord
280
     1
102
RTVSPropertyOp0
 70
     1
102
RTVSPropertyOp1
 70
     1
102
RTVSPropertyOp2
 70
     1
102
RTVSPropertyOp3
 70
     1
102
RTVSPropertyOp4
 70
     1
102
RTVSPropertyOp5
 70
     1
102
RTVSPropertyOp6
 70
     1
102
RTVSPropertyOp7
 70
     1
102
RTVSPropertyOp8
 70
     1
102
RTVSPropertyOp9
 70
     1
102
RTVSPropertyOp10
 70
     1
102
RTVSPropertyOp11
 70
     1
102
RTVSPropertyOp12
 70
     1
102
RTVSPropertyOp13
 70
     1
102
RTVSPropertyOp14
 70
     1
102
RTVSPropertyOp15
 70
     1
102
RTVSPropertyOp16
 70
     1
102
RTVSPropertyOp17
 70
     1
102
RTVSPropertyOp18
 70
     1
102
RTVSPropertyOp19
 70
     1
102
RTVSPropertyOp20
 70
     1
102
RTVSPropertyOp21
 70
     1
102
RTVSPropertyOp22
 70
     1
102
RTVSPropertyOp23
 70
     1
102
RTVSPropertyOp24
 70
     1
102
RTVSPropertyOp25
 70
     1
102
RTVSPropertyOp26
 70
     1
102
RTVSPropertyOp27
 70
     1
102
RTVSPropertyOp28
 70
     1
102
RTVSPropertyOp29
 70
     1
102
RTVSPropertyOp30
 70
     1
102
RTVSPropertyOp31
 70
     1
102
RTVSPropertyOp32
 70
     1
102
RTVSPropertyOp33
 70
     1
102
RTVSPropertyOp34
 70
     1
102
RTVSPropertyOp35
 70
     1
102
RTVSPropertyOp36
 70
     1
102
RTVSPropertyOp37
 70
     1
102
RTVSPropertyOp38
 70
     1
102
RTVSPropertyOp39
 70
     1
102
RTVSPropertyOp40
 70
     1
102
RTVSPropertyOp41
 70
     1
102
RTVSPropertyOp42
 70
     1
102
RTVSPropertyOp43
 70
     1
102
RTVSPropertyOp44
 70
     1
102
RTVSPropertyOp45
 70
     1
102
RTVSPropertyOp46
 70
     1
102
RTVSPropertyOp47
 70
     1
102
RTVSPropertyOp48
 70
     1
102
RTVSPropertyOp49
 70
     1
102
RTVSPropertyOp50
 70
     1
102
RTVSPropertyOp51
 70
     0
102
RTVSPropertyOp52
 70
     0
102
RTVSPropertyOp53
 70
     1
102
RTVSPropertyOp54
 70
     1
102
RTVSPropertyOp55
 70
     1
102
RTVSPropertyOp56
 70
     1
102
RTVSPropertyOp57
 70
     1
102
RTVSPost2010Prop28
280
     0
102
RTVSPost2010PropOp28
 70
     1
102
RTVSPost2010Prop29
280
     1
102
RTVSPost2010PropOp29
 70
     1
102
RTVSPost2010Prop30
280
     1
102
RTVSPost2010PropOp30
 70
     1
102
RTVSPost2010Prop31
280
     0
102
RTVSPost2010PropOp31
 70
     1
102
RTVSPost2010Prop32
280
     0
102
RTVSPost2010PropOp32
 70
     1
102
RTVSPost2010Prop33
280
     0
102
RTVSPost2010PropOp33
 70
     1
102
RTVSPost2010Prop34
280
     0
102
RTVSPost2010PropOp34
 70
     1
102
RTVSPost2010Prop35
280
     0
102
RTVSPost2010PropOp35
 70
     1
102
RTVSPost2010Prop36
280
     0
102
RTVSPost2010PropOp36
 70
     1
102
RTVSPost2010Prop37
 90
       50
102
RTVSPost2010PropOp37
 70
     1
102
RTVSPost2010Prop38
140
0.0
102
RTVSPost2010PropOp38
 70
     1
102
RTVSPost2010Prop39
140
1.0
102
RTVSPost2010PropOp39
 70
     1
102
RTVSPost2010Prop40
 90
        0
102
RTVSPost2010PropOp40
 70
     1
102
RTVSPost2010Prop41ColorIndex
 90
       18
102
RTVSPost2010Prop41ColorRGB
 90
        0
102
RTVSPost2010PropOp41
 70
     1
102
RTVSPost2010Prop42
 90
       50
102
RTVSPost2010PropOp42
 70
     1
102
RTVSPost2010Prop43
 90
        3
102
RTVSPost2010PropOp43
 70
     1
102
RTVSPost2010Prop44ColorIndex
 90
        5
102
RTVSPost2010Prop44ColorRGB
 90
      255
102
RTVSPost2010PropOp44
 70
     1
102
RTVSPost2010Prop45
280
     0
102
RTVSPost2010PropOp45
 70
     1
102
RTVSPost2010Prop46
 90
       50
102
RTVSPost2010PropOp46
 70
     1
102
RTVSPost2010Prop47
 90
       50
102
RTVSPost2010PropOp47
 70
     1
102
RTVSPost2010Prop48
 90
       50
102
RTVSPost2010PropOp48
 70
     1
102
RTVSPost2010Prop49
280
     0
102
RTVSPost2010PropOp49
 70
     1
102
RTVSPost2010Prop50
 90
       50
102
RTVSPost2010PropOp50
 70
     1
102
RTVSPost2010Prop51ColorIndex
 90
      256
102
RTVSPost2010Prop51ColorRGB
 90
-16777216
102
RTVSPost2010PropOp51
 70
     0
102
RTVSPost2010Prop52
140
1.0
102
RTVSPost2010PropOp52
 70
     0
102
RTVSPost2010Prop53
 90
        2
102
RTVSPost2010PropOp53
 70
     1
102
RTVSPost2010Prop54
  1
strokes_ogs.tif
102
RTVSPost2010PropOp54
 70
     1
102
RTVSPost2010Prop55
280
     0
102
RTVSPost2010PropOp55
 70
     1
102
RTVSPost2010Prop56
140
1.0
102
RTVSPost2010PropOp56
 70
     1
102
RTVSPost2010Prop57
140
1.0
102
RTVSPost2010PropOp57
 70
     1
  0
XRECORD
  5
120B
102
{ACAD_REACTORS
330
120A
102
}
330
120A
100
AcDbXrecord
280
     1
102
RTVSPropertyOp0
 70
     1
102
RTVSPropertyOp1
 70
     1
102
RTVSPropertyOp2
 70
     1
102
RTVSPropertyOp3
 70
     1
102
RTVSPropertyOp4
 70
     1
102
RTVSPropertyOp5
 70
     1
102
RTVSPropertyOp6
 70
     1
102
RTVSPropertyOp7
 70
     1
102
RTVSPropertyOp8
 70
     1
102
RTVSPropertyOp9
 70
     1
102
RTVSPropertyOp10
 70
     1
102
RTVSPropertyOp11
 70
     1
102
RTVSPropertyOp12
 70
     1
102
RTVSPropertyOp13
 70
     1
102
RTVSPropertyOp14
 70
     1
102
RTVSPropertyOp15
 70
     1
102
RTVSPropertyOp16
 70
     1
102
RTVSPropertyOp17
 70
     1
102
RTVSPropertyOp18
 70
     1
102
RTVSPropertyOp19
 70
     1
102
RTVSPropertyOp20
 70
     1
102
RTVSPropertyOp21
 70
     1
102
RTVSPropertyOp22
 70
     1
102
RTVSPropertyOp23
 70
     1
102
RTVSPropertyOp24
 70
     1
102
RTVSPropertyOp25
 70
     1
102
RTVSPropertyOp26
 70
     1
102
RTVSPropertyOp27
 70
     1
102
RTVSPropertyOp28
 70
     1
102
RTVSPropertyOp29
 70
     1
102
RTVSPropertyOp30
 70
     1
102
RTVSPropertyOp31
 70
     1
102
RTVSPropertyOp32
 70
     1
102
RTVSPropertyOp33
 70
     1
102
RTVSPropertyOp34
 70
     1
102
RTVSPropertyOp35
 70
     1
102
RTVSPropertyOp36
 70
     1
102
RTVSPropertyOp37
 70
     1
102
RTVSPropertyOp38
 70
     1
102
RTVSPropertyOp39
 70
     1
102
RTVSPropertyOp40
 70
     1
102
RTVSPropertyOp41
 70
     1
102
RTVSPropertyOp42
 70
     1
102
RTVSPropertyOp43
 70
     1
102
RTVSPropertyOp44
 70
     1
102
RTVSPropertyOp45
 70
     1
102
RTVSPropertyOp46
 70
     1
102
RTVSPropertyOp47
 70
     1
102
RTVSPropertyOp48
 70
     1
102
RTVSPropertyOp49
 70
     1
102
RTVSPropertyOp50
 70
     1
102
RTVSPropertyOp51
 70
     0
102
RTVSPropertyOp52
 70
     0
102
RTVSPropertyOp53
 70
     1
102
RTVSPropertyOp54
 70
     1
102
RTVSPropertyOp55
 70
     1
102
RTVSPropertyOp56
 70
     1
102
RTVSPropertyOp57
 70
     1
102
RTVSPost2010Prop28
280
     0
102
RTVSPost2010PropOp28
 70
     1
102
RTVSPost2010Prop29
280
     1
102
RTVSPost2010PropOp29
 70
     1
102
RTVSPost2010Prop30
280
     1
102
RTVSPost2010PropOp30
 70
     1
102
RTVSPost2010Prop31
280
     0
102
RTVSPost2010PropOp31
 70
     1
102
RTVSPost2010Prop32
280
     0
102
RTVSPost2010PropOp32
 70
     1
102
RTVSPost2010Prop33
280
     0
102
RTVSPost2010PropOp33
 70
     1
102
RTVSPost2010Prop34
280
     0
102
RTVSPost2010PropOp34
 70
     1
102
RTVSPost2010Prop35
280
     0
102
RTVSPost2010PropOp35
 70
     1
102
RTVSPost2010Prop36
280
     0
102
RTVSPost2010PropOp36
 70
     1
102
RTVSPost2010Prop37
 90
       50
102
RTVSPost2010PropOp37
 70
     1
102
RTVSPost2010Prop38
140
0.0
102
RTVSPost2010PropOp38
 70
     1
102
RTVSPost2010Prop39
140
1.0
102
RTVSPost2010PropOp39
 70
     1
102
RTVSPost2010Prop40
 90
        0
102
RTVSPost2010PropOp40
 70
     1
102
RTVSPost2010Prop41ColorIndex
 90
       18
102
RTVSPost2010Prop41ColorRGB
 90
        0
102
RTVSPost2010PropOp41
 70
     1
102
RTVSPost2010Prop42
 90
       50
102
RTVSPost2010PropOp42
 70
     1
102
RTVSPost2010Prop43
 90
        3
102
RTVSPost2010PropOp43
 70
     1
102
RTVSPost2010Prop44ColorIndex
 90
        5
102
RTVSPost2010Prop44ColorRGB
 90
      255
102
RTVSPost2010PropOp44
 70
     1
102
RTVSPost2010Prop45
280
     0
102
RTVSPost2010PropOp45
 70
     1
102
RTVSPost2010Prop46
 90
       50
102
RTVSPost2010PropOp46
 70
     1
102
RTVSPost2010Prop47
 90
       50
102
RTVSPost2010PropOp47
 70
     1
102
RTVSPost2010Prop48
 90
       50
102
RTVSPost2010PropOp48
 70
     1
102
RTVSPost2010Prop49
280
     0
102
RTVSPost2010PropOp49
 70
     1
102
RTVSPost2010Prop50
 90
       50
102
RTVSPost2010PropOp50
 70
     1
102
RTVSPost2010Prop51ColorIndex
 90
      256
102
RTVSPost2010Prop51ColorRGB
 90
-16777216
102
RTVSPost2010PropOp51
 70
     0
102
RTVSPost2010Prop52
140
1.0
102
RTVSPost2010PropOp52
 70
     0
102
RTVSPost2010Prop53
 90
        2
102
RTVSPost2010PropOp53
 70
     1
102
RTVSPost2010Prop54
  1
strokes_ogs.tif
102
RTVSPost2010PropOp54
 70
     1
102
RTVSPost2010Prop55
280
     0
102
RTVSPost2010PropOp55
 70
     1
102
RTVSPost2010Prop56
140
1.0
102
RTVSPost2010PropOp56
 70
     1
102
RTVSPost2010Prop57
140
1.0
102
RTVSPost2010PropOp57
 70
     1
  0
XRECORD
  5
120D
102
{ACAD_REACTORS
330
120C
102
}
330
120C
100
AcDbXrecord
280
     1
102
RTVSPropertyOp0
 70
     1
102
RTVSPropertyOp1
 70
     1
102
RTVSPropertyOp2
 70
     1
102
RTVSPropertyOp3
 70
     1
102
RTVSPropertyOp4
 70
     1
102
RTVSPropertyOp5
 70
     1
102
RTVSPropertyOp6
 70
     1
102
RTVSPropertyOp7
 70
     1
102
RTVSPropertyOp8
 70
     1
102
RTVSPropertyOp9
 70
     1
102
RTVSPropertyOp10
 70
     1
102
RTVSPropertyOp11
 70
     1
102
RTVSPropertyOp12
 70
     1
102
RTVSPropertyOp13
 70
     1
102
RTVSPropertyOp14
 70
     1
102
RTVSPropertyOp15
 70
     1
102
RTVSPropertyOp16
 70
     1
102
RTVSPropertyOp17
 70
     1
102
RTVSPropertyOp18
 70
     1
102
RTVSPropertyOp19
 70
     1
102
RTVSPropertyOp20
 70
     1
102
RTVSPropertyOp21
 70
     1
102
RTVSPropertyOp22
 70
     1
102
RTVSPropertyOp23
 70
     1
102
RTVSPropertyOp24
 70
     1
102
RTVSPropertyOp25
 70
     1
102
RTVSPropertyOp26
 70
     1
102
RTVSPropertyOp27
 70
     1
102
RTVSPropertyOp28
 70
     1
102
RTVSPropertyOp29
 70
     1
102
RTVSPropertyOp30
 70
     1
102
RTVSPropertyOp31
 70
     1
102
RTVSPropertyOp32
 70
     1
102
RTVSPropertyOp33
 70
     1
102
RTVSPropertyOp34
 70
     1
102
RTVSPropertyOp35
 70
     1
102
RTVSPropertyOp36
 70
     1
102
RTVSPropertyOp37
 70
     1
102
RTVSPropertyOp38
 70
     1
102
RTVSPropertyOp39
 70
     1
102
RTVSPropertyOp40
 70
     1
102
RTVSPropertyOp41
 70
     1
102
RTVSPropertyOp42
 70
     1
102
RTVSPropertyOp43
 70
     1
102
RTVSPropertyOp44
 70
     1
102
RTVSPropertyOp45
 70
     1
102
RTVSPropertyOp46
 70
     1
102
RTVSPropertyOp47
 70
     1
102
RTVSPropertyOp48
 70
     1
102
RTVSPropertyOp49
 70
     1
102
RTVSPropertyOp50
 70
     1
102
RTVSPropertyOp51
 70
     0
102
RTVSPropertyOp52
 70
     0
102
RTVSPropertyOp53
 70
     1
102
RTVSPropertyOp54
 70
     1
102
RTVSPropertyOp55
 70
     1
102
RTVSPropertyOp56
 70
     1
102
RTVSPropertyOp57
 70
     1
102
RTVSPost2010Prop28
280
     0
102
RTVSPost2010PropOp28
 70
     1
102
RTVSPost2010Prop29
280
     1
102
RTVSPost2010PropOp29
 70
     1
102
RTVSPost2010Prop30
280
     1
102
RTVSPost2010PropOp30
 70
     1
102
RTVSPost2010Prop31
280
     0
102
RTVSPost2010PropOp31
 70
     1
102
RTVSPost2010Prop32
280
     0
102
RTVSPost2010PropOp32
 70
     1
102
RTVSPost2010Prop33
280
     0
102
RTVSPost2010PropOp33
 70
     1
102
RTVSPost2010Prop34
280
     0
102
RTVSPost2010PropOp34
 70
     1
102
RTVSPost2010Prop35
280
     0
102
RTVSPost2010PropOp35
 70
     1
102
RTVSPost2010Prop36
280
     0
102
RTVSPost2010PropOp36
 70
     1
102
RTVSPost2010Prop37
 90
       50
102
RTVSPost2010PropOp37
 70
     1
102
RTVSPost2010Prop38
140
0.0
102
RTVSPost2010PropOp38
 70
     1
102
RTVSPost2010Prop39
140
1.0
102
RTVSPost2010PropOp39
 70
     1
102
RTVSPost2010Prop40
 90
        0
102
RTVSPost2010PropOp40
 70
     1
102
RTVSPost2010Prop41ColorIndex
 90
       18
102
RTVSPost2010Prop41ColorRGB
 90
        0
102
RTVSPost2010PropOp41
 70
     1
102
RTVSPost2010Prop42
 90
       50
102
RTVSPost2010PropOp42
 70
     1
102
RTVSPost2010Prop43
 90
        3
102
RTVSPost2010PropOp43
 70
     1
102
RTVSPost2010Prop44ColorIndex
 90
        5
102
RTVSPost2010Prop44ColorRGB
 90
      255
102
RTVSPost2010PropOp44
 70
     1
102
RTVSPost2010Prop45
280
     0
102
RTVSPost2010PropOp45
 70
     1
102
RTVSPost2010Prop46
 90
       50
102
RTVSPost2010PropOp46
 70
     1
102
RTVSPost2010Prop47
 90
       50
102
RTVSPost2010PropOp47
 70
     1
102
RTVSPost2010Prop48
 90
       50
102
RTVSPost2010PropOp48
 70
     1
102
RTVSPost2010Prop49
280
     0
102
RTVSPost2010PropOp49
 70
     1
102
RTVSPost2010Prop50
 90
       50
102
RTVSPost2010PropOp50
 70
     1
102
RTVSPost2010Prop51ColorIndex
 90
      256
102
RTVSPost2010Prop51ColorRGB
 90
-16777216
102
RTVSPost2010PropOp51
 70
     0
102
RTVSPost2010Prop52
140
1.0
102
RTVSPost2010PropOp52
 70
     0
102
RTVSPost2010Prop53
 90
        2
102
RTVSPost2010PropOp53
 70
     1
102
RTVSPost2010Prop54
  1
strokes_ogs.tif
102
RTVSPost2010PropOp54
 70
     1
102
RTVSPost2010Prop55
280
     0
102
RTVSPost2010PropOp55
 70
     1
102
RTVSPost2010Prop56
140
1.0
102
RTVSPost2010PropOp56
 70
     1
102
RTVSPost2010Prop57
140
1.0
102
RTVSPost2010PropOp57
 70
     1
  0
XRECORD
  5
1213
102
{ACAD_REACTORS
330
1212
102
}
330
1212
100
AcDbXrecord
280
     1
102
RTVSPropertyOp0
 70
     1
102
RTVSPropertyOp1
 70
     1
102
RTVSPropertyOp2
 70
     1
102
RTVSPropertyOp3
 70
     1
102
RTVSPropertyOp4
 70
     1
102
RTVSPropertyOp5
 70
     1
102
RTVSPropertyOp6
 70
     1
102
RTVSPropertyOp7
 70
     1
102
RTVSPropertyOp8
 70
     1
102
RTVSPropertyOp9
 70
     1
102
RTVSPropertyOp10
 70
     1
102
RTVSPropertyOp11
 70
     1
102
RTVSPropertyOp12
 70
     1
102
RTVSPropertyOp13
 70
     1
102
RTVSPropertyOp14
 70
     1
102
RTVSPropertyOp15
 70
     1
102
RTVSPropertyOp16
 70
     1
102
RTVSPropertyOp17
 70
     1
102
RTVSPropertyOp18
 70
     1
102
RTVSPropertyOp19
 70
     1
102
RTVSPropertyOp20
 70
     1
102
RTVSPropertyOp21
 70
     1
102
RTVSPropertyOp22
 70
     1
102
RTVSPropertyOp23
 70
     1
102
RTVSPropertyOp24
 70
     1
102
RTVSPropertyOp25
 70
     1
102
RTVSPropertyOp26
 70
     1
102
RTVSPropertyOp27
 70
     1
102
RTVSPropertyOp28
 70
     1
102
RTVSPropertyOp29
 70
     1
102
RTVSPropertyOp30
 70
     1
102
RTVSPropertyOp31
 70
     1
102
RTVSPropertyOp32
 70
     1
102
RTVSPropertyOp33
 70
     1
102
RTVSPropertyOp34
 70
     1
102
RTVSPropertyOp35
 70
     1
102
RTVSPropertyOp36
 70
     1
102
RTVSPropertyOp37
 70
     1
102
RTVSPropertyOp38
 70
     1
102
RTVSPropertyOp39
 70
     1
102
RTVSPropertyOp40
 70
     1
102
RTVSPropertyOp41
 70
     1
102
RTVSPropertyOp42
 70
     1
102
RTVSPropertyOp43
 70
     1
102
RTVSPropertyOp44
 70
     1
102
RTVSPropertyOp45
 70
     1
102
RTVSPropertyOp46
 70
     1
102
RTVSPropertyOp47
 70
     1
102
RTVSPropertyOp48
 70
     1
102
RTVSPropertyOp49
 70
     1
102
RTVSPropertyOp50
 70
     1
102
RTVSPropertyOp51
 70
     0
102
RTVSPropertyOp52
 70
     0
102
RTVSPropertyOp53
 70
     1
102
RTVSPropertyOp54
 70
     1
102
RTVSPropertyOp55
 70
     1
102
RTVSPropertyOp56
 70
     1
102
RTVSPropertyOp57
 70
     1
102
RTVSPost2010Prop28
280
     0
102
RTVSPost2010PropOp28
 70
     1
102
RTVSPost2010Prop29
280
     1
102
RTVSPost2010PropOp29
 70
     1
102
RTVSPost2010Prop30
280
     1
102
RTVSPost2010PropOp30
 70
     1
102
RTVSPost2010Prop31
280
     0
102
RTVSPost2010PropOp31
 70
     1
102
RTVSPost2010Prop32
280
     0
102
RTVSPost2010PropOp32
 70
     1
102
RTVSPost2010Prop33
280
     0
102
RTVSPost2010PropOp33
 70
     1
102
RTVSPost2010Prop34
280
     0
102
RTVSPost2010PropOp34
 70
     1
102
RTVSPost2010Prop35
280
     0
102
RTVSPost2010PropOp35
 70
     1
102
RTVSPost2010Prop36
280
     0
102
RTVSPost2010PropOp36
 70
     1
102
RTVSPost2010Prop37
 90
       50
102
RTVSPost2010PropOp37
 70
     1
102
RTVSPost2010Prop38
140
0.0
102
RTVSPost2010PropOp38
 70
     1
102
RTVSPost2010Prop39
140
1.0
102
RTVSPost2010PropOp39
 70
     1
102
RTVSPost2010Prop40
 90
        0
102
RTVSPost2010PropOp40
 70
     1
102
RTVSPost2010Prop41ColorIndex
 90
       18
102
RTVSPost2010Prop41ColorRGB
 90
        0
102
RTVSPost2010PropOp41
 70
     1
102
RTVSPost2010Prop42
 90
       50
102
RTVSPost2010PropOp42
 70
     1
102
RTVSPost2010Prop43
 90
        3
102
RTVSPost2010PropOp43
 70
     1
102
RTVSPost2010Prop44ColorIndex
 90
        5
102
RTVSPost2010Prop44ColorRGB
 90
      255
102
RTVSPost2010PropOp44
 70
     1
102
RTVSPost2010Prop45
280
     0
102
RTVSPost2010PropOp45
 70
     1
102
RTVSPost2010Prop46
 90
       50
102
RTVSPost2010PropOp46
 70
     1
102
RTVSPost2010Prop47
 90
       50
102
RTVSPost2010PropOp47
 70
     1
102
RTVSPost2010Prop48
 90
       50
102
RTVSPost2010PropOp48
 70
     1
102
RTVSPost2010Prop49
280
     0
102
RTVSPost2010PropOp49
 70
     1
102
RTVSPost2010Prop50
 90
       50
102
RTVSPost2010PropOp50
 70
     1
102
RTVSPost2010Prop51ColorIndex
 90
      256
102
RTVSPost2010Prop51ColorRGB
 90
-16777216
102
RTVSPost2010PropOp51
 70
     0
102
RTVSPost2010Prop52
140
1.0
102
RTVSPost2010PropOp52
 70
     0
102
RTVSPost2010Prop53
 90
        2
102
RTVSPost2010PropOp53
 70
     1
102
RTVSPost2010Prop54
  1
strokes_ogs.tif
102
RTVSPost2010PropOp54
 70
     1
102
RTVSPost2010Prop55
280
     0
102
RTVSPost2010PropOp55
 70
     1
102
RTVSPost2010Prop56
140
1.0
102
RTVSPost2010PropOp56
 70
     1
102
RTVSPost2010Prop57
140
1.0
102
RTVSPost2010PropOp57
 70
     1
  0
XRECORD
  5
1227
102
{ACAD_REACTORS
330
1226
102
}
330
1226
100
AcDbXrecord
280
     1
102
RTVSPropertyOp0
 70
     0
102
RTVSPropertyOp1
 70
     0
102
RTVSPropertyOp2
 70
     0
102
RTVSPropertyOp3
 70
     0
102
RTVSPropertyOp4
 70
     0
102
RTVSPropertyOp5
 70
     0
102
RTVSPropertyOp6
 70
     0
102
RTVSPropertyOp7
 70
     0
102
RTVSPropertyOp8
 70
     0
102
RTVSPropertyOp9
 70
     0
102
RTVSPropertyOp10
 70
     0
102
RTVSPropertyOp11
 70
     0
102
RTVSPropertyOp12
 70
     0
102
RTVSPropertyOp13
 70
     0
102
RTVSPropertyOp14
 70
     2
102
RTVSPropertyOp15
 70
     0
102
RTVSPropertyOp16
 70
     0
102
RTVSPropertyOp17
 70
     0
102
RTVSPropertyOp18
 70
     0
102
RTVSPropertyOp19
 70
     0
102
RTVSPropertyOp20
 70
     0
102
RTVSPropertyOp21
 70
     0
102
RTVSPropertyOp22
 70
     0
102
RTVSPropertyOp23
 70
     0
102
RTVSPropertyOp24
 70
     0
102
RTVSPropertyOp25
 70
     0
102
RTVSPropertyOp26
 70
     0
102
RTVSPropertyOp27
 70
     0
102
RTVSPropertyOp28
 70
     0
102
RTVSPropertyOp29
 70
     0
102
RTVSPropertyOp30
 70
     0
102
RTVSPropertyOp31
 70
     0
102
RTVSPropertyOp32
 70
     0
102
RTVSPropertyOp33
 70
     0
102
RTVSPropertyOp34
 70
     0
102
RTVSPropertyOp35
 70
     0
102
RTVSPropertyOp36
 70
     0
102
RTVSPropertyOp37
 70
     0
102
RTVSPropertyOp38
 70
     0
102
RTVSPropertyOp39
 70
     0
102
RTVSPropertyOp40
 70
     0
102
RTVSPropertyOp41
 70
     0
102
RTVSPropertyOp42
 70
     0
102
RTVSPropertyOp43
 70
     0
102
RTVSPropertyOp44
 70
     0
102
RTVSPropertyOp45
 70
     0
102
RTVSPropertyOp46
 70
     0
102
RTVSPropertyOp47
 70
     0
102
RTVSPropertyOp48
 70
     0
102
RTVSPropertyOp49
 70
     0
102
RTVSPropertyOp50
 70
     0
102
RTVSPropertyOp51
 70
     0
102
RTVSPropertyOp52
 70
     0
102
RTVSPropertyOp53
 70
     0
102
RTVSPropertyOp54
 70
     0
102
RTVSPropertyOp55
 70
     0
102
RTVSPropertyOp56
 70
     0
102
RTVSPropertyOp57
 70
     0
102
RTVSPost2010Prop28
280
     0
102
RTVSPost2010PropOp28
 70
     0
102
RTVSPost2010Prop29
280
     1
102
RTVSPost2010PropOp29
 70
     0
102
RTVSPost2010Prop30
280
     1
102
RTVSPost2010PropOp30
 70
     0
102
RTVSPost2010Prop31
280
     0
102
RTVSPost2010PropOp31
 70
     0
102
RTVSPost2010Prop32
280
     0
102
RTVSPost2010PropOp32
 70
     0
102
RTVSPost2010Prop33
280
     0
102
RTVSPost2010PropOp33
 70
     0
102
RTVSPost2010Prop34
280
     0
102
RTVSPost2010PropOp34
 70
     0
102
RTVSPost2010Prop35
280
     0
102
RTVSPost2010PropOp35
 70
     0
102
RTVSPost2010Prop36
280
     0
102
RTVSPost2010PropOp36
 70
     0
102
RTVSPost2010Prop37
 90
       50
102
RTVSPost2010PropOp37
 70
     0
102
RTVSPost2010Prop38
140
0.0
102
RTVSPost2010PropOp38
 70
     0
102
RTVSPost2010Prop39
140
1.0
102
RTVSPost2010PropOp39
 70
     0
102
RTVSPost2010Prop40
 90
        0
102
RTVSPost2010PropOp40
 70
     0
102
RTVSPost2010Prop41ColorIndex
 90
       18
102
RTVSPost2010Prop41ColorRGB
 90
        0
102
RTVSPost2010PropOp41
 70
     0
102
RTVSPost2010Prop42
 90
       50
102
RTVSPost2010PropOp42
 70
     0
102
RTVSPost2010Prop43
 90
        3
102
RTVSPost2010PropOp43
 70
     0
102
RTVSPost2010Prop44ColorIndex
 90
        5
102
RTVSPost2010Prop44ColorRGB
 90
      255
102
RTVSPost2010PropOp44
 70
     0
102
RTVSPost2010Prop45
280
     0
102
RTVSPost2010PropOp45
 70
     0
102
RTVSPost2010Prop46
 90
       50
102
RTVSPost2010PropOp46
 70
     0
102
RTVSPost2010Prop47
 90
       50
102
RTVSPost2010PropOp47
 70
     0
102
RTVSPost2010Prop48
 90
       50
102
RTVSPost2010PropOp48
 70
     0
102
RTVSPost2010Prop49
280
     0
102
RTVSPost2010PropOp49
 70
     0
102
RTVSPost2010Prop50
 90
       50
102
RTVSPost2010PropOp50
 70
     0
102
RTVSPost2010Prop51ColorIndex
 90
      256
102
RTVSPost2010Prop51ColorRGB
 90
-16777216
102
RTVSPost2010PropOp51
 70
     0
102
RTVSPost2010Prop52
140
1.0
102
RTVSPost2010PropOp52
 70
     0
102
RTVSPost2010Prop53
 90
        2
102
RTVSPost2010PropOp53
 70
     0
102
RTVSPost2010Prop54
  1
strokes_ogs.tif
102
RTVSPost2010PropOp54
 70
     0
102
RTVSPost2010Prop55
280
     0
102
RTVSPost2010PropOp55
 70
     0
102
RTVSPost2010Prop56
140
1.0
102
RTVSPost2010PropOp56
 70
     0
102
RTVSPost2010Prop57
140
1.0
102
RTVSPost2010PropOp57
 70
     0
  0
XRECORD
  5
1221
102
{ACAD_REACTORS
330
1220
102
}
330
1220
100
AcDbXrecord
280
     1
102
RTVSPropertyOp0
 70
     1
102
RTVSPropertyOp1
 70
     1
102
RTVSPropertyOp2
 70
     1
102
RTVSPropertyOp3
 70
     1
102
RTVSPropertyOp4
 70
     1
102
RTVSPropertyOp5
 70
     1
102
RTVSPropertyOp6
 70
     1
102
RTVSPropertyOp7
 70
     1
102
RTVSPropertyOp8
 70
     1
102
RTVSPropertyOp9
 70
     1
102
RTVSPropertyOp10
 70
     1
102
RTVSPropertyOp11
 70
     1
102
RTVSPropertyOp12
 70
     1
102
RTVSPropertyOp13
 70
     1
102
RTVSPropertyOp14
 70
     1
102
RTVSPropertyOp15
 70
     1
102
RTVSPropertyOp16
 70
     1
102
RTVSPropertyOp17
 70
     1
102
RTVSPropertyOp18
 70
     1
102
RTVSPropertyOp19
 70
     1
102
RTVSPropertyOp20
 70
     1
102
RTVSPropertyOp21
 70
     1
102
RTVSPropertyOp22
 70
     1
102
RTVSPropertyOp23
 70
     1
102
RTVSPropertyOp24
 70
     1
102
RTVSPropertyOp25
 70
     1
102
RTVSPropertyOp26
 70
     1
102
RTVSPropertyOp27
 70
     1
102
RTVSPropertyOp28
 70
     1
102
RTVSPropertyOp29
 70
     1
102
RTVSPropertyOp30
 70
     1
102
RTVSPropertyOp31
 70
     1
102
RTVSPropertyOp32
 70
     1
102
RTVSPropertyOp33
 70
     1
102
RTVSPropertyOp34
 70
     1
102
RTVSPropertyOp35
 70
     1
102
RTVSPropertyOp36
 70
     1
102
RTVSPropertyOp37
 70
     1
102
RTVSPropertyOp38
 70
     1
102
RTVSPropertyOp39
 70
     1
102
RTVSPropertyOp40
 70
     1
102
RTVSPropertyOp41
 70
     1
102
RTVSPropertyOp42
 70
     1
102
RTVSPropertyOp43
 70
     1
102
RTVSPropertyOp44
 70
     1
102
RTVSPropertyOp45
 70
     1
102
RTVSPropertyOp46
 70
     1
102
RTVSPropertyOp47
 70
     1
102
RTVSPropertyOp48
 70
     1
102
RTVSPropertyOp49
 70
     1
102
RTVSPropertyOp50
 70
     1
102
RTVSPropertyOp51
 70
     0
102
RTVSPropertyOp52
 70
     0
102
RTVSPropertyOp53
 70
     1
102
RTVSPropertyOp54
 70
     1
102
RTVSPropertyOp55
 70
     1
102
RTVSPropertyOp56
 70
     1
102
RTVSPropertyOp57
 70
     1
102
RTVSPost2010Prop28
280
     0
102
RTVSPost2010PropOp28
 70
     1
102
RTVSPost2010Prop29
280
     1
102
RTVSPost2010PropOp29
 70
     1
102
RTVSPost2010Prop30
280
     1
102
RTVSPost2010PropOp30
 70
     1
102
RTVSPost2010Prop31
280
     0
102
RTVSPost2010PropOp31
 70
     1
102
RTVSPost2010Prop32
280
     0
102
RTVSPost2010PropOp32
 70
     1
102
RTVSPost2010Prop33
280
     0
102
RTVSPost2010PropOp33
 70
     1
102
RTVSPost2010Prop34
280
     0
102
RTVSPost2010PropOp34
 70
     1
102
RTVSPost2010Prop35
280
     0
102
RTVSPost2010PropOp35
 70
     1
102
RTVSPost2010Prop36
280
     0
102
RTVSPost2010PropOp36
 70
     1
102
RTVSPost2010Prop37
 90
       50
102
RTVSPost2010PropOp37
 70
     1
102
RTVSPost2010Prop38
140
0.0
102
RTVSPost2010PropOp38
 70
     1
102
RTVSPost2010Prop39
140
1.0
102
RTVSPost2010PropOp39
 70
     1
102
RTVSPost2010Prop40
 90
        0
102
RTVSPost2010PropOp40
 70
     1
102
RTVSPost2010Prop41ColorIndex
 90
       18
102
RTVSPost2010Prop41ColorRGB
 90
        0
102
RTVSPost2010PropOp41
 70
     1
102
RTVSPost2010Prop42
 90
       50
102
RTVSPost2010PropOp42
 70
     1
102
RTVSPost2010Prop43
 90
        3
102
RTVSPost2010PropOp43
 70
     1
102
RTVSPost2010Prop44ColorIndex
 90
        5
102
RTVSPost2010Prop44ColorRGB
 90
      255
102
RTVSPost2010PropOp44
 70
     1
102
RTVSPost2010Prop45
280
     0
102
RTVSPost2010PropOp45
 70
     1
102
RTVSPost2010Prop46
 90
       50
102
RTVSPost2010PropOp46
 70
     1
102
RTVSPost2010Prop47
 90
       50
102
RTVSPost2010PropOp47
 70
     1
102
RTVSPost2010Prop48
 90
       50
102
RTVSPost2010PropOp48
 70
     1
102
RTVSPost2010Prop49
280
     0
102
RTVSPost2010PropOp49
 70
     1
102
RTVSPost2010Prop50
 90
       50
102
RTVSPost2010PropOp50
 70
     1
102
RTVSPost2010Prop51ColorIndex
 90
      256
102
RTVSPost2010Prop51ColorRGB
 90
-16777216
102
RTVSPost2010PropOp51
 70
     0
102
RTVSPost2010Prop52
140
1.0
102
RTVSPost2010PropOp52
 70
     0
102
RTVSPost2010Prop53
 90
        2
102
RTVSPost2010PropOp53
 70
     1
102
RTVSPost2010Prop54
  1
strokes_ogs.tif
102
RTVSPost2010PropOp54
 70
     1
102
RTVSPost2010Prop55
280
     0
102
RTVSPost2010PropOp55
 70
     1
102
RTVSPost2010Prop56
140
1.0
102
RTVSPost2010PropOp56
 70
     1
102
RTVSPost2010Prop57
140
1.0
102
RTVSPost2010PropOp57
 70
     1
  0
XRECORD
  5
1229
102
{ACAD_REACTORS
330
1228
102
}
330
1228
100
AcDbXrecord
280
     1
102
RTVSPropertyOp0
 70
     0
102
RTVSPropertyOp1
 70
     0
102
RTVSPropertyOp2
 70
     0
102
RTVSPropertyOp3
 70
     0
102
RTVSPropertyOp4
 70
     0
102
RTVSPropertyOp5
 70
     0
102
RTVSPropertyOp6
 70
     0
102
RTVSPropertyOp7
 70
     0
102
RTVSPropertyOp8
 70
     0
102
RTVSPropertyOp9
 70
     0
102
RTVSPropertyOp10
 70
     0
102
RTVSPropertyOp11
 70
     0
102
RTVSPropertyOp12
 70
     0
102
RTVSPropertyOp13
 70
     0
102
RTVSPropertyOp14
 70
     2
102
RTVSPropertyOp15
 70
     0
102
RTVSPropertyOp16
 70
     0
102
RTVSPropertyOp17
 70
     0
102
RTVSPropertyOp18
 70
     0
102
RTVSPropertyOp19
 70
     0
102
RTVSPropertyOp20
 70
     0
102
RTVSPropertyOp21
 70
     0
102
RTVSPropertyOp22
 70
     0
102
RTVSPropertyOp23
 70
     0
102
RTVSPropertyOp24
 70
     0
102
RTVSPropertyOp25
 70
     0
102
RTVSPropertyOp26
 70
     0
102
RTVSPropertyOp27
 70
     0
102
RTVSPropertyOp28
 70
     0
102
RTVSPropertyOp29
 70
     0
102
RTVSPropertyOp30
 70
     0
102
RTVSPropertyOp31
 70
     0
102
RTVSPropertyOp32
 70
     0
102
RTVSPropertyOp33
 70
     0
102
RTVSPropertyOp34
 70
     0
102
RTVSPropertyOp35
 70
     0
102
RTVSPropertyOp36
 70
     0
102
RTVSPropertyOp37
 70
     0
102
RTVSPropertyOp38
 70
     0
102
RTVSPropertyOp39
 70
     0
102
RTVSPropertyOp40
 70
     0
102
RTVSPropertyOp41
 70
     0
102
RTVSPropertyOp42
 70
     0
102
RTVSPropertyOp43
 70
     0
102
RTVSPropertyOp44
 70
     0
102
RTVSPropertyOp45
 70
     0
102
RTVSPropertyOp46
 70
     0
102
RTVSPropertyOp47
 70
     0
102
RTVSPropertyOp48
 70
     0
102
RTVSPropertyOp49
 70
     0
102
RTVSPropertyOp50
 70
     0
102
RTVSPropertyOp51
 70
     0
102
RTVSPropertyOp52
 70
     0
102
RTVSPropertyOp53
 70
     0
102
RTVSPropertyOp54
 70
     0
102
RTVSPropertyOp55
 70
     0
102
RTVSPropertyOp56
 70
     0
102
RTVSPropertyOp57
 70
     0
102
RTVSPost2010Prop28
280
     0
102
RTVSPost2010PropOp28
 70
     0
102
RTVSPost2010Prop29
280
     1
102
RTVSPost2010PropOp29
 70
     0
102
RTVSPost2010Prop30
280
     1
102
RTVSPost2010PropOp30
 70
     0
102
RTVSPost2010Prop31
280
     0
102
RTVSPost2010PropOp31
 70
     0
102
RTVSPost2010Prop32
280
     0
102
RTVSPost2010PropOp32
 70
     0
102
RTVSPost2010Prop33
280
     0
102
RTVSPost2010PropOp33
 70
     0
102
RTVSPost2010Prop34
280
     0
102
RTVSPost2010PropOp34
 70
     0
102
RTVSPost2010Prop35
280
     0
102
RTVSPost2010PropOp35
 70
     0
102
RTVSPost2010Prop36
280
     0
102
RTVSPost2010PropOp36
 70
     0
102
RTVSPost2010Prop37
 90
       50
102
RTVSPost2010PropOp37
 70
     0
102
RTVSPost2010Prop38
140
0.0
102
RTVSPost2010PropOp38
 70
     0
102
RTVSPost2010Prop39
140
1.0
102
RTVSPost2010PropOp39
 70
     0
102
RTVSPost2010Prop40
 90
        0
102
RTVSPost2010PropOp40
 70
     0
102
RTVSPost2010Prop41ColorIndex
 90
       18
102
RTVSPost2010Prop41ColorRGB
 90
        0
102
RTVSPost2010PropOp41
 70
     0
102
RTVSPost2010Prop42
 90
       50
102
RTVSPost2010PropOp42
 70
     0
102
RTVSPost2010Prop43
 90
        3
102
RTVSPost2010PropOp43
 70
     0
102
RTVSPost2010Prop44ColorIndex
 90
        5
102
RTVSPost2010Prop44ColorRGB
 90
      255
102
RTVSPost2010PropOp44
 70
     0
102
RTVSPost2010Prop45
280
     0
102
RTVSPost2010PropOp45
 70
     0
102
RTVSPost2010Prop46
 90
       50
102
RTVSPost2010PropOp46
 70
     0
102
RTVSPost2010Prop47
 90
       50
102
RTVSPost2010PropOp47
 70
     0
102
RTVSPost2010Prop48
 90
       50
102
RTVSPost2010PropOp48
 70
     0
102
RTVSPost2010Prop49
280
     0
102
RTVSPost2010PropOp49
 70
     0
102
RTVSPost2010Prop50
 90
       50
102
RTVSPost2010PropOp50
 70
     0
102
RTVSPost2010Prop51ColorIndex
 90
      256
102
RTVSPost2010Prop51ColorRGB
 90
-16777216
102
RTVSPost2010PropOp51
 70
     0
102
RTVSPost2010Prop52
140
1.0
102
RTVSPost2010PropOp52
 70
     0
102
RTVSPost2010Prop53
 90
        2
102
RTVSPost2010PropOp53
 70
     0
102
RTVSPost2010Prop54
  1
strokes_ogs.tif
102
RTVSPost2010PropOp54
 70
     0
102
RTVSPost2010Prop55
280
     0
102
RTVSPost2010PropOp55
 70
     0
102
RTVSPost2010Prop56
140
1.0
102
RTVSPost2010PropOp56
 70
     0
102
RTVSPost2010Prop57
140
1.0
102
RTVSPost2010PropOp57
 70
     0
  0
XRECORD
  5
1217
102
{ACAD_REACTORS
330
1216
102
}
330
1216
100
AcDbXrecord
280
     1
102
RTVSPropertyOp0
 70
     1
102
RTVSPropertyOp1
 70
     1
102
RTVSPropertyOp2
 70
     1
102
RTVSPropertyOp3
 70
     1
102
RTVSPropertyOp4
 70
     1
102
RTVSPropertyOp5
 70
     1
102
RTVSPropertyOp6
 70
     1
102
RTVSPropertyOp7
 70
     1
102
RTVSPropertyOp8
 70
     1
102
RTVSPropertyOp9
 70
     1
102
RTVSPropertyOp10
 70
     1
102
RTVSPropertyOp11
 70
     1
102
RTVSPropertyOp12
 70
     1
102
RTVSPropertyOp13
 70
     1
102
RTVSPropertyOp14
 70
     1
102
RTVSPropertyOp15
 70
     1
102
RTVSPropertyOp16
 70
     1
102
RTVSPropertyOp17
 70
     1
102
RTVSPropertyOp18
 70
     1
102
RTVSPropertyOp19
 70
     1
102
RTVSPropertyOp20
 70
     1
102
RTVSPropertyOp21
 70
     1
102
RTVSPropertyOp22
 70
     1
102
RTVSPropertyOp23
 70
     1
102
RTVSPropertyOp24
 70
     1
102
RTVSPropertyOp25
 70
     1
102
RTVSPropertyOp26
 70
     1
102
RTVSPropertyOp27
 70
     1
102
RTVSPropertyOp28
 70
     1
102
RTVSPropertyOp29
 70
     1
102
RTVSPropertyOp30
 70
     1
102
RTVSPropertyOp31
 70
     1
102
RTVSPropertyOp32
 70
     1
102
RTVSPropertyOp33
 70
     1
102
RTVSPropertyOp34
 70
     1
102
RTVSPropertyOp35
 70
     1
102
RTVSPropertyOp36
 70
     1
102
RTVSPropertyOp37
 70
     1
102
RTVSPropertyOp38
 70
     1
102
RTVSPropertyOp39
 70
     1
102
RTVSPropertyOp40
 70
     1
102
RTVSPropertyOp41
 70
     1
102
RTVSPropertyOp42
 70
     1
102
RTVSPropertyOp43
 70
     1
102
RTVSPropertyOp44
 70
     1
102
RTVSPropertyOp45
 70
     1
102
RTVSPropertyOp46
 70
     1
102
RTVSPropertyOp47
 70
     1
102
RTVSPropertyOp48
 70
     1
102
RTVSPropertyOp49
 70
     1
102
RTVSPropertyOp50
 70
     1
102
RTVSPropertyOp51
 70
     0
102
RTVSPropertyOp52
 70
     0
102
RTVSPropertyOp53
 70
     1
102
RTVSPropertyOp54
 70
     1
102
RTVSPropertyOp55
 70
     1
102
RTVSPropertyOp56
 70
     1
102
RTVSPropertyOp57
 70
     1
102
RTVSPost2010Prop28
280
     0
102
RTVSPost2010PropOp28
 70
     1
102
RTVSPost2010Prop29
280
     1
102
RTVSPost2010PropOp29
 70
     1
102
RTVSPost2010Prop30
280
     1
102
RTVSPost2010PropOp30
 70
     1
102
RTVSPost2010Prop31
280
     0
102
RTVSPost2010PropOp31
 70
     1
102
RTVSPost2010Prop32
280
     0
102
RTVSPost2010PropOp32
 70
     1
102
RTVSPost2010Prop33
280
     0
102
RTVSPost2010PropOp33
 70
     1
102
RTVSPost2010Prop34
280
     0
102
RTVSPost2010PropOp34
 70
     1
102
RTVSPost2010Prop35
280
     0
102
RTVSPost2010PropOp35
 70
     1
102
RTVSPost2010Prop36
280
     0
102
RTVSPost2010PropOp36
 70
     1
102
RTVSPost2010Prop37
 90
       50
102
RTVSPost2010PropOp37
 70
     1
102
RTVSPost2010Prop38
140
0.0
102
RTVSPost2010PropOp38
 70
     1
102
RTVSPost2010Prop39
140
1.0
102
RTVSPost2010PropOp39
 70
     1
102
RTVSPost2010Prop40
 90
        0
102
RTVSPost2010PropOp40
 70
     1
102
RTVSPost2010Prop41ColorIndex
 90
       18
102
RTVSPost2010Prop41ColorRGB
 90
        0
102
RTVSPost2010PropOp41
 70
     1
102
RTVSPost2010Prop42
 90
       50
102
RTVSPost2010PropOp42
 70
     1
102
RTVSPost2010Prop43
 90
        3
102
RTVSPost2010PropOp43
 70
     1
102
RTVSPost2010Prop44ColorIndex
 90
        5
102
RTVSPost2010Prop44ColorRGB
 90
      255
102
RTVSPost2010PropOp44
 70
     1
102
RTVSPost2010Prop45
280
     0
102
RTVSPost2010PropOp45
 70
     1
102
RTVSPost2010Prop46
 90
       50
102
RTVSPost2010PropOp46
 70
     1
102
RTVSPost2010Prop47
 90
       50
102
RTVSPost2010PropOp47
 70
     1
102
RTVSPost2010Prop48
 90
       50
102
RTVSPost2010PropOp48
 70
     1
102
RTVSPost2010Prop49
280
     0
102
RTVSPost2010PropOp49
 70
     1
102
RTVSPost2010Prop50
 90
       50
102
RTVSPost2010PropOp50
 70
     1
102
RTVSPost2010Prop51ColorIndex
 90
      256
102
RTVSPost2010Prop51ColorRGB
 90
-16777216
102
RTVSPost2010PropOp51
 70
     0
102
RTVSPost2010Prop52
140
1.0
102
RTVSPost2010PropOp52
 70
     0
102
RTVSPost2010Prop53
 90
        2
102
RTVSPost2010PropOp53
 70
     1
102
RTVSPost2010Prop54
  1
strokes_ogs.tif
102
RTVSPost2010PropOp54
 70
     1
102
RTVSPost2010Prop55
280
     0
102
RTVSPost2010PropOp55
 70
     1
102
RTVSPost2010Prop56
140
1.0
102
RTVSPost2010PropOp56
 70
     1
102
RTVSPost2010Prop57
140
1.0
102
RTVSPost2010PropOp57
 70
     1
  0
XRECORD
  5
1235
102
{ACAD_REACTORS
330
1234
102
}
330
1234
100
AcDbXrecord
280
     1
102
RTVSPropertyOp0
 70
     1
102
RTVSPropertyOp1
 70
     1
102
RTVSPropertyOp2
 70
     1
102
RTVSPropertyOp3
 70
     1
102
RTVSPropertyOp4
 70
     1
102
RTVSPropertyOp5
 70
     1
102
RTVSPropertyOp6
 70
     1
102
RTVSPropertyOp7
 70
     1
102
RTVSPropertyOp8
 70
     1
102
RTVSPropertyOp9
 70
     1
102
RTVSPropertyOp10
 70
     1
102
RTVSPropertyOp11
 70
     1
102
RTVSPropertyOp12
 70
     1
102
RTVSPropertyOp13
 70
     1
102
RTVSPropertyOp14
 70
     1
102
RTVSPropertyOp15
 70
     1
102
RTVSPropertyOp16
 70
     1
102
RTVSPropertyOp17
 70
     1
102
RTVSPropertyOp18
 70
     1
102
RTVSPropertyOp19
 70
     1
102
RTVSPropertyOp20
 70
     1
102
RTVSPropertyOp21
 70
     1
102
RTVSPropertyOp22
 70
     1
102
RTVSPropertyOp23
 70
     1
102
RTVSPropertyOp24
 70
     1
102
RTVSPropertyOp25
 70
     1
102
RTVSPropertyOp26
 70
     1
102
RTVSPropertyOp27
 70
     1
102
RTVSPropertyOp28
 70
     1
102
RTVSPropertyOp29
 70
     1
102
RTVSPropertyOp30
 70
     1
102
RTVSPropertyOp31
 70
     1
102
RTVSPropertyOp32
 70
     1
102
RTVSPropertyOp33
 70
     1
102
RTVSPropertyOp34
 70
     1
102
RTVSPropertyOp35
 70
     1
102
RTVSPropertyOp36
 70
     1
102
RTVSPropertyOp37
 70
     1
102
RTVSPropertyOp38
 70
     1
102
RTVSPropertyOp39
 70
     1
102
RTVSPropertyOp40
 70
     1
102
RTVSPropertyOp41
 70
     1
102
RTVSPropertyOp42
 70
     1
102
RTVSPropertyOp43
 70
     1
102
RTVSPropertyOp44
 70
     1
102
RTVSPropertyOp45
 70
     1
102
RTVSPropertyOp46
 70
     1
102
RTVSPropertyOp47
 70
     1
102
RTVSPropertyOp48
 70
     1
102
RTVSPropertyOp49
 70
     1
102
RTVSPropertyOp50
 70
     1
102
RTVSPropertyOp51
 70
     0
102
RTVSPropertyOp52
 70
     0
102
RTVSPropertyOp53
 70
     1
102
RTVSPropertyOp54
 70
     1
102
RTVSPropertyOp55
 70
     1
102
RTVSPropertyOp56
 70
     1
102
RTVSPropertyOp57
 70
     1
102
RTVSPost2010Prop28
280
     0
102
RTVSPost2010PropOp28
 70
     1
102
RTVSPost2010Prop29
280
     1
102
RTVSPost2010PropOp29
 70
     1
102
RTVSPost2010Prop30
280
     1
102
RTVSPost2010PropOp30
 70
     1
102
RTVSPost2010Prop31
280
     0
102
RTVSPost2010PropOp31
 70
     1
102
RTVSPost2010Prop32
280
     0
102
RTVSPost2010PropOp32
 70
     1
102
RTVSPost2010Prop33
280
     0
102
RTVSPost2010PropOp33
 70
     1
102
RTVSPost2010Prop34
280
     0
102
RTVSPost2010PropOp34
 70
     1
102
RTVSPost2010Prop35
280
     0
102
RTVSPost2010PropOp35
 70
     1
102
RTVSPost2010Prop36
280
     0
102
RTVSPost2010PropOp36
 70
     1
102
RTVSPost2010Prop37
 90
       50
102
RTVSPost2010PropOp37
 70
     1
102
RTVSPost2010Prop38
140
0.0
102
RTVSPost2010PropOp38
 70
     1
102
RTVSPost2010Prop39
140
1.0
102
RTVSPost2010PropOp39
 70
     1
102
RTVSPost2010Prop40
 90
        0
102
RTVSPost2010PropOp40
 70
     1
102
RTVSPost2010Prop41ColorIndex
 90
       18
102
RTVSPost2010Prop41ColorRGB
 90
        0
102
RTVSPost2010PropOp41
 70
     1
102
RTVSPost2010Prop42
 90
       50
102
RTVSPost2010PropOp42
 70
     1
102
RTVSPost2010Prop43
 90
        3
102
RTVSPost2010PropOp43
 70
     1
102
RTVSPost2010Prop44ColorIndex
 90
        5
102
RTVSPost2010Prop44ColorRGB
 90
      255
102
RTVSPost2010PropOp44
 70
     1
102
RTVSPost2010Prop45
280
     0
102
RTVSPost2010PropOp45
 70
     1
102
RTVSPost2010Prop46
 90
       50
102
RTVSPost2010PropOp46
 70
     1
102
RTVSPost2010Prop47
 90
       50
102
RTVSPost2010PropOp47
 70
     1
102
RTVSPost2010Prop48
 90
       50
102
RTVSPost2010PropOp48
 70
     1
102
RTVSPost2010Prop49
280
     0
102
RTVSPost2010PropOp49
 70
     1
102
RTVSPost2010Prop50
 90
       50
102
RTVSPost2010PropOp50
 70
     1
102
RTVSPost2010Prop51ColorIndex
 90
      256
102
RTVSPost2010Prop51ColorRGB
 90
-16777216
102
RTVSPost2010PropOp51
 70
     0
102
RTVSPost2010Prop52
140
1.0
102
RTVSPost2010PropOp52
 70
     0
102
RTVSPost2010Prop53
 90
        2
102
RTVSPost2010PropOp53
 70
     1
102
RTVSPost2010Prop54
  1
strokes_ogs.tif
102
RTVSPost2010PropOp54
 70
     1
102
RTVSPost2010Prop55
280
     0
102
RTVSPost2010PropOp55
 70
     1
102
RTVSPost2010Prop56
140
1.0
102
RTVSPost2010PropOp56
 70
     1
102
RTVSPost2010Prop57
140
1.0
102
RTVSPost2010PropOp57
 70
     1
  0
XRECORD
  5
1233
102
{ACAD_REACTORS
330
1232
102
}
330
1232
100
AcDbXrecord
280
     1
102
RTVSPropertyOp0
 70
     1
102
RTVSPropertyOp1
 70
     1
102
RTVSPropertyOp2
 70
     1
102
RTVSPropertyOp3
 70
     1
102
RTVSPropertyOp4
 70
     1
102
RTVSPropertyOp5
 70
     1
102
RTVSPropertyOp6
 70
     1
102
RTVSPropertyOp7
 70
     1
102
RTVSPropertyOp8
 70
     1
102
RTVSPropertyOp9
 70
     1
102
RTVSPropertyOp10
 70
     1
102
RTVSPropertyOp11
 70
     1
102
RTVSPropertyOp12
 70
     1
102
RTVSPropertyOp13
 70
     1
102
RTVSPropertyOp14
 70
     1
102
RTVSPropertyOp15
 70
     1
102
RTVSPropertyOp16
 70
     1
102
RTVSPropertyOp17
 70
     1
102
RTVSPropertyOp18
 70
     1
102
RTVSPropertyOp19
 70
     1
102
RTVSPropertyOp20
 70
     1
102
RTVSPropertyOp21
 70
     1
102
RTVSPropertyOp22
 70
     1
102
RTVSPropertyOp23
 70
     1
102
RTVSPropertyOp24
 70
     1
102
RTVSPropertyOp25
 70
     1
102
RTVSPropertyOp26
 70
     1
102
RTVSPropertyOp27
 70
     1
102
RTVSPropertyOp28
 70
     1
102
RTVSPropertyOp29
 70
     1
102
RTVSPropertyOp30
 70
     1
102
RTVSPropertyOp31
 70
     1
102
RTVSPropertyOp32
 70
     1
102
RTVSPropertyOp33
 70
     1
102
RTVSPropertyOp34
 70
     1
102
RTVSPropertyOp35
 70
     1
102
RTVSPropertyOp36
 70
     1
102
RTVSPropertyOp37
 70
     1
102
RTVSPropertyOp38
 70
     1
102
RTVSPropertyOp39
 70
     1
102
RTVSPropertyOp40
 70
     1
102
RTVSPropertyOp41
 70
     1
102
RTVSPropertyOp42
 70
     1
102
RTVSPropertyOp43
 70
     1
102
RTVSPropertyOp44
 70
     1
102
RTVSPropertyOp45
 70
     1
102
RTVSPropertyOp46
 70
     1
102
RTVSPropertyOp47
 70
     1
102
RTVSPropertyOp48
 70
     1
102
RTVSPropertyOp49
 70
     1
102
RTVSPropertyOp50
 70
     1
102
RTVSPropertyOp51
 70
     0
102
RTVSPropertyOp52
 70
     0
102
RTVSPropertyOp53
 70
     1
102
RTVSPropertyOp54
 70
     1
102
RTVSPropertyOp55
 70
     1
102
RTVSPropertyOp56
 70
     1
102
RTVSPropertyOp57
 70
     1
102
RTVSPost2010Prop28
280
     0
102
RTVSPost2010PropOp28
 70
     1
102
RTVSPost2010Prop29
280
     1
102
RTVSPost2010PropOp29
 70
     1
102
RTVSPost2010Prop30
280
     1
102
RTVSPost2010PropOp30
 70
     1
102
RTVSPost2010Prop31
280
     0
102
RTVSPost2010PropOp31
 70
     1
102
RTVSPost2010Prop32
280
     0
102
RTVSPost2010PropOp32
 70
     1
102
RTVSPost2010Prop33
280
     0
102
RTVSPost2010PropOp33
 70
     1
102
RTVSPost2010Prop34
280
     0
102
RTVSPost2010PropOp34
 70
     1
102
RTVSPost2010Prop35
280
     0
102
RTVSPost2010PropOp35
 70
     1
102
RTVSPost2010Prop36
280
     0
102
RTVSPost2010PropOp36
 70
     1
102
RTVSPost2010Prop37
 90
       50
102
RTVSPost2010PropOp37
 70
     1
102
RTVSPost2010Prop38
140
0.0
102
RTVSPost2010PropOp38
 70
     1
102
RTVSPost2010Prop39
140
1.0
102
RTVSPost2010PropOp39
 70
     1
102
RTVSPost2010Prop40
 90
        0
102
RTVSPost2010PropOp40
 70
     1
102
RTVSPost2010Prop41ColorIndex
 90
       18
102
RTVSPost2010Prop41ColorRGB
 90
        0
102
RTVSPost2010PropOp41
 70
     1
102
RTVSPost2010Prop42
 90
       50
102
RTVSPost2010PropOp42
 70
     1
102
RTVSPost2010Prop43
 90
        3
102
RTVSPost2010PropOp43
 70
     1
102
RTVSPost2010Prop44ColorIndex
 90
        5
102
RTVSPost2010Prop44ColorRGB
 90
      255
102
RTVSPost2010PropOp44
 70
     1
102
RTVSPost2010Prop45
280
     0
102
RTVSPost2010PropOp45
 70
     1
102
RTVSPost2010Prop46
 90
       50
102
RTVSPost2010PropOp46
 70
     1
102
RTVSPost2010Prop47
 90
       50
102
RTVSPost2010PropOp47
 70
     1
102
RTVSPost2010Prop48
 90
       50
102
RTVSPost2010PropOp48
 70
     1
102
RTVSPost2010Prop49
280
     0
102
RTVSPost2010PropOp49
 70
     1
102
RTVSPost2010Prop50
 90
       50
102
RTVSPost2010PropOp50
 70
     1
102
RTVSPost2010Prop51ColorIndex
 90
      256
102
RTVSPost2010Prop51ColorRGB
 90
-16777216
102
RTVSPost2010PropOp51
 70
     0
102
RTVSPost2010Prop52
140
1.0
102
RTVSPost2010PropOp52
 70
     0
102
RTVSPost2010Prop53
 90
        2
102
RTVSPost2010PropOp53
 70
     1
102
RTVSPost2010Prop54
  1
strokes_ogs.tif
102
RTVSPost2010PropOp54
 70
     1
102
RTVSPost2010Prop55
280
     0
102
RTVSPost2010PropOp55
 70
     1
102
RTVSPost2010Prop56
140
1.0
102
RTVSPost2010PropOp56
 70
     1
102
RTVSPost2010Prop57
140
1.0
102
RTVSPost2010PropOp57
 70
     1
  0
XRECORD
  5
122D
102
{ACAD_REACTORS
330
122C
102
}
330
122C
100
AcDbXrecord
280
     1
102
RTVSPropertyOp0
 70
     1
102
RTVSPropertyOp1
 70
     1
102
RTVSPropertyOp2
 70
     1
102
RTVSPropertyOp3
 70
     1
102
RTVSPropertyOp4
 70
     1
102
RTVSPropertyOp5
 70
     1
102
RTVSPropertyOp6
 70
     1
102
RTVSPropertyOp7
 70
     1
102
RTVSPropertyOp8
 70
     1
102
RTVSPropertyOp9
 70
     1
102
RTVSPropertyOp10
 70
     1
102
RTVSPropertyOp11
 70
     1
102
RTVSPropertyOp12
 70
     1
102
RTVSPropertyOp13
 70
     1
102
RTVSPropertyOp14
 70
     1
102
RTVSPropertyOp15
 70
     1
102
RTVSPropertyOp16
 70
     1
102
RTVSPropertyOp17
 70
     1
102
RTVSPropertyOp18
 70
     1
102
RTVSPropertyOp19
 70
     1
102
RTVSPropertyOp20
 70
     1
102
RTVSPropertyOp21
 70
     1
102
RTVSPropertyOp22
 70
     1
102
RTVSPropertyOp23
 70
     1
102
RTVSPropertyOp24
 70
     1
102
RTVSPropertyOp25
 70
     1
102
RTVSPropertyOp26
 70
     1
102
RTVSPropertyOp27
 70
     1
102
RTVSPropertyOp28
 70
     1
102
RTVSPropertyOp29
 70
     1
102
RTVSPropertyOp30
 70
     1
102
RTVSPropertyOp31
 70
     1
102
RTVSPropertyOp32
 70
     1
102
RTVSPropertyOp33
 70
     1
102
RTVSPropertyOp34
 70
     1
102
RTVSPropertyOp35
 70
     1
102
RTVSPropertyOp36
 70
     1
102
RTVSPropertyOp37
 70
     1
102
RTVSPropertyOp38
 70
     1
102
RTVSPropertyOp39
 70
     1
102
RTVSPropertyOp40
 70
     1
102
RTVSPropertyOp41
 70
     1
102
RTVSPropertyOp42
 70
     1
102
RTVSPropertyOp43
 70
     1
102
RTVSPropertyOp44
 70
     1
102
RTVSPropertyOp45
 70
     1
102
RTVSPropertyOp46
 70
     1
102
RTVSPropertyOp47
 70
     1
102
RTVSPropertyOp48
 70
     1
102
RTVSPropertyOp49
 70
     1
102
RTVSPropertyOp50
 70
     1
102
RTVSPropertyOp51
 70
     0
102
RTVSPropertyOp52
 70
     0
102
RTVSPropertyOp53
 70
     1
102
RTVSPropertyOp54
 70
     1
102
RTVSPropertyOp55
 70
     1
102
RTVSPropertyOp56
 70
     1
102
RTVSPropertyOp57
 70
     1
102
RTVSPost2010Prop28
280
     0
102
RTVSPost2010PropOp28
 70
     1
102
RTVSPost2010Prop29
280
     1
102
RTVSPost2010PropOp29
 70
     1
102
RTVSPost2010Prop30
280
     1
102
RTVSPost2010PropOp30
 70
     1
102
RTVSPost2010Prop31
280
     0
102
RTVSPost2010PropOp31
 70
     1
102
RTVSPost2010Prop32
280
     0
102
RTVSPost2010PropOp32
 70
     1
102
RTVSPost2010Prop33
280
     0
102
RTVSPost2010PropOp33
 70
     1
102
RTVSPost2010Prop34
280
     0
102
RTVSPost2010PropOp34
 70
     1
102
RTVSPost2010Prop35
280
     0
102
RTVSPost2010PropOp35
 70
     1
102
RTVSPost2010Prop36
280
     0
102
RTVSPost2010PropOp36
 70
     1
102
RTVSPost2010Prop37
 90
       50
102
RTVSPost2010PropOp37
 70
     1
102
RTVSPost2010Prop38
140
0.0
102
RTVSPost2010PropOp38
 70
     1
102
RTVSPost2010Prop39
140
1.0
102
RTVSPost2010PropOp39
 70
     1
102
RTVSPost2010Prop40
 90
        0
102
RTVSPost2010PropOp40
 70
     1
102
RTVSPost2010Prop41ColorIndex
 90
       18
102
RTVSPost2010Prop41ColorRGB
 90
        0
102
RTVSPost2010PropOp41
 70
     1
102
RTVSPost2010Prop42
 90
       50
102
RTVSPost2010PropOp42
 70
     1
102
RTVSPost2010Prop43
 90
        3
102
RTVSPost2010PropOp43
 70
     1
102
RTVSPost2010Prop44ColorIndex
 90
        5
102
RTVSPost2010Prop44ColorRGB
 90
      255
102
RTVSPost2010PropOp44
 70
     1
102
RTVSPost2010Prop45
280
     0
102
RTVSPost2010PropOp45
 70
     1
102
RTVSPost2010Prop46
 90
       50
102
RTVSPost2010PropOp46
 70
     1
102
RTVSPost2010Prop47
 90
       50
102
RTVSPost2010PropOp47
 70
     1
102
RTVSPost2010Prop48
 90
       50
102
RTVSPost2010PropOp48
 70
     1
102
RTVSPost2010Prop49
280
     0
102
RTVSPost2010PropOp49
 70
     1
102
RTVSPost2010Prop50
 90
       50
102
RTVSPost2010PropOp50
 70
     1
102
RTVSPost2010Prop51ColorIndex
 90
      256
102
RTVSPost2010Prop51ColorRGB
 90
-16777216
102
RTVSPost2010PropOp51
 70
     0
102
RTVSPost2010Prop52
140
1.0
102
RTVSPost2010PropOp52
 70
     0
102
RTVSPost2010Prop53
 90
        2
102
RTVSPost2010PropOp53
 70
     1
102
RTVSPost2010Prop54
  1
strokes_ogs.tif
102
RTVSPost2010PropOp54
 70
     1
102
RTVSPost2010Prop55
280
     0
102
RTVSPost2010PropOp55
 70
     1
102
RTVSPost2010Prop56
140
1.0
102
RTVSPost2010PropOp56
 70
     1
102
RTVSPost2010Prop57
140
1.0
102
RTVSPost2010PropOp57
 70
     1
  0
XRECORD
  5
122F
102
{ACAD_REACTORS
330
122E
102
}
330
122E
100
AcDbXrecord
280
     1
102
RTVSPropertyOp0
 70
     1
102
RTVSPropertyOp1
 70
     1
102
RTVSPropertyOp2
 70
     1
102
RTVSPropertyOp3
 70
     1
102
RTVSPropertyOp4
 70
     1
102
RTVSPropertyOp5
 70
     1
102
RTVSPropertyOp6
 70
     1
102
RTVSPropertyOp7
 70
     1
102
RTVSPropertyOp8
 70
     1
102
RTVSPropertyOp9
 70
     1
102
RTVSPropertyOp10
 70
     1
102
RTVSPropertyOp11
 70
     1
102
RTVSPropertyOp12
 70
     1
102
RTVSPropertyOp13
 70
     1
102
RTVSPropertyOp14
 70
     1
102
RTVSPropertyOp15
 70
     1
102
RTVSPropertyOp16
 70
     1
102
RTVSPropertyOp17
 70
     1
102
RTVSPropertyOp18
 70
     1
102
RTVSPropertyOp19
 70
     1
102
RTVSPropertyOp20
 70
     1
102
RTVSPropertyOp21
 70
     1
102
RTVSPropertyOp22
 70
     1
102
RTVSPropertyOp23
 70
     1
102
RTVSPropertyOp24
 70
     1
102
RTVSPropertyOp25
 70
     1
102
RTVSPropertyOp26
 70
     1
102
RTVSPropertyOp27
 70
     1
102
RTVSPropertyOp28
 70
     1
102
RTVSPropertyOp29
 70
     1
102
RTVSPropertyOp30
 70
     1
102
RTVSPropertyOp31
 70
     1
102
RTVSPropertyOp32
 70
     1
102
RTVSPropertyOp33
 70
     1
102
RTVSPropertyOp34
 70
     1
102
RTVSPropertyOp35
 70
     1
102
RTVSPropertyOp36
 70
     1
102
RTVSPropertyOp37
 70
     1
102
RTVSPropertyOp38
 70
     1
102
RTVSPropertyOp39
 70
     1
102
RTVSPropertyOp40
 70
     1
102
RTVSPropertyOp41
 70
     1
102
RTVSPropertyOp42
 70
     1
102
RTVSPropertyOp43
 70
     1
102
RTVSPropertyOp44
 70
     1
102
RTVSPropertyOp45
 70
     1
102
RTVSPropertyOp46
 70
     1
102
RTVSPropertyOp47
 70
     1
102
RTVSPropertyOp48
 70
     1
102
RTVSPropertyOp49
 70
     1
102
RTVSPropertyOp50
 70
     1
102
RTVSPropertyOp51
 70
     0
102
RTVSPropertyOp52
 70
     0
102
RTVSPropertyOp53
 70
     1
102
RTVSPropertyOp54
 70
     1
102
RTVSPropertyOp55
 70
     1
102
RTVSPropertyOp56
 70
     1
102
RTVSPropertyOp57
 70
     1
102
RTVSPost2010Prop28
280
     0
102
RTVSPost2010PropOp28
 70
     1
102
RTVSPost2010Prop29
280
     1
102
RTVSPost2010PropOp29
 70
     1
102
RTVSPost2010Prop30
280
     1
102
RTVSPost2010PropOp30
 70
     1
102
RTVSPost2010Prop31
280
     0
102
RTVSPost2010PropOp31
 70
     1
102
RTVSPost2010Prop32
280
     0
102
RTVSPost2010PropOp32
 70
     1
102
RTVSPost2010Prop33
280
     0
102
RTVSPost2010PropOp33
 70
     1
102
RTVSPost2010Prop34
280
     0
102
RTVSPost2010PropOp34
 70
     1
102
RTVSPost2010Prop35
280
     0
102
RTVSPost2010PropOp35
 70
     1
102
RTVSPost2010Prop36
280
     0
102
RTVSPost2010PropOp36
 70
     1
102
RTVSPost2010Prop37
 90
       50
102
RTVSPost2010PropOp37
 70
     1
102
RTVSPost2010Prop38
140
0.0
102
RTVSPost2010PropOp38
 70
     1
102
RTVSPost2010Prop39
140
1.0
102
RTVSPost2010PropOp39
 70
     1
102
RTVSPost2010Prop40
 90
        0
102
RTVSPost2010PropOp40
 70
     1
102
RTVSPost2010Prop41ColorIndex
 90
       18
102
RTVSPost2010Prop41ColorRGB
 90
        0
102
RTVSPost2010PropOp41
 70
     1
102
RTVSPost2010Prop42
 90
       50
102
RTVSPost2010PropOp42
 70
     1
102
RTVSPost2010Prop43
 90
        3
102
RTVSPost2010PropOp43
 70
     1
102
RTVSPost2010Prop44ColorIndex
 90
        5
102
RTVSPost2010Prop44ColorRGB
 90
      255
102
RTVSPost2010PropOp44
 70
     1
102
RTVSPost2010Prop45
280
     0
102
RTVSPost2010PropOp45
 70
     1
102
RTVSPost2010Prop46
 90
       50
102
RTVSPost2010PropOp46
 70
     1
102
RTVSPost2010Prop47
 90
       50
102
RTVSPost2010PropOp47
 70
     1
102
RTVSPost2010Prop48
 90
       50
102
RTVSPost2010PropOp48
 70
     1
102
RTVSPost2010Prop49
280
     0
102
RTVSPost2010PropOp49
 70
     1
102
RTVSPost2010Prop50
 90
       50
102
RTVSPost2010PropOp50
 70
     1
102
RTVSPost2010Prop51ColorIndex
 90
      256
102
RTVSPost2010Prop51ColorRGB
 90
-16777216
102
RTVSPost2010PropOp51
 70
     0
102
RTVSPost2010Prop52
140
1.0
102
RTVSPost2010PropOp52
 70
     0
102
RTVSPost2010Prop53
 90
        2
102
RTVSPost2010PropOp53
 70
     1
102
RTVSPost2010Prop54
  1
strokes_ogs.tif
102
RTVSPost2010PropOp54
 70
     1
102
RTVSPost2010Prop55
280
     0
102
RTVSPost2010PropOp55
 70
     1
102
RTVSPost2010Prop56
140
1.0
102
RTVSPost2010PropOp56
 70
     1
102
RTVSPost2010Prop57
140
1.0
102
RTVSPost2010PropOp57
 70
     1
  0
XRECORD
  5
121F
102
{ACAD_REACTORS
330
121E
102
}
330
121E
100
AcDbXrecord
280
     1
102
RTVSPropertyOp0
 70
     1
102
RTVSPropertyOp1
 70
     1
102
RTVSPropertyOp2
 70
     1
102
RTVSPropertyOp3
 70
     1
102
RTVSPropertyOp4
 70
     1
102
RTVSPropertyOp5
 70
     1
102
RTVSPropertyOp6
 70
     1
102
RTVSPropertyOp7
 70
     1
102
RTVSPropertyOp8
 70
     1
102
RTVSPropertyOp9
 70
     1
102
RTVSPropertyOp10
 70
     1
102
RTVSPropertyOp11
 70
     1
102
RTVSPropertyOp12
 70
     1
102
RTVSPropertyOp13
 70
     1
102
RTVSPropertyOp14
 70
     1
102
RTVSPropertyOp15
 70
     1
102
RTVSPropertyOp16
 70
     1
102
RTVSPropertyOp17
 70
     1
102
RTVSPropertyOp18
 70
     1
102
RTVSPropertyOp19
 70
     1
102
RTVSPropertyOp20
 70
     1
102
RTVSPropertyOp21
 70
     1
102
RTVSPropertyOp22
 70
     1
102
RTVSPropertyOp23
 70
     1
102
RTVSPropertyOp24
 70
     1
102
RTVSPropertyOp25
 70
     1
102
RTVSPropertyOp26
 70
     1
102
RTVSPropertyOp27
 70
     1
102
RTVSPropertyOp28
 70
     1
102
RTVSPropertyOp29
 70
     1
102
RTVSPropertyOp30
 70
     1
102
RTVSPropertyOp31
 70
     1
102
RTVSPropertyOp32
 70
     1
102
RTVSPropertyOp33
 70
     1
102
RTVSPropertyOp34
 70
     1
102
RTVSPropertyOp35
 70
     1
102
RTVSPropertyOp36
 70
     1
102
RTVSPropertyOp37
 70
     1
102
RTVSPropertyOp38
 70
     1
102
RTVSPropertyOp39
 70
     1
102
RTVSPropertyOp40
 70
     1
102
RTVSPropertyOp41
 70
     1
102
RTVSPropertyOp42
 70
     1
102
RTVSPropertyOp43
 70
     1
102
RTVSPropertyOp44
 70
     1
102
RTVSPropertyOp45
 70
     1
102
RTVSPropertyOp46
 70
     1
102
RTVSPropertyOp47
 70
     1
102
RTVSPropertyOp48
 70
     1
102
RTVSPropertyOp49
 70
     1
102
RTVSPropertyOp50
 70
     1
102
RTVSPropertyOp51
 70
     0
102
RTVSPropertyOp52
 70
     0
102
RTVSPropertyOp53
 70
     1
102
RTVSPropertyOp54
 70
     1
102
RTVSPropertyOp55
 70
     1
102
RTVSPropertyOp56
 70
     1
102
RTVSPropertyOp57
 70
     1
102
RTVSPost2010Prop28
280
     0
102
RTVSPost2010PropOp28
 70
     1
102
RTVSPost2010Prop29
280
     1
102
RTVSPost2010PropOp29
 70
     1
102
RTVSPost2010Prop30
280
     1
102
RTVSPost2010PropOp30
 70
     1
102
RTVSPost2010Prop31
280
     0
102
RTVSPost2010PropOp31
 70
     1
102
RTVSPost2010Prop32
280
     0
102
RTVSPost2010PropOp32
 70
     1
102
RTVSPost2010Prop33
280
     0
102
RTVSPost2010PropOp33
 70
     1
102
RTVSPost2010Prop34
280
     0
102
RTVSPost2010PropOp34
 70
     1
102
RTVSPost2010Prop35
280
     0
102
RTVSPost2010PropOp35
 70
     1
102
RTVSPost2010Prop36
280
     0
102
RTVSPost2010PropOp36
 70
     1
102
RTVSPost2010Prop37
 90
       50
102
RTVSPost2010PropOp37
 70
     1
102
RTVSPost2010Prop38
140
0.0
102
RTVSPost2010PropOp38
 70
     1
102
RTVSPost2010Prop39
140
1.0
102
RTVSPost2010PropOp39
 70
     1
102
RTVSPost2010Prop40
 90
        0
102
RTVSPost2010PropOp40
 70
     1
102
RTVSPost2010Prop41ColorIndex
 90
       18
102
RTVSPost2010Prop41ColorRGB
 90
        0
102
RTVSPost2010PropOp41
 70
     1
102
RTVSPost2010Prop42
 90
       50
102
RTVSPost2010PropOp42
 70
     1
102
RTVSPost2010Prop43
 90
        3
102
RTVSPost2010PropOp43
 70
     1
102
RTVSPost2010Prop44ColorIndex
 90
        5
102
RTVSPost2010Prop44ColorRGB
 90
      255
102
RTVSPost2010PropOp44
 70
     1
102
RTVSPost2010Prop45
280
     0
102
RTVSPost2010PropOp45
 70
     1
102
RTVSPost2010Prop46
 90
       50
102
RTVSPost2010PropOp46
 70
     1
102
RTVSPost2010Prop47
 90
       50
102
RTVSPost2010PropOp47
 70
     1
102
RTVSPost2010Prop48
 90
       50
102
RTVSPost2010PropOp48
 70
     1
102
RTVSPost2010Prop49
280
     0
102
RTVSPost2010PropOp49
 70
     1
102
RTVSPost2010Prop50
 90
       50
102
RTVSPost2010PropOp50
 70
     1
102
RTVSPost2010Prop51ColorIndex
 90
      256
102
RTVSPost2010Prop51ColorRGB
 90
-16777216
102
RTVSPost2010PropOp51
 70
     0
102
RTVSPost2010Prop52
140
1.0
102
RTVSPost2010PropOp52
 70
     0
102
RTVSPost2010Prop53
 90
        2
102
RTVSPost2010PropOp53
 70
     1
102
RTVSPost2010Prop54
  1
strokes_ogs.tif
102
RTVSPost2010PropOp54
 70
     1
102
RTVSPost2010Prop55
280
     0
102
RTVSPost2010PropOp55
 70
     1
102
RTVSPost2010Prop56
140
1.0
102
RTVSPost2010PropOp56
 70
     1
102
RTVSPost2010Prop57
140
1.0
102
RTVSPost2010PropOp57
 70
     1
  0
XRECORD
  5
1211
102
{ACAD_REACTORS
330
1210
102
}
330
1210
100
AcDbXrecord
280
     1
102
RTVSPropertyOp0
 70
     1
102
RTVSPropertyOp1
 70
     1
102
RTVSPropertyOp2
 70
     1
102
RTVSPropertyOp3
 70
     1
102
RTVSPropertyOp4
 70
     1
102
RTVSPropertyOp5
 70
     1
102
RTVSPropertyOp6
 70
     1
102
RTVSPropertyOp7
 70
     1
102
RTVSPropertyOp8
 70
     1
102
RTVSPropertyOp9
 70
     1
102
RTVSPropertyOp10
 70
     1
102
RTVSPropertyOp11
 70
     1
102
RTVSPropertyOp12
 70
     1
102
RTVSPropertyOp13
 70
     1
102
RTVSPropertyOp14
 70
     1
102
RTVSPropertyOp15
 70
     1
102
RTVSPropertyOp16
 70
     1
102
RTVSPropertyOp17
 70
     1
102
RTVSPropertyOp18
 70
     1
102
RTVSPropertyOp19
 70
     1
102
RTVSPropertyOp20
 70
     1
102
RTVSPropertyOp21
 70
     1
102
RTVSPropertyOp22
 70
     1
102
RTVSPropertyOp23
 70
     1
102
RTVSPropertyOp24
 70
     1
102
RTVSPropertyOp25
 70
     1
102
RTVSPropertyOp26
 70
     1
102
RTVSPropertyOp27
 70
     1
102
RTVSPropertyOp28
 70
     1
102
RTVSPropertyOp29
 70
     1
102
RTVSPropertyOp30
 70
     1
102
RTVSPropertyOp31
 70
     1
102
RTVSPropertyOp32
 70
     1
102
RTVSPropertyOp33
 70
     1
102
RTVSPropertyOp34
 70
     1
102
RTVSPropertyOp35
 70
     1
102
RTVSPropertyOp36
 70
     1
102
RTVSPropertyOp37
 70
     1
102
RTVSPropertyOp38
 70
     1
102
RTVSPropertyOp39
 70
     1
102
RTVSPropertyOp40
 70
     1
102
RTVSPropertyOp41
 70
     1
102
RTVSPropertyOp42
 70
     1
102
RTVSPropertyOp43
 70
     1
102
RTVSPropertyOp44
 70
     1
102
RTVSPropertyOp45
 70
     1
102
RTVSPropertyOp46
 70
     1
102
RTVSPropertyOp47
 70
     1
102
RTVSPropertyOp48
 70
     1
102
RTVSPropertyOp49
 70
     1
102
RTVSPropertyOp50
 70
     1
102
RTVSPropertyOp51
 70
     0
102
RTVSPropertyOp52
 70
     0
102
RTVSPropertyOp53
 70
     1
102
RTVSPropertyOp54
 70
     1
102
RTVSPropertyOp55
 70
     1
102
RTVSPropertyOp56
 70
     1
102
RTVSPropertyOp57
 70
     1
102
RTVSPost2010Prop28
280
     0
102
RTVSPost2010PropOp28
 70
     1
102
RTVSPost2010Prop29
280
     1
102
RTVSPost2010PropOp29
 70
     1
102
RTVSPost2010Prop30
280
     1
102
RTVSPost2010PropOp30
 70
     1
102
RTVSPost2010Prop31
280
     0
102
RTVSPost2010PropOp31
 70
     1
102
RTVSPost2010Prop32
280
     0
102
RTVSPost2010PropOp32
 70
     1
102
RTVSPost2010Prop33
280
     0
102
RTVSPost2010PropOp33
 70
     1
102
RTVSPost2010Prop34
280
     0
102
RTVSPost2010PropOp34
 70
     1
102
RTVSPost2010Prop35
280
     0
102
RTVSPost2010PropOp35
 70
     1
102
RTVSPost2010Prop36
280
     0
102
RTVSPost2010PropOp36
 70
     1
102
RTVSPost2010Prop37
 90
       50
102
RTVSPost2010PropOp37
 70
     1
102
RTVSPost2010Prop38
140
0.0
102
RTVSPost2010PropOp38
 70
     1
102
RTVSPost2010Prop39
140
1.0
102
RTVSPost2010PropOp39
 70
     1
102
RTVSPost2010Prop40
 90
        0
102
RTVSPost2010PropOp40
 70
     1
102
RTVSPost2010Prop41ColorIndex
 90
       18
102
RTVSPost2010Prop41ColorRGB
 90
        0
102
RTVSPost2010PropOp41
 70
     1
102
RTVSPost2010Prop42
 90
       50
102
RTVSPost2010PropOp42
 70
     1
102
RTVSPost2010Prop43
 90
        3
102
RTVSPost2010PropOp43
 70
     1
102
RTVSPost2010Prop44ColorIndex
 90
        5
102
RTVSPost2010Prop44ColorRGB
 90
      255
102
RTVSPost2010PropOp44
 70
     1
102
RTVSPost2010Prop45
280
     0
102
RTVSPost2010PropOp45
 70
     1
102
RTVSPost2010Prop46
 90
       50
102
RTVSPost2010PropOp46
 70
     1
102
RTVSPost2010Prop47
 90
       50
102
RTVSPost2010PropOp47
 70
     1
102
RTVSPost2010Prop48
 90
       50
102
RTVSPost2010PropOp48
 70
     1
102
RTVSPost2010Prop49
280
     0
102
RTVSPost2010PropOp49
 70
     1
102
RTVSPost2010Prop50
 90
       50
102
RTVSPost2010PropOp50
 70
     1
102
RTVSPost2010Prop51ColorIndex
 90
      256
102
RTVSPost2010Prop51ColorRGB
 90
-16777216
102
RTVSPost2010PropOp51
 70
     0
102
RTVSPost2010Prop52
140
1.0
102
RTVSPost2010PropOp52
 70
     0
102
RTVSPost2010Prop53
 90
        2
102
RTVSPost2010PropOp53
 70
     1
102
RTVSPost2010Prop54
  1
strokes_ogs.tif
102
RTVSPost2010PropOp54
 70
     1
102
RTVSPost2010Prop55
280
     0
102
RTVSPost2010PropOp55
 70
     1
102
RTVSPost2010Prop56
140
1.0
102
RTVSPost2010PropOp56
 70
     1
102
RTVSPost2010Prop57
140
1.0
102
RTVSPost2010PropOp57
 70
     1
  0
XRECORD
  5
1231
102
{ACAD_REACTORS
330
1230
102
}
330
1230
100
AcDbXrecord
280
     1
102
RTVSPropertyOp0
 70
     1
102
RTVSPropertyOp1
 70
     1
102
RTVSPropertyOp2
 70
     1
102
RTVSPropertyOp3
 70
     1
102
RTVSPropertyOp4
 70
     1
102
RTVSPropertyOp5
 70
     1
102
RTVSPropertyOp6
 70
     1
102
RTVSPropertyOp7
 70
     1
102
RTVSPropertyOp8
 70
     1
102
RTVSPropertyOp9
 70
     1
102
RTVSPropertyOp10
 70
     1
102
RTVSPropertyOp11
 70
     1
102
RTVSPropertyOp12
 70
     1
102
RTVSPropertyOp13
 70
     1
102
RTVSPropertyOp14
 70
     1
102
RTVSPropertyOp15
 70
     1
102
RTVSPropertyOp16
 70
     1
102
RTVSPropertyOp17
 70
     1
102
RTVSPropertyOp18
 70
     1
102
RTVSPropertyOp19
 70
     1
102
RTVSPropertyOp20
 70
     1
102
RTVSPropertyOp21
 70
     1
102
RTVSPropertyOp22
 70
     1
102
RTVSPropertyOp23
 70
     1
102
RTVSPropertyOp24
 70
     1
102
RTVSPropertyOp25
 70
     1
102
RTVSPropertyOp26
 70
     1
102
RTVSPropertyOp27
 70
     1
102
RTVSPropertyOp28
 70
     1
102
RTVSPropertyOp29
 70
     1
102
RTVSPropertyOp30
 70
     1
102
RTVSPropertyOp31
 70
     1
102
RTVSPropertyOp32
 70
     1
102
RTVSPropertyOp33
 70
     1
102
RTVSPropertyOp34
 70
     1
102
RTVSPropertyOp35
 70
     1
102
RTVSPropertyOp36
 70
     1
102
RTVSPropertyOp37
 70
     1
102
RTVSPropertyOp38
 70
     1
102
RTVSPropertyOp39
 70
     1
102
RTVSPropertyOp40
 70
     1
102
RTVSPropertyOp41
 70
     1
102
RTVSPropertyOp42
 70
     1
102
RTVSPropertyOp43
 70
     1
102
RTVSPropertyOp44
 70
     1
102
RTVSPropertyOp45
 70
     1
102
RTVSPropertyOp46
 70
     1
102
RTVSPropertyOp47
 70
     1
102
RTVSPropertyOp48
 70
     1
102
RTVSPropertyOp49
 70
     1
102
RTVSPropertyOp50
 70
     1
102
RTVSPropertyOp51
 70
     0
102
RTVSPropertyOp52
 70
     0
102
RTVSPropertyOp53
 70
     1
102
RTVSPropertyOp54
 70
     1
102
RTVSPropertyOp55
 70
     1
102
RTVSPropertyOp56
 70
     1
102
RTVSPropertyOp57
 70
     1
102
RTVSPost2010Prop28
280
     0
102
RTVSPost2010PropOp28
 70
     1
102
RTVSPost2010Prop29
280
     1
102
RTVSPost2010PropOp29
 70
     1
102
RTVSPost2010Prop30
280
     1
102
RTVSPost2010PropOp30
 70
     1
102
RTVSPost2010Prop31
280
     0
102
RTVSPost2010PropOp31
 70
     1
102
RTVSPost2010Prop32
280
     0
102
RTVSPost2010PropOp32
 70
     1
102
RTVSPost2010Prop33
280
     0
102
RTVSPost2010PropOp33
 70
     1
102
RTVSPost2010Prop34
280
     0
102
RTVSPost2010PropOp34
 70
     1
102
RTVSPost2010Prop35
280
     0
102
RTVSPost2010PropOp35
 70
     1
102
RTVSPost2010Prop36
280
     0
102
RTVSPost2010PropOp36
 70
     1
102
RTVSPost2010Prop37
 90
       50
102
RTVSPost2010PropOp37
 70
     1
102
RTVSPost2010Prop38
140
0.0
102
RTVSPost2010PropOp38
 70
     1
102
RTVSPost2010Prop39
140
1.0
102
RTVSPost2010PropOp39
 70
     1
102
RTVSPost2010Prop40
 90
        0
102
RTVSPost2010PropOp40
 70
     1
102
RTVSPost2010Prop41ColorIndex
 90
       18
102
RTVSPost2010Prop41ColorRGB
 90
        0
102
RTVSPost2010PropOp41
 70
     1
102
RTVSPost2010Prop42
 90
       50
102
RTVSPost2010PropOp42
 70
     1
102
RTVSPost2010Prop43
 90
        3
102
RTVSPost2010PropOp43
 70
     1
102
RTVSPost2010Prop44ColorIndex
 90
        5
102
RTVSPost2010Prop44ColorRGB
 90
      255
102
RTVSPost2010PropOp44
 70
     1
102
RTVSPost2010Prop45
280
     0
102
RTVSPost2010PropOp45
 70
     1
102
RTVSPost2010Prop46
 90
       50
102
RTVSPost2010PropOp46
 70
     1
102
RTVSPost2010Prop47
 90
       50
102
RTVSPost2010PropOp47
 70
     1
102
RTVSPost2010Prop48
 90
       50
102
RTVSPost2010PropOp48
 70
     1
102
RTVSPost2010Prop49
280
     0
102
RTVSPost2010PropOp49
 70
     1
102
RTVSPost2010Prop50
 90
       50
102
RTVSPost2010PropOp50
 70
     1
102
RTVSPost2010Prop51ColorIndex
 90
      256
102
RTVSPost2010Prop51ColorRGB
 90
-16777216
102
RTVSPost2010PropOp51
 70
     0
102
RTVSPost2010Prop52
140
1.0
102
RTVSPost2010PropOp52
 70
     0
102
RTVSPost2010Prop53
 90
        2
102
RTVSPost2010PropOp53
 70
     1
102
RTVSPost2010Prop54
  1
strokes_ogs.tif
102
RTVSPost2010PropOp54
 70
     1
102
RTVSPost2010Prop55
280
     0
102
RTVSPost2010PropOp55
 70
     1
102
RTVSPost2010Prop56
140
1.0
102
RTVSPost2010PropOp56
 70
     1
102
RTVSPost2010Prop57
140
1.0
102
RTVSPost2010PropOp57
 70
     1
  0
ENDSEC
  0
EOF
